Name	Gene(s)	Protein change	Condition(s)	Accession	GRCh37Chromosome	GRCh37Location	GRCh38Chromosome	GRCh38Location	VariationID	AlleleID(s)	dbSNP ID	Canonical SPDI	Variant type	Molecular consequence	Germline classification	Germline date last evaluated	Germline review status	Somatic clinical impact	Somatic clinical impact date last evaluated	Somatic clinical impact review status	Oncogenicity classification	Oncogenicity date last evaluated	Oncogenicity review status
NM_000038.5(APC):c.-30712G>A	APC		not specified	VCV000506406	5	112042929	5	112707232	506406	500883	rs73216228	NC_000005.10:112707231:G:A	single nucleotide variant		Benign	Oct 2, 2017	criteria provided, single submitter							
NM_001354897.2(APC):c.-416A>G	APC		not specified	VCV000506394	5	112042999	5	112707302	506394	500580	rs116505416	NC_000005.10:112707301:A:G	single nucleotide variant		Benign/Likely benign	Mar 4, 2025	criteria provided, multiple submitters, no conflicts							
NC_000005.10:g.112707312C>T	APC		not specified|Familial adenomatous polyposis 1	VCV000469903	5	112043009	5	112707312	469903	454470	rs185951958	NC_000005.10:112707311:C:T	single nucleotide variant		Benign/Likely benign	Jan 28, 2026	criteria provided, multiple submitters, no conflicts							
NC_000005.10:g.112707375A>G	APC		not specified|Familial adenomatous polyposis 1	VCV000386417	5	112043072	5	112707375	386417	367720	rs13180781	NC_000005.10:112707374:A:G	single nucleotide variant		Benign/Likely benign	Feb 4, 2026	criteria provided, multiple submitters, no conflicts							
NC_000005.10:g.112707376T>C	APC		not specified|Familial adenomatous polyposis 1	VCV000469890	5	112043073	5	112707376	469890	453678	rs1218378018	NC_000005.10:112707375:T:C	single nucleotide variant		Benign/Likely benign	Jan 19, 2026	criteria provided, multiple submitters, no conflicts							
NC_000005.10:g.112707389A>C	APC		Familial adenomatous polyposis 1	VCV000469885	5	112043086	5	112707389	469885	453691	rs1257642100	NC_000005.10:112707388:A:C	single nucleotide variant		Benign	Nov 22, 2025	criteria provided, single submitter							
NC_000005.10:g.112707473A>C	APC		not specified|not provided|Familial adenomatous polyposis 1	VCV000379248	5	112043170	5	112707473	379248	367723	rs75580617	NC_000005.10:112707472:A:C	single nucleotide variant		Benign/Likely benign	Feb 4, 2026	criteria provided, multiple submitters, no conflicts							
NC_000005.10:g.112707477A>G	APC		not specified|not provided|Familial adenomatous polyposis 1	VCV000469868	5	112043174	5	112707477	469868	454513	rs190326008	NC_000005.10:112707476:A:G	single nucleotide variant		Benign/Likely benign	Feb 4, 2026	criteria provided, multiple submitters, no conflicts							
NC_000005.10:g.112707477A>C	APC		Familial adenomatous polyposis 1	VCV000469867	5	112043174	5	112707477	469867	454111	rs190326008	NC_000005.10:112707476:A:C	single nucleotide variant		Benign	Oct 9, 2024	criteria provided, single submitter							
NC_000005.10:g.112707478G>C	APC|LOC129994371		not specified|Familial adenomatous polyposis 1	VCV000469866	5	112043175	5	112707478	469866	453959	rs59923692	NC_000005.10:112707477:G:C	single nucleotide variant		Benign	Feb 4, 2026	criteria provided, multiple submitters, no conflicts							
NM_001127511.3(APC):c.-191T>C	APC|LOC129994371		Classic or attenuated familial adenomatous polyposis|Gastric adenocarcinoma and proximal polyposis of the stomach|Hereditary cancer-predisposing syndrome|not provided|Familial adenomatous polyposis 1	VCV000243005	5	112043224	5	112707527	243005	244085	rs879253783	NC_000005.10:112707526:T:C	single nucleotide variant	5 prime UTR variant|non-coding transcript variant|genic upstream transcript variant	Pathogenic/Likely pathogenic	Nov 25, 2025	criteria provided, multiple submitters, no conflicts							
NM_001127511.3(APC):c.-190G>A	APC|LOC129994371		Classic or attenuated familial adenomatous polyposis|Hereditary cancer-predisposing syndrome|Familial adenomatous polyposis 1|Periampullary adenoma	VCV000243008	5	112043225	5	112707528	243008	244088	rs879253785	NC_000005.10:112707527:G:A	single nucleotide variant	5 prime UTR variant|non-coding transcript variant	Pathogenic/Likely pathogenic	Jun 11, 2025	criteria provided, multiple submitters, no conflicts							
NM_001127511.3(APC):c.-181C>T	APC|LOC129994371		not provided|not specified|Familial adenomatous polyposis 1	VCV000469853	5	112043234	5	112707537	469853	453963	rs115658307	NC_000005.10:112707536:C:T	single nucleotide variant	5 prime UTR variant|non-coding transcript variant	Benign/Likely benign	Feb 3, 2026	criteria provided, multiple submitters, no conflicts							
NM_001127511.3(APC):c.-152C>T	APC		Classic or attenuated familial adenomatous polyposis|APC-related disorder|not provided|not specified|Familial adenomatous polyposis 1	VCV000469844	5	112043263	5	112707566	469844	453971	rs138386816	NC_000005.10:112707565:C:T	single nucleotide variant	5 prime UTR variant|non-coding transcript variant|genic upstream transcript variant	Benign/Likely benign	Jun 1, 2026	criteria provided, multiple submitters, no conflicts							
NM_001127511.3(APC):c.-133C>G	APC		not specified|Familial adenomatous polyposis 1	VCV000379246	5	112043282	5	112707585	379246	367727	rs79896135	NC_000005.10:112707584:C:G	single nucleotide variant	5 prime UTR variant|non-coding transcript variant	Benign	Feb 4, 2026	criteria provided, multiple submitters, no conflicts							
NM_001127511.3(APC):c.-132G>T	APC		not specified|Familial adenomatous polyposis 1	VCV000469835	5	112043283	5	112707586	469835	453978	rs182500056	NC_000005.10:112707585:G:T	single nucleotide variant	5 prime UTR variant|non-coding transcript variant	Benign/Likely benign	Jan 29, 2026	criteria provided, multiple submitters, no conflicts							
NM_001127511.3(APC):c.-131G>T	APC		not specified|Familial adenomatous polyposis 1	VCV000469833	5	112043284	5	112707587	469833	454164	rs572582235	NC_000005.10:112707586:G:T	single nucleotide variant	5 prime UTR variant|non-coding transcript variant	Benign/Likely benign	Feb 3, 2026	criteria provided, multiple submitters, no conflicts							
NM_001127511.3(APC):c.-131G>A	APC		Familial adenomatous polyposis 1	VCV000469831	5	112043284	5	112707587	469831	453984	rs572582235	NC_000005.10:112707586:G:A	single nucleotide variant	5 prime UTR variant|non-coding transcript variant	Benign	Jan 16, 2026	criteria provided, single submitter							
NM_001127511.3(APC):c.-124C>G	APC		Familial adenomatous polyposis 1	VCV000469825	5	112043291	5	112707594	469825	454000	rs964366695	NC_000005.10:112707593:C:G	single nucleotide variant	5 prime UTR variant|non-coding transcript variant	Benign	Dec 14, 2025	criteria provided, single submitter							
NM_001127511.3(APC):c.-109C>G	APC		not specified|not provided|Familial adenomatous polyposis 1	VCV000469820	5	112043306	5	112707609	469820	454001	rs761634030	NC_000005.10:112707608:C:G	single nucleotide variant	5 prime UTR variant|non-coding transcript variant	Benign/Likely benign	Apr 1, 2026	criteria provided, multiple submitters, no conflicts							
NM_001127511.3(APC):c.-94C>T	APC		Familial adenomatous polyposis 1	VCV001057819	5	112043321	5	112707624	1057819	1043055	rs1219858068	NC_000005.10:112707623:C:T	single nucleotide variant	5 prime UTR variant|non-coding transcript variant	Benign	Feb 27, 2025	criteria provided, single submitter							
NM_001127511.3(APC):c.-31T>G	APC		APC-related disorder|not specified|not provided|Familial adenomatous polyposis 1	VCV000439405	5	112043384	5	112707687	439405	433002	rs78429131	NC_000005.10:112707686:T:G	single nucleotide variant	5 prime UTR variant|non-coding transcript variant|intron variant	Benign/Likely benign	Feb 4, 2026	criteria provided, multiple submitters, no conflicts							
NM_001127511.3(APC):c.78C>A (p.Ser26Arg)	APC	S26R	Hereditary cancer-predisposing syndrome|not specified|not provided|Familial multiple polyposis syndrome|Familial adenomatous polyposis 1	VCV000133505	5	112043492	5	112707795	133505	137244	rs113782655	NC_000005.10:112707794:C:A	single nucleotide variant	missense variant|5 prime UTR variant|non-coding transcript variant|intron variant	Benign	Mar 4, 2026	criteria provided, multiple submitters, no conflicts							
NM_001127511.3(APC):c.119G>C (p.Ser40Thr)	APC	S40T	not specified|not provided|Familial adenomatous polyposis 1	VCV000133506	5	112043533	5	112707836	133506	137245	rs587778028	NC_000005.10:112707835:G:C	single nucleotide variant	missense variant|5 prime UTR variant|non-coding transcript variant|intron variant	Benign/Likely benign	Mar 6, 2026	criteria provided, multiple submitters, no conflicts							
NM_001127511.3(APC):c.125G>A (p.Gly42Asp)	APC	G42D	not specified|Familial adenomatous polyposis 1	VCV000371861	5	112043539	5	112707842	371861	358756	rs1057517570	NC_000005.10:112707841:G:A	single nucleotide variant	missense variant|5 prime UTR variant|non-coding transcript variant|intron variant	Benign	Feb 4, 2026	criteria provided, multiple submitters, no conflicts							
NM_001127511.3(APC):c.130G>A (p.Ala44Thr)	APC	A44T	not specified|Familial adenomatous polyposis 1|Hereditary cancer-predisposing syndrome	VCV000371859	5	112043544	5	112707847	371859	358757	rs367773779	NC_000005.10:112707846:G:A	single nucleotide variant	missense variant|5 prime UTR variant|non-coding transcript variant|intron variant	Benign/Likely benign	Jan 31, 2026	criteria provided, multiple submitters, no conflicts							
NM_001127511.3(APC):c.165+16G>C	APC		Familial adenomatous polyposis 1	VCV000537667	5	112043595	5	112707898	537667	520242	rs1223298182	NC_000005.10:112707897:G:C	single nucleotide variant	intron variant	Benign	Dec 23, 2025	criteria provided, single submitter							
NM_001127511.3(APC):c.165+28891G>C	APC		not provided	VCV001282257	5	112072470	5	112736773	1282257	1272111	rs6867376	NC_000005.10:112736772:G:C	single nucleotide variant	intron variant	Benign	Feb 28, 2019	criteria provided, single submitter							
NM_001127511.3(APC):c.165+29214A>G	APC		not specified	VCV000386418	5	112072793	5	112737096	386418	368066	rs2464810	NC_000005.10:112737095:A:G	single nucleotide variant	intron variant	Benign/Likely benign	Nov 26, 2024	criteria provided, multiple submitters, no conflicts							
NM_001127511.3(APC):c.166-29134C>T	APC		APC-related disorder|not specified	VCV000386419	5	112072889	5	112737192	386419	367730	rs2439593	NC_000005.10:112737191:C:T	single nucleotide variant	intron variant	Benign/Likely benign	Mar 29, 2026	criteria provided, multiple submitters, no conflicts							
NM_001127511.3(APC):c.166-29015A>T	APC		Hereditary cancer-predisposing syndrome|not specified|Familial adenomatous polyposis 1	VCV000516825	5	112073008	5	112737311	516825	501075	rs75581138	NC_000005.10:112737310:A:T	single nucleotide variant	intron variant	Benign/Likely benign	Jan 19, 2026	criteria provided, multiple submitters, no conflicts							
NM_001127511.3(APC):c.166-28922G>A	APC		not specified	VCV000506405	5	112073101	5	112737404	506405	500586	rs116483942	NC_000005.10:112737403:G:A	single nucleotide variant	intron variant	Benign	Oct 9, 2017	criteria provided, single submitter							
NM_001127511.3(APC):c.166-28546T>C	APC		not specified|Familial adenomatous polyposis 1	VCV000223431	5	112073477	5	112737780	223431	225159	rs113017087	NC_000005.10:112737779:T:C	single nucleotide variant	intron variant	Benign/Likely benign	Nov 17, 2025	criteria provided, multiple submitters, no conflicts							
NM_001127511.3(APC):c.166-28452G>C	APC		not specified|Hereditary cancer-predisposing syndrome	VCV000350408	5	112073571	5	112737874	350408	300409	rs115242894	NC_000005.10:112737873:G:C	single nucleotide variant	intron variant	Benign/Likely benign	Nov 25, 2024	criteria provided, multiple submitters, no conflicts							
NM_000038.6(APC):c.-19+512G>A	APC	D13N	not provided|not specified	VCV000136412	5	112074134	5	112738437	136412	140115	rs550306841	NC_000005.10:112738436:G:A	single nucleotide variant	5 prime UTR variant|missense variant|intron variant	Benign/Likely benign	Nov 22, 2023	criteria provided, multiple submitters, no conflicts							
NM_000038.6(APC):c.-19+647A>G	APC		not provided	VCV000082742	5	112074269	5	112738572	82742	93633	rs2019720	NC_000005.10:112738571:A:G	single nucleotide variant	intron variant	Benign	Aug 16, 2022	criteria provided, single submitter							
NM_000038.6(APC):c.-19+734C>T	APC		not provided	VCV000082744	5	112074356	5	112738659	82744	93635	rs2020383	NC_000005.10:112738658:C:T	single nucleotide variant	intron variant	Benign	Sep 13, 2022	criteria provided, single submitter							
NM_000038.6(APC):c.-18-13T>G	APC		not provided	VCV000439406	5	112090557	5	112754860	439406	433003	rs1554067089	NC_000005.10:112754859:T:G	single nucleotide variant	intron variant	Benign	Apr 15, 2020	criteria provided, single submitter							
NM_000038.6(APC):c.-16C>T	APC		Hereditary cancer-predisposing syndrome|not specified	VCV000377488	5	112090572	5	112754875	377488	368079	rs371665872	NC_000005.10:112754874:C:T	single nucleotide variant	5 prime UTR variant|intron variant	Benign/Likely benign	Dec 9, 2021	criteria provided, multiple submitters, no conflicts							
NM_000038.6(APC):c.9A>G (p.Ala3=)	APC		Familial adenomatous polyposis 1	VCV003148812	5	112090596	5	112754899	3148812	3308060	rs1554067101	NC_000005.10:112754898:A:G	single nucleotide variant	synonymous variant|5 prime UTR variant|non-coding transcript variant|intron variant	Benign/Likely benign	Aug 27, 2024	criteria provided, multiple submitters, no conflicts							
NM_000038.6(APC):c.15A>C (p.Ser5=)	APC		Hereditary cancer-predisposing syndrome|Familial adenomatous polyposis 1	VCV001126688	5	112090602	5	112754905	1126688	1115149	rs1554067106	NC_000005.10:112754904:A:C	single nucleotide variant	synonymous variant|5 prime UTR variant|intron variant	Benign/Likely benign	May 25, 2025	criteria provided, multiple submitters, no conflicts							
NM_000038.6(APC):c.18T>G (p.Tyr6Ter)	APC	Y6*	Familial adenomatous polyposis 1	VCV002584327	5	112090605	5	112754908	2584327	2751893	rs786202301	NC_000005.10:112754907:T:G	single nucleotide variant	nonsense|5 prime UTR variant|non-coding transcript variant|intron variant	Pathogenic	Mar 2, 2024	criteria provided, multiple submitters, no conflicts							
NM_000038.6(APC):c.18T>C (p.Tyr6=)	APC		Hereditary cancer-predisposing syndrome|Familial adenomatous polyposis 1	VCV000185596	5	112090605	5	112754908	185596	182311	rs786202301	NC_000005.10:112754907:T:C	single nucleotide variant	synonymous variant|5 prime UTR variant|intron variant	Benign/Likely benign	Dec 17, 2024	criteria provided, multiple submitters, no conflicts							
NM_000038.6(APC):c.31A>T (p.Lys11Ter)	APC	K11*	Familial adenomatous polyposis 1	VCV002102986	5	112090618	5	112754921	2102986	2162046	rs2149737581	NC_000005.10:112754920:A:T	single nucleotide variant	nonsense|5 prime UTR variant|intron variant	Pathogenic	Feb 24, 2022	criteria provided, single submitter							
NM_000038.6(APC):c.33G>A (p.Lys11=)	APC		Hereditary cancer-predisposing syndrome|Familial adenomatous polyposis 1	VCV003148043	5	112090620	5	112754923	3148043	3307291	rs2149737598	NC_000005.10:112754922:G:A	single nucleotide variant	synonymous variant|5 prime UTR variant|non-coding transcript variant|intron variant	Benign/Likely benign	Feb 23, 2024	criteria provided, multiple submitters, no conflicts							
NM_000038.6(APC):c.34C>T (p.Gln12Ter)	APC	Q12*	Familial adenomatous polyposis 1	VCV002830638	5	112090621	5	112754924	2830638	2994283	rs2149737617	NC_000005.10:112754923:C:T	single nucleotide variant	nonsense|5 prime UTR variant|non-coding transcript variant|intron variant	Pathogenic	Jan 20, 2023	criteria provided, single submitter							
NM_000038.6(APC):c.36A>G (p.Gln12=)	APC		Classic or attenuated familial adenomatous polyposis|Hereditary cancer-predisposing syndrome|not specified|Familial adenomatous polyposis 1	VCV000219870	5	112090623	5	112754926	219870	221481	rs864622288	NC_000005.10:112754925:A:G	single nucleotide variant	synonymous variant|5 prime UTR variant|intron variant	Benign/Likely benign	Feb 3, 2026	criteria provided, multiple submitters, no conflicts							
NM_000038.6(APC):c.45A>C (p.Ala15=)	APC		Hereditary cancer-predisposing syndrome|Familial adenomatous polyposis 1	VCV001088406	5	112090632	5	112754935	1088406	1072008	rs2149737755	NC_000005.10:112754934:A:C	single nucleotide variant	synonymous variant|5 prime UTR variant|intron variant	Benign/Likely benign	Nov 9, 2025	criteria provided, multiple submitters, no conflicts							
NM_000038.6(APC):c.46C>T (p.Leu16=)	APC		Hereditary cancer-predisposing syndrome|not specified|Familial adenomatous polyposis 1	VCV000379467	5	112090633	5	112754936	379467	368081	rs1057520603	NC_000005.10:112754935:C:T	single nucleotide variant	synonymous variant|5 prime UTR variant|intron variant	Benign/Likely benign	Oct 4, 2025	criteria provided, multiple submitters, no conflicts							
NM_000038.6(APC):c.48G>A (p.Leu16=)	APC		Familial adenomatous polyposis 1	VCV001158538	5	112090635	5	112754938	1158538	1136086	rs2149737793	NC_000005.10:112754937:G:A	single nucleotide variant	synonymous variant|5 prime UTR variant|intron variant	Benign/Likely benign	Feb 22, 2024	criteria provided, multiple submitters, no conflicts							
NM_000038.6(APC):c.55G>T (p.Glu19Ter)	APC	E19*	Familial adenomatous polyposis 1	VCV000970282	5	112090642	5	112754945	970282	953879	rs1754786861	NC_000005.10:112754944:G:T	single nucleotide variant	nonsense|5 prime UTR variant|intron variant	Pathogenic	Nov 1, 2019	criteria provided, single submitter							
NM_000038.6(APC):c.57G>A (p.Glu19=)	APC		Hereditary cancer-predisposing syndrome|Familial adenomatous polyposis 1	VCV001749761	5	112090644	5	112754947	1749761	1810680	rs1754787495	NC_000005.10:112754946:G:A	single nucleotide variant	synonymous variant|5 prime UTR variant|non-coding transcript variant|intron variant	Benign/Likely benign	Feb 25, 2024	criteria provided, multiple submitters, no conflicts							
NM_000038.6(APC):c.62C>A (p.Ser21Ter)	APC	S21*	Familial adenomatous polyposis 1	VCV002584117	5	112090649	5	112754952	2584117	2751685	rs1361289668	NC_000005.10:112754951:C:A	single nucleotide variant	nonsense|5 prime UTR variant|non-coding transcript variant|intron variant	Pathogenic	Apr 24, 2023	criteria provided, single submitter							
NM_000038.6(APC):c.62C>G (p.Ser21Ter)	APC	S21*	Familial adenomatous polyposis 1	VCV001377151	5	112090649	5	112754952	1377151	1394766	rs1361289668	NC_000005.10:112754951:C:G	single nucleotide variant	nonsense|5 prime UTR variant|intron variant	Pathogenic	Mar 3, 2025	criteria provided, single submitter							
NM_000038.6(APC):c.63A>G (p.Ser21=)	APC		Familial adenomatous polyposis 1	VCV003148819	5	112090650	5	112754953	3148819	3308067	rs2149737991	NC_000005.10:112754952:A:G	single nucleotide variant	synonymous variant|5 prime UTR variant|non-coding transcript variant|intron variant	Benign	Feb 22, 2024	criteria provided, single submitter							
NM_000038.6(APC):c.75A>G (p.Gln25=)	APC		Familial adenomatous polyposis 1|Hereditary cancer-predisposing syndrome|not specified	VCV000231784	5	112090662	5	112754965	231784	232982	rs876659361	NC_000005.10:112754964:A:G	single nucleotide variant	synonymous variant|5 prime UTR variant|intron variant	Benign/Likely benign	Jan 27, 2026	criteria provided, multiple submitters, no conflicts							
NM_000038.6(APC):c.78G>A (p.Glu26=)	APC		Hereditary cancer-predisposing syndrome|Familial adenomatous polyposis 1	VCV000629039	5	112090665	5	112754968	629039	617038	rs1561444861	NC_000005.10:112754967:G:A	single nucleotide variant	synonymous variant|5 prime UTR variant|intron variant	Benign/Likely benign	Mar 31, 2025	criteria provided, multiple submitters, no conflicts							
NM_000038.6(APC):c.79C>T (p.Leu27=)	APC		Hereditary cancer-predisposing syndrome|Familial adenomatous polyposis 1	VCV000185378	5	112090666	5	112754969	185378	182314	rs786202128	NC_000005.10:112754968:C:T	single nucleotide variant	synonymous variant|5 prime UTR variant|intron variant	Benign/Likely benign	Feb 22, 2024	criteria provided, multiple submitters, no conflicts							
NM_000038.6(APC):c.81A>G (p.Leu27=)	APC		Hereditary cancer-predisposing syndrome|Classic or attenuated familial adenomatous polyposis|Familial adenomatous polyposis 1|not provided	VCV000925276	5	112090668	5	112754971	925276	909801	rs759312196	NC_000005.10:112754970:A:G	single nucleotide variant	synonymous variant|5 prime UTR variant|intron variant	Benign/Likely benign	Sep 29, 2024	criteria provided, multiple submitters, no conflicts							
NM_000038.6(APC):c.81A>C (p.Leu27=)	APC		Hereditary cancer-predisposing syndrome|Familial adenomatous polyposis 1	VCV000925021	5	112090668	5	112754971	925021	909800	rs759312196	NC_000005.10:112754970:A:C	single nucleotide variant	synonymous variant|5 prime UTR variant|intron variant	Benign/Likely benign	May 21, 2025	criteria provided, multiple submitters, no conflicts							
NM_000038.6(APC):c.93C>T (p.Ser31=)	APC		Familial adenomatous polyposis 1	VCV003148830	5	112090680	5	112754983	3148830	3308078	rs2149738329	NC_000005.10:112754982:C:T	single nucleotide variant	synonymous variant|5 prime UTR variant|non-coding transcript variant|intron variant	Benign	Feb 22, 2024	criteria provided, single submitter							
NM_000038.6(APC):c.102T>C (p.Leu34=)	APC		Classic or attenuated familial adenomatous polyposis|Familial adenomatous polyposis 1|Hereditary cancer-predisposing syndrome	VCV000763232	5	112090689	5	112754992	763232	764678	rs1581122045	NC_000005.10:112754991:T:C	single nucleotide variant	synonymous variant|5 prime UTR variant|intron variant	Benign/Likely benign	Dec 21, 2025	criteria provided, multiple submitters, no conflicts							
NM_000038.6(APC):c.105A>C (p.Thr35=)	APC		Hereditary cancer-predisposing syndrome|Familial adenomatous polyposis 1	VCV000794091	5	112090692	5	112754995	794091	782069	rs1581122087	NC_000005.10:112754994:A:C	single nucleotide variant	synonymous variant|5 prime UTR variant|intron variant	Benign/Likely benign	Jun 30, 2025	criteria provided, multiple submitters, no conflicts							
NM_000038.6(APC):c.117T>G (p.Thr39=)	APC		Familial adenomatous polyposis 1	VCV003148179	5	112090704	5	112755007	3148179	3307427	rs751827696	NC_000005.10:112755006:T:G	single nucleotide variant	synonymous variant|5 prime UTR variant|non-coding transcript variant|intron variant	Benign	Feb 22, 2024	criteria provided, single submitter							
NM_000038.6(APC):c.117T>C (p.Thr39=)	APC		Classic or attenuated familial adenomatous polyposis|Hereditary cancer-predisposing syndrome|not specified|Familial adenomatous polyposis 1	VCV000187036	5	112090704	5	112755007	187036	182315	rs751827696	NC_000005.10:112755006:T:C	single nucleotide variant	synonymous variant|5 prime UTR variant|intron variant	Benign/Likely benign	Feb 22, 2024	criteria provided, multiple submitters, no conflicts							
NM_000038.6(APC):c.120G>A (p.Glu40=)	APC		APC-Associated Polyposis Disorders|Hereditary cancer-predisposing syndrome|not provided|not specified|Familial adenomatous polyposis 1	VCV000135683	5	112090707	5	112755010	135683	139395	rs142720069	NC_000005.10:112755009:G:A	single nucleotide variant	synonymous variant|5 prime UTR variant|intron variant	Benign/Likely benign	Mar 1, 2026	criteria provided, multiple submitters, no conflicts							
NM_000038.6(APC):c.136-230C>A	APC		not provided	VCV000082871	5	112101793	5	112766096	82871	93762	rs2464805	NC_000005.10:112766095:C:A	single nucleotide variant	intron variant	Benign	Jun 22, 2018	criteria provided, single submitter							
NM_000038.6(APC):c.136-53T>C	APC		Familial adenomatous polyposis 1|not provided	VCV000082873	5	112101970	5	112766273	82873	93764	rs2304793	NC_000005.10:112766272:T:C	single nucleotide variant	intron variant	Benign	Jul 7, 2023	criteria provided, multiple submitters, no conflicts							
NM_000038.6(APC):c.136-2A>T	APC		Familial adenomatous polyposis 1	VCV002017446	5	112102021	5	112766324	2017446	2065087	rs886039625	NC_000005.10:112766323:A:T	single nucleotide variant	splice acceptor variant	Pathogenic	Jan 15, 2025	criteria provided, single submitter							
NM_000038.6(APC):c.136-2A>G	APC		Familial adenomatous polyposis 1|Hereditary cancer-predisposing syndrome|not provided	VCV000265561	5	112102021	5	112766324	265561	259788	rs886039625	NC_000005.10:112766323:A:G	single nucleotide variant	splice acceptor variant	Pathogenic/Likely pathogenic	Jan 15, 2025	criteria provided, multiple submitters, no conflicts							
NM_000038.6(APC):c.136-1G>A	APC		Familial adenomatous polyposis 1|Hereditary cancer-predisposing syndrome	VCV000482244	5	112102022	5	112766325	482244	473525	rs1554069481	NC_000005.10:112766324:G:A	single nucleotide variant	splice acceptor variant	Pathogenic/Likely pathogenic	Nov 17, 2025	criteria provided, multiple submitters, no conflicts							
NM_000038.6(APC):c.138A>G (p.Glu46=)	APC		Hereditary cancer-predisposing syndrome|Familial adenomatous polyposis 1|Classic or attenuated familial adenomatous polyposis	VCV000819087	5	112102025	5	112766328	819087	807790	rs1429803547	NC_000005.10:112766327:A:G	single nucleotide variant	synonymous variant|5 prime UTR variant	Benign/Likely benign	May 17, 2025	criteria provided, multiple submitters, no conflicts							
NM_000038.6(APC):c.141A>G (p.Val47=)	APC		Familial adenomatous polyposis 1|Hereditary cancer-predisposing syndrome	VCV003148740	5	112102028	5	112766331	3148740	3307988	rs2149783815	NC_000005.10:112766330:A:G	single nucleotide variant	synonymous variant|5 prime UTR variant|non-coding transcript variant	Benign/Likely benign	Mar 30, 2026	criteria provided, multiple submitters, no conflicts							
NM_000038.6(APC):c.141A>T (p.Val47=)	APC		Familial adenomatous polyposis 1	VCV003148340	5	112102028	5	112766331	3148340	3307588	rs2149783815	NC_000005.10:112766330:A:T	single nucleotide variant	5 prime UTR variant|synonymous variant|non-coding transcript variant	Benign	Feb 22, 2024	criteria provided, single submitter							
NM_000038.6(APC):c.145A>T (p.Lys49Ter)	APC	K49*, K24*, K59*	Hereditary cancer-predisposing syndrome|Familial adenomatous polyposis 1|Classic or attenuated familial adenomatous polyposis	VCV000819274	5	112102032	5	112766335	819274	807792	rs1581160030	NC_000005.10:112766334:A:T	single nucleotide variant	nonsense|5 prime UTR variant	Pathogenic	Apr 3, 2025	criteria provided, multiple submitters, no conflicts							
NM_000038.6(APC):c.148C>T (p.Gln50Ter)	APC	Q25*, Q50*, Q60*	Hereditary cancer-predisposing syndrome|Familial adenomatous polyposis 1	VCV001074221	5	112102035	5	112766338	1074221	1060103	rs1756316465	NC_000005.10:112766337:C:T	single nucleotide variant	nonsense|5 prime UTR variant	Pathogenic	Jun 4, 2025	criteria provided, multiple submitters, no conflicts							
NM_000038.6(APC):c.150A>G (p.Gln50=)	APC		Familial adenomatous polyposis 1|Hereditary cancer-predisposing syndrome	VCV001585519	5	112102037	5	112766340	1585519	1540035	rs771884136	NC_000005.10:112766339:A:G	single nucleotide variant	synonymous variant|5 prime UTR variant	Benign/Likely benign	Aug 17, 2025	criteria provided, multiple submitters, no conflicts							
NM_000038.6(APC):c.151C>T (p.Leu51=)	APC		Classic or attenuated familial adenomatous polyposis|Hereditary cancer-predisposing syndrome|Familial adenomatous polyposis 1	VCV000487056	5	112102038	5	112766341	487056	473589	rs1554069497	NC_000005.10:112766340:C:T	single nucleotide variant	synonymous variant|5 prime UTR variant	Benign/Likely benign	May 30, 2024	criteria provided, multiple submitters, no conflicts							
NM_000038.6(APC):c.153A>G (p.Leu51=)	APC		Familial adenomatous polyposis 1|Hereditary cancer-predisposing syndrome	VCV000482295	5	112102040	5	112766343	482295	473592	rs1554069500	NC_000005.10:112766342:A:G	single nucleotide variant	synonymous variant|5 prime UTR variant	Benign/Likely benign	May 12, 2025	criteria provided, multiple submitters, no conflicts							
NM_000038.6(APC):c.154C>T (p.Gln52Ter)	APC	Q52*, Q62*, Q27*	Familial adenomatous polyposis 1|Hereditary cancer-predisposing syndrome	VCV000490213	5	112102041	5	112766344	490213	483785	rs786202584	NC_000005.10:112766343:C:T	single nucleotide variant	nonsense|5 prime UTR variant	Pathogenic	Jan 30, 2025	criteria provided, multiple submitters, no conflicts							
NM_000038.6(APC):c.156A>G (p.Gln52=)	APC		Hereditary cancer-predisposing syndrome|Familial adenomatous polyposis 1	VCV001359561	5	112102043	5	112766346	1359561	1370741	rs1756319541	NC_000005.10:112766345:A:G	single nucleotide variant	synonymous variant|5 prime UTR variant	Benign/Likely benign	Feb 22, 2024	criteria provided, multiple submitters, no conflicts							
NM_000038.6(APC):c.165T>C (p.Ile55=)	APC		Hereditary cancer-predisposing syndrome|Familial adenomatous polyposis 1	VCV001777467	5	112102052	5	112766355	1777467	1827969	rs1756322448	NC_000005.10:112766354:T:C	single nucleotide variant	synonymous variant|5 prime UTR variant|non-coding transcript variant	Benign/Likely benign	Feb 22, 2024	criteria provided, multiple submitters, no conflicts							
NM_000038.6(APC):c.168A>G (p.Glu56=)	APC		not specified|Hereditary cancer-predisposing syndrome|Familial adenomatous polyposis 1	VCV000482431	5	112102055	5	112766358	482431	473603	rs1554069532	NC_000005.10:112766357:A:G	single nucleotide variant	synonymous variant|5 prime UTR variant	Benign/Likely benign	May 13, 2025	criteria provided, multiple submitters, no conflicts							
NM_000038.6(APC):c.171T>C (p.Asp57=)	APC		Classic or attenuated familial adenomatous polyposis|Hereditary cancer-predisposing syndrome|not specified|Familial adenomatous polyposis 1	VCV000220546	5	112102058	5	112766361	220546	221482	rs770894012	NC_000005.10:112766360:T:C	single nucleotide variant	synonymous variant|5 prime UTR variant	Benign/Likely benign	Dec 17, 2025	criteria provided, multiple submitters, no conflicts							
NM_000038.6(APC):c.177T>A (p.Ala59=)	APC		Familial adenomatous polyposis 1	VCV003148006	5	112102064	5	112766367	3148006	3307254	rs2532272766	NC_000005.10:112766366:T:A	single nucleotide variant	synonymous variant|5 prime UTR variant|non-coding transcript variant	Benign	Feb 22, 2024	criteria provided, single submitter							
NM_000038.6(APC):c.177T>C (p.Ala59=)	APC		Hereditary cancer-predisposing syndrome|Familial adenomatous polyposis 1	VCV002562365	5	112102064	5	112766367	2562365	2721218	rs2532272766	NC_000005.10:112766366:T:C	single nucleotide variant	synonymous variant|5 prime UTR variant|non-coding transcript variant	Benign/Likely benign	Feb 22, 2024	criteria provided, multiple submitters, no conflicts							
NM_000038.6(APC):c.183T>C (p.Ala61=)	APC		Familial adenomatous polyposis 1|Hereditary cancer-predisposing syndrome	VCV003148811	5	112102070	5	112766373	3148811	3308059	rs2149784409	NC_000005.10:112766372:T:C	single nucleotide variant	synonymous variant|5 prime UTR variant|non-coding transcript variant	Benign/Likely benign	Apr 11, 2024	criteria provided, multiple submitters, no conflicts							
NM_000038.6(APC):c.186T>C (p.Ser62=)	APC		Familial adenomatous polyposis 1	VCV003148035	5	112102073	5	112766376	3148035	3307283	rs2532273362	NC_000005.10:112766375:T:C	single nucleotide variant	synonymous variant|5 prime UTR variant|non-coding transcript variant	Benign	Feb 22, 2024	criteria provided, single submitter							
NM_000038.6(APC):c.186T>A (p.Ser62=)	APC		Hereditary cancer-predisposing syndrome|Familial adenomatous polyposis 1	VCV002567063	5	112102073	5	112766376	2567063	2732724	rs2532273362	NC_000005.10:112766375:T:A	single nucleotide variant	synonymous variant|5 prime UTR variant|non-coding transcript variant	Benign/Likely benign	Feb 22, 2024	criteria provided, multiple submitters, no conflicts							
NM_000038.6(APC):c.189T>C (p.Ser63=)	APC		Hereditary cancer-predisposing syndrome|Familial adenomatous polyposis 1	VCV002567065	5	112102076	5	112766379	2567065	2732726	rs759352811	NC_000005.10:112766378:T:C	single nucleotide variant	synonymous variant|5 prime UTR variant|non-coding transcript variant	Benign/Likely benign	Sep 4, 2024	criteria provided, multiple submitters, no conflicts							
NM_000038.6(APC):c.190G>T (p.Gly64Ter)	APC	G64*, G74*, G39*, G5*	Familial adenomatous polyposis 1	VCV000082875	5	112102077	5	112766380	82875	93766	rs79323615	NC_000005.10:112766379:G:T	single nucleotide variant	nonsense|5 prime UTR variant	Pathogenic	Aug 18, 2025	criteria provided, single submitter							
NM_000038.6(APC):c.193C>T (p.Gln65Ter)	APC	Q40*, Q6*, Q65*, Q75*	Familial adenomatous polyposis 1	VCV002583876	5	112102080	5	112766383	2583876	2751445	rs863225320	NC_000005.10:112766382:C:T	single nucleotide variant	nonsense|5 prime UTR variant|non-coding transcript variant	Pathogenic	Apr 24, 2023	criteria provided, single submitter							
NM_000038.6(APC):c.195G>A (p.Gln65=)	APC		Familial adenomatous polyposis 1|Hereditary cancer-predisposing syndrome	VCV001162173	5	112102082	5	112766385	1162173	1136087	rs1554069548	NC_000005.10:112766384:G:A	single nucleotide variant	synonymous variant|5 prime UTR variant	Benign/Likely benign	Mar 17, 2025	criteria provided, multiple submitters, no conflicts							
NM_000038.6(APC):c.203T>A (p.Leu68Ter)	APC	L43*, L68*, L78*, L9*	not provided|Hereditary cancer-predisposing syndrome	VCV001697512	5	112102090	5	112766393	1697512	1689896	rs1554069549	NC_000005.10:112766392:T:A	single nucleotide variant	nonsense|5 prime UTR variant	Pathogenic	Mar 4, 2025	criteria provided, multiple submitters, no conflicts							
NM_000038.6(APC):c.203T>G (p.Leu68Ter)	APC	L68*, L78*, L43*, L9*	Familial adenomatous polyposis 1	VCV000433597	5	112102090	5	112766393	433597	427234	rs1554069549	NC_000005.10:112766392:T:G	single nucleotide variant	nonsense|5 prime UTR variant	Pathogenic	Apr 25, 2023	criteria provided, multiple submitters, no conflicts							
NM_000038.6(APC):c.206T>A (p.Leu69Ter)	APC	L69*, L79*, L10*, L44*	Familial adenomatous polyposis 1	VCV001436971	5	112102093	5	112766396	1436971	1435542	rs752519066	NC_000005.10:112766395:T:A	single nucleotide variant	nonsense|5 prime UTR variant	Pathogenic	May 28, 2021	criteria provided, single submitter							
NM_000038.6(APC):c.210G>A (p.Glu70=)	APC		Hereditary cancer-predisposing syndrome|Familial adenomatous polyposis 1	VCV000710302	5	112102097	5	112766400	710302	721150	rs761957941	NC_000005.10:112766399:G:A	single nucleotide variant	synonymous variant|5 prime UTR variant	Benign/Likely benign	Dec 18, 2025	criteria provided, multiple submitters, no conflicts							
NM_000038.6(APC):c.216T>G (p.Leu72=)	APC		Hereditary cancer-predisposing syndrome|Familial adenomatous polyposis 1	VCV001787081	5	112102103	5	112766406	1787081	1840602	rs1580324752	NC_000005.10:112766405:T:G	single nucleotide variant	synonymous variant|5 prime UTR variant|non-coding transcript variant	Benign/Likely benign	Jun 25, 2024	criteria provided, multiple submitters, no conflicts							
NM_000038.6(APC):c.216T>A (p.Leu72=)	APC		Hereditary cancer-predisposing syndrome|Familial adenomatous polyposis 1	VCV001787071	5	112102103	5	112766406	1787071	1840592	rs1580324752	NC_000005.10:112766405:T:A	single nucleotide variant	synonymous variant|5 prime UTR variant|non-coding transcript variant	Benign/Likely benign	Feb 23, 2024	criteria provided, multiple submitters, no conflicts							
NM_000038.6(APC):c.216T>C (p.Leu72=)	APC		Hereditary cancer-predisposing syndrome|Familial adenomatous polyposis 1|Classic or attenuated familial adenomatous polyposis	VCV000702650	5	112102103	5	112766406	702650	691643	rs1580324752	NC_000005.10:112766405:T:C	single nucleotide variant	synonymous variant|5 prime UTR variant	Benign/Likely benign	Jan 26, 2026	criteria provided, multiple submitters, no conflicts							
NM_000038.6(APC):c.220G>A (p.Glu74Lys)	APC	E74K, E84K, E15K, E49K	Hereditary cancer-predisposing syndrome|Familial adenomatous polyposis 1	VCV000482335	5	112102107	5	112766410	482335	473610	rs876658941	NC_000005.10:112766409:G:A	single nucleotide variant	missense variant|5 prime UTR variant	Pathogenic/Likely pathogenic	Dec 12, 2024	criteria provided, multiple submitters, no conflicts							
NM_000038.6(APC):c.220G>T (p.Glu74Ter)	APC	E74*, E84*, E49*, E15*	not provided|Hereditary cancer-predisposing syndrome|Familial adenomatous polyposis 1	VCV000231074	5	112102107	5	112766410	231074	232984	rs876658941	NC_000005.10:112766409:G:T	single nucleotide variant	nonsense|5 prime UTR variant	Pathogenic/Likely pathogenic	Aug 11, 2025	criteria provided, multiple submitters, no conflicts							
NM_000038.6(APC):c.220+1G>T	APC		Familial adenomatous polyposis 1	VCV002127851	5	112102108	5	112766411	2127851	2185728	rs1554069570	NC_000005.10:112766410:G:T	single nucleotide variant	splice donor variant	Pathogenic	Apr 18, 2022	criteria provided, single submitter							
NM_000038.6(APC):c.220+1G>A	APC		Familial adenomatous polyposis 1	VCV000433598	5	112102108	5	112766411	433598	427235	rs1554069570	NC_000005.10:112766410:G:A	single nucleotide variant	splice donor variant	Pathogenic	May 16, 2025	reviewed by expert panel							
NM_000038.6(APC):c.220+2T>A	APC		Familial multiple polyposis syndrome	VCV000141515	5	112102109	5	112766412	141515	151229	rs587781809	NC_000005.10:112766411:T:A	single nucleotide variant	splice donor variant	Pathogenic	May 16, 2025	reviewed by expert panel							
NM_000038.6(APC):c.221-27A>C	APC		not specified	VCV002692098	5	112102859	5	112767162	2692098	2853101	rs371604873	NC_000005.10:112767161:A:C	single nucleotide variant	intron variant	Benign	Mar 4, 2025	criteria provided, single submitter							
NM_000038.6(APC):c.221-2A>T	APC		Familial adenomatous polyposis 1	VCV001520547	5	112102884	5	112767187	1520547	1355906	rs786201291	NC_000005.10:112767186:A:T	single nucleotide variant	splice acceptor variant	Pathogenic	Sep 26, 2023	criteria provided, single submitter							
NM_000038.6(APC):c.221-2A>G	APC		Hereditary cancer-predisposing syndrome|Classic or attenuated familial adenomatous polyposis|not provided|Familial multiple polyposis syndrome|Familial adenomatous polyposis 1	VCV000184117	5	112102884	5	112767187	184117	182319	rs786201291	NC_000005.10:112767186:A:G	single nucleotide variant	splice acceptor variant	Pathogenic/Likely pathogenic	Jan 18, 2026	criteria provided, multiple submitters, no conflicts							
NM_000038.6(APC):c.221-1G>C	APC		Hereditary cancer-predisposing syndrome|Familial adenomatous polyposis 1	VCV000230154	5	112102885	5	112767188	230154	232985	rs863225327	NC_000005.10:112767187:G:C	single nucleotide variant	splice acceptor variant	Pathogenic/Likely pathogenic	Apr 23, 2025	criteria provided, multiple submitters, no conflicts							
NM_000038.6(APC):c.221-1G>A	APC		Hereditary cancer-predisposing syndrome|Familial adenomatous polyposis 1	VCV000217947	5	112102885	5	112767188	217947	214652	rs863225327	NC_000005.10:112767187:G:A	single nucleotide variant	splice acceptor variant	Pathogenic/Likely pathogenic	Jun 4, 2023	criteria provided, multiple submitters, no conflicts							
NM_000038.6(APC):c.225T>C (p.Leu75=)	APC		Familial adenomatous polyposis 1|Hereditary cancer-predisposing syndrome	VCV000918519	5	112102890	5	112767193	918519	909805	rs1756428442	NC_000005.10:112767192:T:C	single nucleotide variant	synonymous variant|5 prime UTR variant	Benign/Likely benign	Sep 18, 2025	criteria provided, multiple submitters, no conflicts							
NM_000038.6(APC):c.228C>T (p.Asn76=)	APC		Classic or attenuated familial adenomatous polyposis|Hereditary cancer-predisposing syndrome|not specified|not provided|Familial adenomatous polyposis 1|Desmoid disease, hereditary|Familial adenomatous polyposis 1	VCV000215555	5	112102893	5	112767196	215555	212385	rs766325173	NC_000005.10:112767195:C:T	single nucleotide variant	synonymous variant|5 prime UTR variant	Benign/Likely benign	Oct 8, 2025	criteria provided, multiple submitters, no conflicts							
NM_000038.6(APC):c.229T>C (p.Leu77=)	APC		Familial adenomatous polyposis 1	VCV003147985	5	112102894	5	112767197	3147985	3307234	rs1756429303	NC_000005.10:112767196:T:C	single nucleotide variant	synonymous variant|5 prime UTR variant|non-coding transcript variant	Benign	Feb 22, 2024	criteria provided, single submitter							
NM_000038.6(APC):c.230T>A (p.Leu77Ter)	APC	L18*, L52*, L77*, L87*	Hereditary cancer-predisposing syndrome	VCV001050615	5	112102895	5	112767198	1050615	1037544	rs2149787552	NC_000005.10:112767197:T:A	single nucleotide variant	nonsense|5 prime UTR variant	Pathogenic	Nov 20, 2017	criteria provided, single submitter							
NM_000038.6(APC):c.237C>T (p.Ser79=)	APC		Familial adenomatous polyposis 1	VCV003148023	5	112102902	5	112767205	3148023	3307271	rs2149787640	NC_000005.10:112767204:C:T	single nucleotide variant	synonymous variant|5 prime UTR variant|non-coding transcript variant	Benign	Feb 22, 2024	criteria provided, single submitter							
NM_000038.6(APC):c.246C>T (p.Phe82=)	APC		Hereditary cancer-predisposing syndrome|Familial adenomatous polyposis 1	VCV001576480	5	112102911	5	112767214	1576480	1586811	rs755478426	NC_000005.10:112767213:C:T	single nucleotide variant	synonymous variant|5 prime UTR variant	Benign/Likely benign	Feb 22, 2024	criteria provided, multiple submitters, no conflicts							
NM_000038.6(APC):c.249T>G (p.Pro83=)	APC		Familial adenomatous polyposis 1	VCV001571280	5	112102914	5	112767217	1571280	1572074	rs2149787783	NC_000005.10:112767216:T:G	single nucleotide variant	synonymous variant|5 prime UTR variant	Benign/Likely benign	Feb 22, 2024	criteria provided, multiple submitters, no conflicts							
NM_000038.6(APC):c.258A>G (p.Lys86=)	APC		Hereditary cancer-predisposing syndrome|Familial adenomatous polyposis 1	VCV002795984	5	112102923	5	112767226	2795984	2958403	rs2149787881	NC_000005.10:112767225:A:G	single nucleotide variant	synonymous variant|5 prime UTR variant|non-coding transcript variant	Benign/Likely benign	Jun 19, 2025	criteria provided, multiple submitters, no conflicts							
NM_000038.6(APC):c.259C>T (p.Leu87=)	APC		APC-related disorder|Gardner syndrome|Turcot syndrome with polyposis|Classic or attenuated familial adenomatous polyposis|Hereditary cancer-predisposing syndrome|not specified|not provided|Familial adenomatous polyposis 1	VCV000135691	5	112102924	5	112767227	135691	139403	rs569640184	NC_000005.10:112767226:C:T	single nucleotide variant	synonymous variant|5 prime UTR variant	Benign/Likely benign	Feb 2, 2026	criteria provided, multiple submitters, no conflicts							
NM_000038.6(APC):c.264G>A (p.Arg88=)	APC		Familial adenomatous polyposis 1|Hereditary cancer-predisposing syndrome	VCV000537619	5	112102929	5	112767232	537619	520259	rs1554069706	NC_000005.10:112767231:G:A	single nucleotide variant	synonymous variant|5 prime UTR variant	Benign/Likely benign	Apr 22, 2024	criteria provided, multiple submitters, no conflicts							
NM_000038.6(APC):c.266C>A (p.Ser89Ter)	APC	S99*, S89*, S64*, S30*	Familial adenomatous polyposis 1|Hereditary cancer-predisposing syndrome	VCV000566516	5	112102931	5	112767234	566516	562314	rs876658846	NC_000005.10:112767233:C:A	single nucleotide variant	nonsense|5 prime UTR variant	Pathogenic	May 20, 2025	criteria provided, multiple submitters, no conflicts							
NM_000038.6(APC):c.266C>G (p.Ser89Ter)	APC	S89*, S99*, S64*, S30*	APC-related attenuated familial adenomatous polyposis|Hereditary cancer-predisposing syndrome|Familial adenomatous polyposis 1|not provided	VCV000230927	5	112102931	5	112767234	230927	232988	rs876658846	NC_000005.10:112767233:C:G	single nucleotide variant	nonsense|5 prime UTR variant	Pathogenic	Nov 21, 2025	criteria provided, multiple submitters, no conflicts							
NM_000038.6(APC):c.268A>T (p.Lys90Ter)	APC	K31*, K65*, K100*, K90*	Hereditary cancer-predisposing syndrome|Familial adenomatous polyposis 1	VCV002561157	5	112102933	5	112767236	2561157	2727923	rs763184444	NC_000005.10:112767235:A:T	single nucleotide variant	nonsense|5 prime UTR variant|non-coding transcript variant	Pathogenic	Nov 18, 2024	criteria provided, multiple submitters, no conflicts							
NM_000038.6(APC):c.276C>G (p.Ser92=)	APC		Familial adenomatous polyposis 1	VCV001122564	5	112102941	5	112767244	1122564	1115151	rs369238363	NC_000005.10:112767243:C:G	single nucleotide variant	synonymous variant|5 prime UTR variant	Benign/Likely benign	Nov 20, 2024	criteria provided, multiple submitters, no conflicts							
NM_000038.6(APC):c.276C>T (p.Ser92=)	APC		not provided|Hereditary cancer-predisposing syndrome|not specified|Familial adenomatous polyposis 1|Classic or attenuated familial adenomatous polyposis	VCV000215558	5	112102941	5	112767244	215558	212386	rs369238363	NC_000005.10:112767243:C:T	single nucleotide variant	synonymous variant|5 prime UTR variant	Benign/Likely benign	Oct 13, 2025	criteria provided, multiple submitters, no conflicts							
NM_000038.6(APC):c.279C>G (p.Leu93=)	APC		Familial adenomatous polyposis 1|Hereditary cancer-predisposing syndrome	VCV002452732	5	112102944	5	112767247	2452732	2433714	rs768492450	NC_000005.10:112767246:C:G	single nucleotide variant	synonymous variant|5 prime UTR variant|non-coding transcript variant	Benign/Likely benign	Feb 22, 2024	criteria provided, multiple submitters, no conflicts							
NM_000038.6(APC):c.279C>T (p.Leu93=)	APC		Hereditary cancer-predisposing syndrome|Familial adenomatous polyposis 1	VCV000482390	5	112102944	5	112767247	482390	473611	rs768492450	NC_000005.10:112767246:C:T	single nucleotide variant	synonymous variant|5 prime UTR variant	Benign/Likely benign	Aug 6, 2025	criteria provided, multiple submitters, no conflicts							
NM_000038.6(APC):c.282T>C (p.Arg94=)	APC		Hereditary cancer-predisposing syndrome|Familial adenomatous polyposis 1	VCV000630846	5	112102947	5	112767250	630846	617045	rs1485825595	NC_000005.10:112767249:T:C	single nucleotide variant	synonymous variant|5 prime UTR variant	Benign/Likely benign	Feb 2, 2026	criteria provided, multiple submitters, no conflicts							
NM_000038.6(APC):c.288T>G (p.Tyr96Ter)	APC	Y106*, Y96*, Y37*, Y71*	Hereditary cancer-predisposing syndrome|not provided|Familial multiple polyposis syndrome|Familial adenomatous polyposis 1	VCV000217957	5	112102953	5	112767256	217957	214655	rs376213437	NC_000005.10:112767255:T:G	single nucleotide variant	nonsense|5 prime UTR variant	Pathogenic	Nov 17, 2025	criteria provided, multiple submitters, no conflicts							
NM_000038.6(APC):c.288T>C (p.Tyr96=)	APC		APC-related disorder|Hereditary cancer-predisposing syndrome|not specified|not provided|Familial adenomatous polyposis 1	VCV000185837	5	112102953	5	112767256	185837	182320	rs376213437	NC_000005.10:112767255:T:C	single nucleotide variant	synonymous variant|5 prime UTR variant	Benign/Likely benign	Jan 30, 2026	criteria provided, multiple submitters, no conflicts							
NM_000038.6(APC):c.288T>A (p.Tyr96Ter)	APC	Y106*, Y96*, Y71*, Y37*	APC-related disorder|Hereditary cancer-predisposing syndrome|not provided|Familial multiple polyposis syndrome|Familial adenomatous polyposis 1	VCV000181831	5	112102953	5	112767256	181831	180167	rs376213437	NC_000005.10:112767255:T:A	single nucleotide variant	nonsense|5 prime UTR variant	Pathogenic	Jul 1, 2025	criteria provided, multiple submitters, no conflicts							
NM_000038.6(APC):c.289G>T (p.Gly97Ter)	APC	G107*, G38*, G72*, G97*	Familial adenomatous polyposis 1	VCV002584303	5	112102954	5	112767257	2584303	2751869	rs2149788254	NC_000005.10:112767256:G:T	single nucleotide variant	nonsense|5 prime UTR variant|non-coding transcript variant	Pathogenic	Apr 25, 2023	criteria provided, single submitter							
NM_000038.6(APC):c.289G>A (p.Gly97Arg)	APC	G107R, G38R, G72R, G97R	not provided	VCV001697514	5	112102954	5	112767257	1697514	1689898	rs2149788254	NC_000005.10:112767256:G:A	single nucleotide variant	missense variant|5 prime UTR variant	Pathogenic	Mar 4, 2025	criteria provided, single submitter							
NM_000038.6(APC):c.295C>T (p.Arg99Trp)	APC	R99W, R109W, R74W, R40W	Familial adenomatous polyposis 1	VCV000135695	5	112102960	5	112767263	135695	139407	rs139196838	NC_000005.10:112767262:C:T	single nucleotide variant	missense variant|5 prime UTR variant	Benign	Feb 18, 2023	reviewed by expert panel							
NM_000038.6(APC):c.298G>T (p.Glu100Ter)	APC	E100*, E110*, E41*, E75*	Familial adenomatous polyposis 1|Hereditary cancer-predisposing syndrome	VCV002583907	5	112102963	5	112767266	2583907	2751476	rs1561464319	NC_000005.10:112767265:G:T	single nucleotide variant	nonsense|5 prime UTR variant|non-coding transcript variant	Pathogenic/Likely pathogenic	Jun 25, 2025	criteria provided, multiple submitters, no conflicts							
NM_000038.6(APC):c.301G>T (p.Gly101Ter)	APC	G101*, G111*, G76*, G42*	Hereditary cancer-predisposing syndrome|Familial adenomatous polyposis 1	VCV000217958	5	112102966	5	112767269	217958	214656	rs863225335	NC_000005.10:112767268:G:T	single nucleotide variant	nonsense|5 prime UTR variant	Pathogenic	Oct 30, 2025	criteria provided, multiple submitters, no conflicts							
NM_000038.6(APC):c.303A>G (p.Gly101=)	APC		Familial adenomatous polyposis 1	VCV000934695	5	112102968	5	112767271	934695	932495	rs1756452016	NC_000005.10:112767270:A:G	single nucleotide variant	synonymous variant|5 prime UTR variant	Benign/Likely benign	Feb 22, 2024	criteria provided, multiple submitters, no conflicts							
NM_000038.6(APC):c.311C>G (p.Ser104Ter)	APC	S104*, S114*, S79*, S45*	APC-related disorder|Hereditary cancer-predisposing syndrome|not specified|not provided|Familial adenomatous polyposis 1	VCV000231513	5	112102976	5	112767279	231513	232991	rs74953290	NC_000005.10:112767278:C:G	single nucleotide variant	nonsense|5 prime UTR variant	Pathogenic/Likely pathogenic	Aug 13, 2026	criteria provided, multiple submitters, no conflicts							
NM_000038.6(APC):c.311C>A (p.Ser104Ter)	APC	S104*, S114*, S45*, S79*	Familial adenomatous polyposis 1	VCV000082876	5	112102976	5	112767279	82876	93767	rs74953290	NC_000005.10:112767278:C:A	single nucleotide variant	nonsense|5 prime UTR variant	Pathogenic	Apr 25, 2023	criteria provided, single submitter							
NM_000038.6(APC):c.315C>T (p.Ser105=)	APC		Familial adenomatous polyposis 1|Hereditary cancer-predisposing syndrome	VCV001728278	5	112102980	5	112767283	1728278	1791678	rs2149788619	NC_000005.10:112767282:C:T	single nucleotide variant	synonymous variant|5 prime UTR variant|non-coding transcript variant	Benign/Likely benign	Apr 30, 2025	criteria provided, multiple submitters, no conflicts							
NM_000038.6(APC):c.321T>A (p.Ser107=)	APC		Familial adenomatous polyposis 1	VCV003148065	5	112102986	5	112767289	3148065	3307313	rs2149788709	NC_000005.10:112767288:T:A	single nucleotide variant	synonymous variant|5 prime UTR variant|non-coding transcript variant	Benign	Feb 22, 2024	criteria provided, single submitter							
NM_000038.6(APC):c.322G>T (p.Gly108Ter)	APC	G108*, G118*, G83*, G49*	Familial adenomatous polyposis 1	VCV001414145	5	112102987	5	112767290	1414145	1358168	rs2149788717	NC_000005.10:112767289:G:T	single nucleotide variant	nonsense|5 prime UTR variant	Pathogenic	Mar 29, 2021	criteria provided, single submitter							
NM_000038.6(APC):c.324A>G (p.Gly108=)	APC		Familial adenomatous polyposis 1|Hereditary cancer-predisposing syndrome	VCV002452717	5	112102989	5	112767292	2452717	2433699	rs2149788749	NC_000005.10:112767291:A:G	single nucleotide variant	synonymous variant|5 prime UTR variant|non-coding transcript variant	Benign/Likely benign	Feb 22, 2024	criteria provided, multiple submitters, no conflicts							
NM_000038.6(APC):c.339T>G (p.Val113=)	APC		Familial adenomatous polyposis 1	VCV003148175	5	112103004	5	112767307	3148175	3307423	rs2532298032	NC_000005.10:112767306:T:G	single nucleotide variant	synonymous variant|5 prime UTR variant|non-coding transcript variant	Benign	Feb 22, 2024	criteria provided, single submitter							
NM_000038.6(APC):c.342T>A (p.Pro114=)	APC		Familial adenomatous polyposis 1	VCV003148066	5	112103007	5	112767310	3148066	3307314	rs2149789023	NC_000005.10:112767309:T:A	single nucleotide variant	synonymous variant|5 prime UTR variant|non-coding transcript variant	Benign	Feb 22, 2024	criteria provided, single submitter							
NM_000038.6(APC):c.350C>A (p.Ser117Ter)	APC	S117*, S127*, S58*, S92*	APC-related disorder|Hereditary cancer-predisposing syndrome|not provided|Familial multiple polyposis syndrome|Familial adenomatous polyposis 1	VCV000418932	5	112103015	5	112767318	418932	406485	rs1064793535	NC_000005.10:112767317:C:A	single nucleotide variant	nonsense|5 prime UTR variant	Pathogenic	Aug 21, 2026	criteria provided, multiple submitters, no conflicts							
NM_000038.6(APC):c.351A>G (p.Ser117=)	APC		Hereditary cancer-predisposing syndrome|Familial adenomatous polyposis 1	VCV001732235	5	112103016	5	112767319	1732235	1789266	rs1294902871	NC_000005.10:112767318:A:G	single nucleotide variant	synonymous variant|5 prime UTR variant|non-coding transcript variant	Benign/Likely benign	May 19, 2025	criteria provided, multiple submitters, no conflicts							
NM_000038.6(APC):c.351A>C (p.Ser117=)	APC		Familial adenomatous polyposis 1	VCV000799302	5	112103016	5	112767319	799302	782071	rs1294902871	NC_000005.10:112767318:A:C	single nucleotide variant	synonymous variant|5 prime UTR variant	Benign/Likely benign	Sep 8, 2024	criteria provided, multiple submitters, no conflicts							
NM_000038.6(APC):c.357A>G (p.Pro119=)	APC		Hereditary cancer-predisposing syndrome|Desmoid disease, hereditary|Familial adenomatous polyposis 1	VCV000823950	5	112103022	5	112767325	823950	807806	rs1306334779	NC_000005.10:112767324:A:G	single nucleotide variant	synonymous variant|5 prime UTR variant	Benign/Likely benign	Nov 26, 2024	criteria provided, multiple submitters, no conflicts							
NM_000038.6(APC):c.361A>C (p.Arg121=)	APC		Familial adenomatous polyposis 1	VCV003148216	5	112103026	5	112767329	3148216	3307464	rs2532299619	NC_000005.10:112767328:A:C	single nucleotide variant	synonymous variant|5 prime UTR variant|non-coding transcript variant	Benign	Feb 23, 2024	criteria provided, single submitter							
NM_000038.6(APC):c.366G>C (p.Gly122=)	APC		Familial adenomatous polyposis 1	VCV003148412	5	112103031	5	112767334	3148412	3307660	rs2149789346	NC_000005.10:112767333:G:C	single nucleotide variant	synonymous variant|5 prime UTR variant|non-coding transcript variant	Benign	Feb 23, 2024	criteria provided, single submitter							
NM_000038.6(APC):c.366G>T (p.Gly122=)	APC		Hereditary cancer-predisposing syndrome|Familial adenomatous polyposis 1	VCV003148398	5	112103031	5	112767334	3148398	3307646	rs2149789346	NC_000005.10:112767333:G:T	single nucleotide variant	synonymous variant|5 prime UTR variant|non-coding transcript variant	Benign/Likely benign	Nov 22, 2024	criteria provided, multiple submitters, no conflicts							
NM_000038.6(APC):c.372A>G (p.Val124=)	APC		Classic or attenuated familial adenomatous polyposis|Hereditary cancer-predisposing syndrome|not specified|Familial adenomatous polyposis 1|not provided	VCV000186996	5	112103037	5	112767340	186996	182322	rs749179034	NC_000005.10:112767339:A:G	single nucleotide variant	synonymous variant|5 prime UTR variant	Benign/Likely benign	Dec 8, 2025	criteria provided, multiple submitters, no conflicts							
NM_000038.6(APC):c.375T>C (p.Asn125=)	APC		Hereditary cancer-predisposing syndrome|Familial adenomatous polyposis 1	VCV000824169	5	112103040	5	112767343	824169	807807	rs768615558	NC_000005.10:112767342:T:C	single nucleotide variant	synonymous variant|5 prime UTR variant	Benign/Likely benign	Feb 11, 2025	criteria provided, multiple submitters, no conflicts							
NM_000038.6(APC):c.385G>T (p.Glu129Ter)	APC	E104*, E129*, E139*, E70*	Hereditary cancer-predisposing syndrome|Familial adenomatous polyposis 1	VCV002583973	5	112103050	5	112767353	2583973	2751542	rs376628500	NC_000005.10:112767352:G:T	single nucleotide variant	nonsense|5 prime UTR variant|non-coding transcript variant	Pathogenic	Mar 27, 2026	criteria provided, multiple submitters, no conflicts							
NM_000038.6(APC):c.387A>G (p.Glu129=)	APC		not specified|Familial adenomatous polyposis 1|Hereditary cancer-predisposing syndrome	VCV000487019	5	112103052	5	112767355	487019	473808	rs1554069832	NC_000005.10:112767354:A:G	single nucleotide variant	synonymous variant|5 prime UTR variant	Benign/Likely benign	May 12, 2026	criteria provided, multiple submitters, no conflicts							
NM_000038.6(APC):c.390T>C (p.Ser130=)	APC		Hereditary cancer-predisposing syndrome|Familial adenomatous polyposis 1	VCV000631416	5	112103055	5	112767358	631416	617047	rs1561464982	NC_000005.10:112767357:T:C	single nucleotide variant	synonymous variant|5 prime UTR variant	Benign/Likely benign	Feb 23, 2024	criteria provided, multiple submitters, no conflicts							
NM_000038.6(APC):c.393T>C (p.Thr131=)	APC		Classic or attenuated familial adenomatous polyposis|Hereditary cancer-predisposing syndrome|Familial adenomatous polyposis 1	VCV000184585	5	112103058	5	112767361	184585	182323	rs775742850	NC_000005.10:112767360:T:C	single nucleotide variant	synonymous variant|5 prime UTR variant	Benign/Likely benign	Jul 14, 2025	criteria provided, multiple submitters, no conflicts							
NM_000038.6(APC):c.394G>T (p.Gly132Ter)	APC	G107*, G132*, G142*, G73*	Familial adenomatous polyposis 1	VCV002583905	5	112103059	5	112767362	2583905	2751474	rs1580329638	NC_000005.10:112767361:G:T	single nucleotide variant	nonsense|5 prime UTR variant|non-coding transcript variant	Pathogenic	Apr 25, 2023	criteria provided, single submitter							
NM_000038.6(APC):c.396A>C (p.Gly132=)	APC		Hereditary cancer-predisposing syndrome|Familial adenomatous polyposis 1	VCV000416745	5	112103061	5	112767364	416745	394194	rs1060504884	NC_000005.10:112767363:A:C	single nucleotide variant	synonymous variant|5 prime UTR variant	Benign/Likely benign	Dec 30, 2024	criteria provided, multiple submitters, no conflicts							
NM_000038.6(APC):c.399T>G (p.Tyr133Ter)	APC	Y108*, Y133*, Y143*, Y74*	Familial adenomatous polyposis 1	VCV002203670	5	112103064	5	112767367	2203670	1934960	rs2149789815	NC_000005.10:112767366:T:G	single nucleotide variant	nonsense|5 prime UTR variant	Pathogenic	Apr 25, 2023	criteria provided, multiple submitters, no conflicts							
NM_000038.6(APC):c.405A>G (p.Glu135=)	APC		Familial adenomatous polyposis 1|Hereditary cancer-predisposing syndrome	VCV000469944	5	112103070	5	112767373	469944	454568	rs1554069842	NC_000005.10:112767372:A:G	single nucleotide variant	synonymous variant|5 prime UTR variant	Benign/Likely benign	May 22, 2024	criteria provided, multiple submitters, no conflicts							
NM_000038.6(APC):c.412G>T (p.Glu138Ter)	APC	E113*, E138*, E148*, E79*	Colorectal cancer|Familial adenomatous polyposis 1	VCV001685521	5	112103077	5	112767380	1685521	1677538	rs1756477033	NC_000005.10:112767379:G:T	single nucleotide variant	nonsense|5 prime UTR variant	Pathogenic	Jan 3, 2024	criteria provided, multiple submitters, no conflicts							
NM_000038.6(APC):c.414G>A (p.Glu138=)	APC		Classic or attenuated familial adenomatous polyposis|Hereditary cancer-predisposing syndrome|Familial adenomatous polyposis 1|not provided	VCV000486748	5	112103079	5	112767382	486748	473619	rs1554069845	NC_000005.10:112767381:G:A	single nucleotide variant	synonymous variant|5 prime UTR variant	Benign/Likely benign	Sep 1, 2025	criteria provided, multiple submitters, no conflicts							
NM_000038.6(APC):c.417A>G (p.Lys139=)	APC		Familial adenomatous polyposis 1|Hereditary cancer-predisposing syndrome|not specified|Classic or attenuated familial adenomatous polyposis	VCV000485106	5	112103082	5	112767385	485106	473813	rs1554069848	NC_000005.10:112767384:A:G	single nucleotide variant	synonymous variant|5 prime UTR variant	Benign/Likely benign	Sep 19, 2025	criteria provided, multiple submitters, no conflicts							
NM_000038.6(APC):c.420G>A (p.Glu140=)	APC		Hereditary cancer-predisposing syndrome|Familial adenomatous polyposis 1	VCV002561162	5	112103085	5	112767388	2561162	2727928	rs202161017	NC_000005.10:112767387:G:A	single nucleotide variant	synonymous variant|5 prime UTR variant|non-coding transcript variant	Benign/Likely benign	Feb 23, 2024	criteria provided, multiple submitters, no conflicts							
NM_000038.6(APC):c.422+2T>G	APC		Familial adenomatous polyposis 1|Hereditary cancer-predisposing syndrome	VCV000429052	5	112103089	5	112767392	429052	421024	rs879254169	NC_000005.10:112767391:T:G	single nucleotide variant	splice donor variant	Pathogenic/Likely pathogenic	Oct 2, 2025	criteria provided, multiple submitters, no conflicts							
NM_000038.6(APC):c.422+2T>C	APC		Hereditary cancer-predisposing syndrome|not provided|Familial adenomatous polyposis 1	VCV000246235	5	112103089	5	112767392	246235	244413	rs879254169	NC_000005.10:112767391:T:C	single nucleotide variant	splice donor variant	Pathogenic/Likely pathogenic	Jun 16, 2023	criteria provided, multiple submitters, no conflicts							
NM_000038.6(APC):c.423-3958C>T	APC		Hereditary cancer-predisposing syndrome|Familial adenomatous polyposis 1	VCV001738927	5	112107368	5	112771671	1738927	1787926	rs2532360512	NC_000005.10:112771670:C:T	single nucleotide variant	intron variant	Pathogenic/Likely pathogenic	Nov 5, 2025	criteria provided, multiple submitters, no conflicts							
NM_000038.6(APC):c.423-256G>A	APC		not provided	VCV000082910	5	112111070	5	112775373	82910	93801	rs392179	NC_000005.10:112775372:G:A	single nucleotide variant	intron variant	Benign	Jun 22, 2018	criteria provided, single submitter							
NM_000038.6(APC):c.423-17T>A	APC		Hereditary cancer-predisposing syndrome|not specified|not provided|Familial adenomatous polyposis 1	VCV000217981	5	112111309	5	112775612	217981	214658	rs534684461	NC_000005.10:112775611:T:A	single nucleotide variant	intron variant	Benign/Likely benign	Apr 1, 2026	criteria provided, multiple submitters, no conflicts							
NM_000038.6(APC):c.423-16A>T	APC		Hereditary cancer-predisposing syndrome|not specified|Familial adenomatous polyposis 1	VCV000082911	5	112111310	5	112775613	82911	93802	rs78919815	NC_000005.10:112775612:A:T	single nucleotide variant	intron variant	Benign/Likely benign	Jul 10, 2025	criteria provided, multiple submitters, no conflicts							
NM_000038.6(APC):c.423-12A>G	APC		Inherited polyposis and early onset colorectal cancer - germline testing|Hereditary cancer-predisposing syndrome|Gastric adenocarcinoma and proximal polyposis of the stomach|Colorectal cancer|Desmoid disease, hereditary|Familial adenomatous polyposis 1|Gastric cancer|Hepatocellular carcinoma|Familial adenomatous polyposis 1	VCV002583948	5	112111314	5	112775617	2583948	2751517	rs2532409654	NC_000005.10:112775616:A:G	single nucleotide variant	intron variant	Pathogenic/Likely pathogenic	Jan 22, 2026	criteria provided, multiple submitters, no conflicts							
NM_000038.6(APC):c.423-3T>A	APC		Hereditary cancer-predisposing syndrome|not provided|Familial adenomatous polyposis 1	VCV000142189	5	112111323	5	112775626	142189	151903	rs587782293	NC_000005.10:112775625:T:A	single nucleotide variant	intron variant	Pathogenic/Likely pathogenic	Jan 26, 2025	criteria provided, multiple submitters, no conflicts							
NM_000038.6(APC):c.423-2A>G	APC		Hereditary cancer-predisposing syndrome|Familial adenomatous polyposis 1	VCV001459062	5	112111324	5	112775627	1459062	1406191	rs879254087	NC_000005.10:112775626:A:G	single nucleotide variant	splice acceptor variant	Pathogenic	May 3, 2023	criteria provided, multiple submitters, no conflicts							
NM_000038.6(APC):c.423-2A>C	APC		Hereditary cancer-predisposing syndrome|Familial adenomatous polyposis 1	VCV001071890	5	112111324	5	112775627	1071890	1060104	rs879254087	NC_000005.10:112775626:A:C	single nucleotide variant	splice acceptor variant	Pathogenic	Mar 31, 2025	criteria provided, multiple submitters, no conflicts							
NM_000038.6(APC):c.423-2A>T	APC		Hereditary cancer-predisposing syndrome|not provided|Familial adenomatous polyposis 1	VCV000246083	5	112111324	5	112775627	246083	244414	rs879254087	NC_000005.10:112775626:A:T	single nucleotide variant	splice acceptor variant	Pathogenic	Sep 19, 2025	criteria provided, multiple submitters, no conflicts							
NM_000038.6(APC):c.423-1G>T	APC		Familial adenomatous polyposis 1|not provided	VCV002203672	5	112111325	5	112775628	2203672	1934962	rs397514031	NC_000005.10:112775627:G:T	single nucleotide variant	splice acceptor variant	Pathogenic	Dec 22, 2022	criteria provided, multiple submitters, no conflicts							
NM_000038.6(APC):c.423-1G>C	APC		Hereditary cancer-predisposing syndrome|Familial adenomatous polyposis 1	VCV000181833	5	112111325	5	112775628	181833	180170	rs397514031	NC_000005.10:112775627:G:C	single nucleotide variant	splice acceptor variant	Pathogenic	Sep 16, 2025	criteria provided, multiple submitters, no conflicts							
NM_000038.6(APC):c.423-1G>A	APC		Hereditary cancer-predisposing syndrome|not provided|Familial adenomatous polyposis 1	VCV000000835	5	112111325	5	112775628	835	15874	rs397514031	NC_000005.10:112775627:G:A	single nucleotide variant	splice acceptor variant	Pathogenic	Oct 21, 2025	criteria provided, multiple submitters, no conflicts							
NM_000038.6(APC):c.423G>T (p.Arg141Ser)	APC	R141S, R151S, R82S, R116S	not provided|Familial adenomatous polyposis 1	VCV000216017	5	112111326	5	112775629	216017	212389	rs863224458	NC_000005.10:112775628:G:T	single nucleotide variant	missense variant|5 prime UTR variant	Pathogenic	May 4, 2025	criteria provided, multiple submitters, no conflicts							
NM_000038.6(APC):c.425C>A (p.Ser142Ter)	APC	S142*, S117*, S152*, S83*	Hereditary cancer-predisposing syndrome|Familial adenomatous polyposis 1	VCV001739148	5	112111328	5	112775631	1739148	1788145	rs2149614389	NC_000005.10:112775630:C:A	single nucleotide variant	nonsense|5 prime UTR variant	Pathogenic	Jan 16, 2025	criteria provided, multiple submitters, no conflicts							
NM_000038.6(APC):c.426A>G (p.Ser142=)	APC		Familial adenomatous polyposis 1|Hereditary cancer-predisposing syndrome	VCV003148817	5	112111329	5	112775632	3148817	3308065	rs2149614407	NC_000005.10:112775631:A:G	single nucleotide variant	synonymous variant|5 prime UTR variant|non-coding transcript variant	Benign/Likely benign	Jul 14, 2025	criteria provided, multiple submitters, no conflicts							
NM_000038.6(APC):c.432T>A (p.Leu144=)	APC		Hereditary cancer-predisposing syndrome|Familial adenomatous polyposis 1	VCV001665667	5	112111335	5	112775638	1665667	1590050	rs2149614520	NC_000005.10:112775637:T:A	single nucleotide variant	synonymous variant|5 prime UTR variant	Benign/Likely benign	Sep 17, 2025	criteria provided, multiple submitters, no conflicts							
NM_000038.6(APC):c.448A>T (p.Lys150Ter)	APC	K150*, K160*, K91*, K125*	not provided|Familial adenomatous polyposis 1	VCV000236598	5	112111351	5	112775654	236598	239523	rs878853444	NC_000005.10:112775653:A:T	single nucleotide variant	nonsense|5 prime UTR variant	Pathogenic	Jul 11, 2016	criteria provided, multiple submitters, no conflicts							
NM_000038.6(APC):c.453A>G (p.Glu151=)	APC		Familial adenomatous polyposis 1	VCV003148775	5	112111356	5	112775659	3148775	3308023	rs2532412187	NC_000005.10:112775658:A:G	single nucleotide variant	synonymous variant|5 prime UTR variant|non-coding transcript variant	Benign	Feb 23, 2024	criteria provided, single submitter							
NM_000038.6(APC):c.457A>T (p.Lys153Ter)	APC	K163*, K128*, K153*, K94*	Hereditary cancer-predisposing syndrome|Familial adenomatous polyposis 1	VCV001456697	5	112111360	5	112775663	1456697	1454799	rs1561477861	NC_000005.10:112775662:A:T	single nucleotide variant	nonsense|5 prime UTR variant	Pathogenic	Sep 4, 2024	criteria provided, multiple submitters, no conflicts							
NM_000038.6(APC):c.459G>A (p.Lys153=)	APC		Classic or attenuated familial adenomatous polyposis|Hereditary cancer-predisposing syndrome|not specified|Familial adenomatous polyposis 1	VCV000220342	5	112111362	5	112775665	220342	221486	rs864622482	NC_000005.10:112775664:G:A	single nucleotide variant	synonymous variant|5 prime UTR variant	Benign/Likely benign	Jan 26, 2026	criteria provided, multiple submitters, no conflicts							
NM_000038.6(APC):c.465A>G (p.Lys155=)	APC		Hereditary cancer-predisposing syndrome|Classic or attenuated familial adenomatous polyposis|not provided|Familial adenomatous polyposis 1	VCV000392037	5	112111368	5	112775671	392037	367746	rs778691867	NC_000005.10:112775670:A:G	single nucleotide variant	synonymous variant|5 prime UTR variant	Benign/Likely benign	Jan 26, 2026	criteria provided, multiple submitters, no conflicts							
NM_000038.6(APC):c.468C>T (p.Asp156=)	APC		Hereditary cancer-predisposing syndrome|Familial adenomatous polyposis 1	VCV000236604	5	112111371	5	112775674	236604	239524	rs752627126	NC_000005.10:112775673:C:T	single nucleotide variant	synonymous variant|5 prime UTR variant	Benign/Likely benign	Jun 14, 2025	criteria provided, multiple submitters, no conflicts							
NM_000038.6(APC):c.470G>A (p.Trp157Ter)	APC	W157*, W167*, W98*, W132*	Familial adenomatous polyposis 1	VCV000000813	5	112111373	5	112775676	813	15852	rs137854576	NC_000005.10:112775675:G:A	single nucleotide variant	nonsense|5 prime UTR variant	Pathogenic	Oct 2, 2024	criteria provided, multiple submitters, no conflicts							
NM_000038.6(APC):c.471G>A (p.Trp157Ter)	APC	W157*, W167*, W98*, W132*	Familial adenomatous polyposis 1	VCV000411479	5	112111374	5	112775677	411479	394398	rs1060503328	NC_000005.10:112775676:G:A	single nucleotide variant	nonsense|5 prime UTR variant	Pathogenic	May 19, 2025	reviewed by expert panel							
NM_000038.6(APC):c.474T>G (p.Tyr158Ter)	APC	Y168*, Y99*, Y133*, Y158*	Hereditary cancer-predisposing syndrome	VCV001742842	5	112111377	5	112775680	1742842	1808925	rs1060504891	NC_000005.10:112775679:T:G	single nucleotide variant	nonsense|5 prime UTR variant	Pathogenic	May 14, 2025	criteria provided, single submitter							
NM_000038.6(APC):c.474T>A (p.Tyr158Ter)	APC	Y168*, Y158*, Y99*, Y133*	Familial adenomatous polyposis 1	VCV001451731	5	112111377	5	112775680	1451731	1426131	rs1060504891	NC_000005.10:112775679:T:A	single nucleotide variant	nonsense|5 prime UTR variant	Pathogenic	Aug 31, 2022	criteria provided, single submitter							
NM_000038.6(APC):c.474T>C (p.Tyr158=)	APC		Familial adenomatous polyposis 1	VCV000416759	5	112111377	5	112775680	416759	394402	rs1060504891	NC_000005.10:112775679:T:C	single nucleotide variant	synonymous variant|5 prime UTR variant	Benign/Likely benign	Feb 23, 2024	criteria provided, multiple submitters, no conflicts							
NM_000038.6(APC):c.477C>A (p.Tyr159Ter)	APC	Y100*, Y134*, Y159*, Y169*	Familial multiple polyposis syndrome|Familial adenomatous polyposis 1	VCV000928697	5	112111380	5	112775683	928697	916935	rs863224281	NC_000005.10:112775682:C:A	single nucleotide variant	nonsense|5 prime UTR variant	Pathogenic	Oct 27, 2023	criteria provided, multiple submitters, no conflicts							
NM_000038.6(APC):c.477C>G (p.Tyr159Ter)	APC	Y159*, Y169*, Y134*, Y100*	Hereditary cancer-predisposing syndrome|Classic or attenuated familial adenomatous polyposis|not provided|Familial multiple polyposis syndrome|Familial adenomatous polyposis 1	VCV000246084	5	112111380	5	112775683	246084	244416	rs863224281	NC_000005.10:112775682:C:G	single nucleotide variant	nonsense|5 prime UTR variant	Pathogenic	Oct 9, 2024	criteria provided, multiple submitters, no conflicts							
NM_000038.6(APC):c.477C>T (p.Tyr159=)	APC		Hereditary cancer-predisposing syndrome|not specified|Familial adenomatous polyposis 1|Classic or attenuated familial adenomatous polyposis	VCV000215564	5	112111380	5	112775683	215564	212391	rs863224281	NC_000005.10:112775682:C:T	single nucleotide variant	synonymous variant|5 prime UTR variant	Benign/Likely benign	Dec 18, 2025	criteria provided, multiple submitters, no conflicts							
NM_000038.6(APC):c.480T>G (p.Ala160=)	APC		Classic or attenuated familial adenomatous polyposis|Familial adenomatous polyposis 1	VCV003075518	5	112111383	5	112775686	3075518	3233084	rs758296324	NC_000005.10:112775685:T:G	single nucleotide variant	synonymous variant|5 prime UTR variant|non-coding transcript variant	Benign/Likely benign	Feb 23, 2024	criteria provided, multiple submitters, no conflicts							
NM_000038.6(APC):c.480T>C (p.Ala160=)	APC		Hereditary cancer-predisposing syndrome|Familial adenomatous polyposis 1	VCV002887565	5	112111383	5	112775686	2887565	3044270	rs758296324	NC_000005.10:112775685:T:C	single nucleotide variant	synonymous variant|5 prime UTR variant|non-coding transcript variant	Benign/Likely benign	May 11, 2025	criteria provided, multiple submitters, no conflicts							
NM_000038.6(APC):c.480T>A (p.Ala160=)	APC		Hereditary cancer-predisposing syndrome|Familial adenomatous polyposis 1|not provided	VCV000920949	5	112111383	5	112775686	920949	909812	rs758296324	NC_000005.10:112775685:T:A	single nucleotide variant	synonymous variant|5 prime UTR variant	Benign/Likely benign	Sep 14, 2025	criteria provided, multiple submitters, no conflicts							
NM_000038.6(APC):c.481C>T (p.Gln161Ter)	APC	Q161*, Q171*, Q102*, Q136*	Classic or attenuated familial adenomatous polyposis|Hereditary cancer-predisposing syndrome|Familial adenomatous polyposis 1|not provided	VCV000229997	5	112111384	5	112775687	229997	232995	rs876658325	NC_000005.10:112775686:C:T	single nucleotide variant	nonsense|5 prime UTR variant	Pathogenic	Nov 5, 2025	criteria provided, multiple submitters, no conflicts							
NM_000038.6(APC):c.483A>G (p.Gln161=)	APC		Familial adenomatous polyposis 1|Hereditary cancer-predisposing syndrome	VCV000490287	5	112111386	5	112775689	490287	483817	rs1554071578	NC_000005.10:112775688:A:G	single nucleotide variant	synonymous variant|5 prime UTR variant	Benign/Likely benign	Feb 23, 2024	criteria provided, multiple submitters, no conflicts							
NM_000038.6(APC):c.487C>T (p.Gln163Ter)	APC	Q163*, Q173*, Q138*, Q104*	Hereditary cancer-predisposing syndrome|not provided|Familial multiple polyposis syndrome|Familial adenomatous polyposis 1	VCV000217991	5	112111390	5	112775693	217991	214662	rs863225362	NC_000005.10:112775692:C:T	single nucleotide variant	nonsense|5 prime UTR variant	Pathogenic	Aug 7, 2025	criteria provided, multiple submitters, no conflicts							
NM_000038.6(APC):c.492T>C (p.Asn164=)	APC		Familial adenomatous polyposis 1|Hereditary cancer-predisposing syndrome	VCV001098223	5	112111395	5	112775698	1098223	1072010	rs1051740996	NC_000005.10:112775697:T:C	single nucleotide variant	synonymous variant|5 prime UTR variant	Benign/Likely benign	Sep 2, 2025	criteria provided, multiple submitters, no conflicts							
NM_000038.6(APC):c.495C>T (p.Leu165=)	APC		Familial adenomatous polyposis 1|Hereditary cancer-predisposing syndrome	VCV000537605	5	112111398	5	112775701	537605	520264	rs1554071591	NC_000005.10:112775700:C:T	single nucleotide variant	synonymous variant|5 prime UTR variant	Benign/Likely benign	Feb 26, 2025	criteria provided, multiple submitters, no conflicts							
NM_000038.6(APC):c.499A>T (p.Lys167Ter)	APC	K108*, K142*, K167*, K177*	Familial multiple polyposis syndrome	VCV003895933	5	112111402	5	112775705	3895933	4011806		NC_000005.10:112775704:A:T	single nucleotide variant	nonsense|5 prime UTR variant|non-coding transcript variant	Pathogenic	Mar 26, 2025	criteria provided, single submitter							
NM_000038.6(APC):c.510T>C (p.Asp170=)	APC		Familial adenomatous polyposis 1|Hereditary cancer-predisposing syndrome	VCV002774014	5	112111413	5	112775716	2774014	2934745	rs111875298	NC_000005.10:112775715:T:C	single nucleotide variant	synonymous variant|5 prime UTR variant|non-coding transcript variant	Benign/Likely benign	Feb 23, 2024	criteria provided, multiple submitters, no conflicts							
NM_000038.6(APC):c.516T>C (p.Leu172=)	APC		Familial adenomatous polyposis 1|Hereditary cancer-predisposing syndrome	VCV000416770	5	112111419	5	112775722	416770	394319	rs777643585	NC_000005.10:112775721:T:C	single nucleotide variant	synonymous variant|5 prime UTR variant	Benign/Likely benign	Aug 24, 2025	criteria provided, multiple submitters, no conflicts							
NM_000038.6(APC):c.519T>C (p.Pro173=)	APC		Hereditary cancer-predisposing syndrome|not specified|Familial adenomatous polyposis 1	VCV002117738	5	112111422	5	112775725	2117738	2179507	rs1323000561	NC_000005.10:112775724:T:C	single nucleotide variant	synonymous variant|5 prime UTR variant|non-coding transcript variant	Benign/Likely benign	Feb 23, 2024	criteria provided, multiple submitters, no conflicts							
NM_000038.6(APC):c.521T>G (p.Leu174Ter)	APC	L174*, L149*, L115*, L184*	Familial adenomatous polyposis 1	VCV000849001	5	112111424	5	112775727	849001	829601	rs1757571583	NC_000005.10:112775726:T:G	single nucleotide variant	nonsense|5 prime UTR variant	Pathogenic	Feb 6, 2019	criteria provided, single submitter							
NM_000038.6(APC):c.525T>C (p.Thr175=)	APC		Familial adenomatous polyposis 1	VCV003147983	5	112111428	5	112775731	3147983	3307232	rs2149616203	NC_000005.10:112775730:T:C	single nucleotide variant	synonymous variant|5 prime UTR variant|non-coding transcript variant	Benign	Feb 23, 2024	criteria provided, single submitter							
NM_000038.6(APC):c.526G>T (p.Glu176Ter)	APC	E117*, E176*, E186*, E151*	Familial adenomatous polyposis 1	VCV003664304	5	112111429	5	112775732	3664304	3795463		NC_000005.10:112775731:G:T	single nucleotide variant	nonsense|5 prime UTR variant|non-coding transcript variant	Pathogenic	Sep 3, 2024	criteria provided, single submitter							
NM_000038.6(APC):c.531+1G>T	APC		Familial adenomatous polyposis 1|not provided	VCV002583916	5	112111435	5	112775738	2583916	2751485	rs876659973	NC_000005.10:112775737:G:T	single nucleotide variant	splice donor variant	Pathogenic/Likely pathogenic	Dec 2, 2024	criteria provided, multiple submitters, no conflicts							
NM_000038.6(APC):c.531+1G>A	APC		Familial adenomatous polyposis 1|Hereditary cancer-predisposing syndrome|not provided	VCV000860187	5	112111435	5	112775738	860187	850998	rs876659973	NC_000005.10:112775737:G:A	single nucleotide variant	splice donor variant	Pathogenic/Likely pathogenic	Jan 27, 2026	criteria provided, multiple submitters, no conflicts							
NM_000038.6(APC):c.531+1G>C	APC		APC-related disorder|Hereditary cancer-predisposing syndrome|Familial multiple polyposis syndrome|not provided|Familial adenomatous polyposis 1	VCV000232758	5	112111435	5	112775738	232758	232997	rs876659973	NC_000005.10:112775737:G:C	single nucleotide variant	splice donor variant	Pathogenic/Likely pathogenic	Feb 6, 2026	criteria provided, multiple submitters, no conflicts							
NM_000038.6(APC):c.531+2T>C	APC		Hereditary cancer-predisposing syndrome|Familial adenomatous polyposis 1	VCV000217995	5	112111436	5	112775739	217995	214665	rs863225365	NC_000005.10:112775738:T:C	single nucleotide variant	splice donor variant	Pathogenic	Feb 2, 2026	criteria provided, multiple submitters, no conflicts							
NM_000038.6(APC):c.531+2T>A	APC		Hereditary cancer-predisposing syndrome|Familial multiple polyposis syndrome|Familial adenomatous polyposis 1	VCV000217994	5	112111436	5	112775739	217994	214664	rs863225365	NC_000005.10:112775738:T:A	single nucleotide variant	splice donor variant	Pathogenic/Likely pathogenic	Apr 4, 2024	criteria provided, multiple submitters, no conflicts							
NM_000038.6(APC):c.531+3A>T	APC		Familial adenomatous polyposis 1	VCV001372526	5	112111437	5	112775740	1372526	1443770	rs1114167550	NC_000005.10:112775739:A:T	single nucleotide variant	intron variant	Pathogenic	Oct 3, 2023	criteria provided, single submitter							
NM_000038.6(APC):c.531+3A>C	APC		Hereditary cancer-predisposing syndrome|Familial adenomatous polyposis 1	VCV000428099	5	112111437	5	112775740	428099	419593	rs1114167550	NC_000005.10:112775739:A:C	single nucleotide variant	intron variant	Pathogenic	Apr 5, 2026	criteria provided, multiple submitters, no conflicts							
NM_000038.6(APC):c.531+4A>G	APC		Familial adenomatous polyposis 1	VCV001467952	5	112111438	5	112775741	1467952	1462334	rs2149616393	NC_000005.10:112775740:A:G	single nucleotide variant	intron variant	Pathogenic	May 5, 2025	criteria provided, single submitter							
NM_000038.6(APC):c.531+1482A>G	APC		Hereditary cancer-predisposing syndrome|Familial adenomatous polyposis 1|Neoplasm	VCV002119048	5	112112916	5	112777219	2119048	2183396	rs2532437222	NC_000005.10:112777218:A:G	single nucleotide variant	intron variant	Pathogenic/Likely pathogenic	Jun 2, 2026	criteria provided, multiple submitters, no conflicts				Oncogenic	Mar 4, 2025	criteria provided, single submitter	
NM_000038.6(APC):c.532-744G>T	APC		not provided	VCV000679390	5	112115743	5	112780046	679390	660701	rs7732731	NC_000005.10:112780045:G:T	single nucleotide variant	intron variant	Benign	Jun 18, 2018	criteria provided, single submitter							
NM_000038.6(APC):c.532-32T>C	APC		not specified|not provided	VCV000496866	5	112116455	5	112780758	496866	488290	rs112108777	NC_000005.10:112780757:T:C	single nucleotide variant	intron variant	Benign/Likely benign	Mar 4, 2025	criteria provided, multiple submitters, no conflicts							
NM_000038.6(APC):c.532-8G>A	APC		Familial adenomatous polyposis 1	VCV000411469	5	112116479	5	112780782	411469	394685	rs1060503323	NC_000005.10:112780781:G:A	single nucleotide variant	intron variant	Pathogenic	Feb 18, 2023	reviewed by expert panel							
NM_000038.6(APC):c.532-2A>T	APC		Familial adenomatous polyposis 1	VCV001459065	5	112116485	5	112780788	1459065	1406194	rs752152148	NC_000005.10:112780787:A:T	single nucleotide variant	splice acceptor variant	Pathogenic/Likely pathogenic	Apr 26, 2023	criteria provided, multiple submitters, no conflicts							
NM_000038.6(APC):c.532-2A>C	APC		Familial adenomatous polyposis 1	VCV000666011	5	112116485	5	112780788	666011	651248	rs752152148	NC_000005.10:112780787:A:C	single nucleotide variant	splice acceptor variant	Pathogenic	Mar 13, 2019	criteria provided, single submitter							
NM_000038.6(APC):c.532-2A>G	APC		Familial multiple polyposis syndrome|Familial adenomatous polyposis 1	VCV000537563	5	112116485	5	112780788	537563	520717	rs752152148	NC_000005.10:112780787:A:G	single nucleotide variant	splice acceptor variant	Pathogenic	Mar 24, 2026	criteria provided, multiple submitters, no conflicts							
NM_000038.6(APC):c.532-1G>C	APC		Familial adenomatous polyposis 1	VCV003254694	5	112116486	5	112780789	3254694	3413469	rs1554072547	NC_000005.10:112780788:G:C	single nucleotide variant	splice acceptor variant	Pathogenic	Jul 17, 2023	criteria provided, single submitter							
NM_000038.6(APC):c.532-1G>T	APC		Familial adenomatous polyposis 1	VCV002734755	5	112116486	5	112780789	2734755	2894780	rs1554072547	NC_000005.10:112780788:G:T	single nucleotide variant	splice acceptor variant	Pathogenic	Dec 10, 2022	criteria provided, single submitter							
NM_000038.6(APC):c.532-1G>A	APC		Hereditary cancer-predisposing syndrome|Familial adenomatous polyposis 1|not specified	VCV000439410	5	112116486	5	112780789	439410	433004	rs1554072547	NC_000005.10:112780788:G:A	single nucleotide variant	splice acceptor variant	Pathogenic/Likely pathogenic	Sep 30, 2025	criteria provided, multiple submitters, no conflicts							
NM_000038.6(APC):c.537C>T (p.Ser179=)	APC		Hereditary cancer-predisposing syndrome|Familial adenomatous polyposis 1	VCV001747149	5	112116492	5	112780795	1747149	1802900	rs149736402	NC_000005.10:112780794:C:T	single nucleotide variant	synonymous variant|5 prime UTR variant|non-coding transcript variant	Benign/Likely benign	Feb 23, 2024	criteria provided, multiple submitters, no conflicts							
NM_000038.6(APC):c.537C>A (p.Ser179=)	APC		Classic or attenuated familial adenomatous polyposis|Hereditary cancer-predisposing syndrome|not specified|Familial adenomatous polyposis 1	VCV000187344	5	112116492	5	112780795	187344	182325	rs149736402	NC_000005.10:112780794:C:A	single nucleotide variant	synonymous variant|5 prime UTR variant	Benign/Likely benign	Sep 14, 2025	criteria provided, multiple submitters, no conflicts							
NM_000038.6(APC):c.538T>C (p.Leu180=)	APC		Hereditary cancer-predisposing syndrome|Familial adenomatous polyposis 1	VCV000825697	5	112116493	5	112780796	825697	807817	rs1580379462	NC_000005.10:112780795:T:C	single nucleotide variant	synonymous variant|5 prime UTR variant	Benign/Likely benign	Sep 12, 2024	criteria provided, multiple submitters, no conflicts							
NM_000038.6(APC):c.539T>A (p.Leu180Ter)	APC	L180*, L190*, L155*, L121*	Familial multiple polyposis syndrome	VCV000433606	5	112116494	5	112780797	433606	427243	rs1554072560	NC_000005.10:112780796:T:A	single nucleotide variant	nonsense|5 prime UTR variant	Pathogenic		criteria provided, single submitter							
NM_000038.6(APC):c.540A>G (p.Leu180=)	APC		Classic or attenuated familial adenomatous polyposis|Familial adenomatous polyposis 1	VCV001162065	5	112116495	5	112780798	1162065	1136091	rs2149639092	NC_000005.10:112780797:A:G	single nucleotide variant	synonymous variant|5 prime UTR variant	Benign/Likely benign	Jul 10, 2024	criteria provided, multiple submitters, no conflicts							
NM_000038.6(APC):c.541C>T (p.Gln181Ter)	APC	Q181*, Q191*, Q122*, Q156*	Hereditary cancer-predisposing syndrome|not provided|Familial adenomatous polyposis 1	VCV000217996	5	112116496	5	112780799	217996	214666	rs863225366	NC_000005.10:112780798:C:T	single nucleotide variant	nonsense|5 prime UTR variant	Pathogenic	Nov 7, 2024	criteria provided, multiple submitters, no conflicts							
NM_000038.6(APC):c.555C>A (p.Thr185=)	APC		Familial adenomatous polyposis 1	VCV003148251	5	112116510	5	112780813	3148251	3307499	rs1287296038	NC_000005.10:112780812:C:A	single nucleotide variant	synonymous variant|5 prime UTR variant|non-coding transcript variant	Benign	Feb 23, 2024	criteria provided, single submitter							
NM_000038.6(APC):c.555C>G (p.Thr185=)	APC		Hereditary cancer-predisposing syndrome|Familial adenomatous polyposis 1	VCV000754975	5	112116510	5	112780813	754975	764681	rs1287296038	NC_000005.10:112780812:C:G	single nucleotide variant	synonymous variant|5 prime UTR variant	Benign/Likely benign	Oct 21, 2025	criteria provided, multiple submitters, no conflicts							
NM_000038.6(APC):c.556A>T (p.Arg186Ter)	APC	R161*, R127*, R196*, R186*	Hereditary cancer-predisposing syndrome	VCV000825835	5	112116511	5	112780814	825835	807820	rs1580379633	NC_000005.10:112780813:A:T	single nucleotide variant	nonsense|5 prime UTR variant	Pathogenic	Jun 5, 2023	criteria provided, single submitter							
NM_000038.6(APC):c.562C>T (p.Gln188Ter)	APC	Q188*, Q198*, Q129*, Q163*	Familial adenomatous polyposis 1|Colorectal cancer, susceptibility to|Hereditary cancer-predisposing syndrome	VCV000224515	5	112116517	5	112780820	224515	226318	rs869312753	NC_000005.10:112780819:C:T	single nucleotide variant	nonsense|5 prime UTR variant	Pathogenic	Mar 28, 2024	criteria provided, multiple submitters, no conflicts							
NM_000038.6(APC):c.564A>G (p.Gln188=)	APC		Classic or attenuated familial adenomatous polyposis|not specified|Hereditary cancer-predisposing syndrome|Familial adenomatous polyposis 1	VCV000183974	5	112116519	5	112780822	183974	182326	rs377493489	NC_000005.10:112780821:A:G	single nucleotide variant	synonymous variant|5 prime UTR variant	Benign/Likely benign	Jan 17, 2026	criteria provided, multiple submitters, no conflicts							
NM_000038.6(APC):c.565T>C (p.Leu189=)	APC		Hereditary cancer-predisposing syndrome|Familial adenomatous polyposis 1|not specified	VCV000416766	5	112116520	5	112780823	416766	394405	rs762146761	NC_000005.10:112780822:T:C	single nucleotide variant	synonymous variant|5 prime UTR variant	Benign/Likely benign	Jul 22, 2025	criteria provided, multiple submitters, no conflicts							
NM_000038.6(APC):c.567G>A (p.Leu189=)	APC		Hereditary cancer-predisposing syndrome|Familial adenomatous polyposis 1	VCV002865753	5	112116522	5	112780825	2865753	3026826	rs1554072586	NC_000005.10:112780824:G:A	single nucleotide variant	synonymous variant|5 prime UTR variant|non-coding transcript variant	Benign/Likely benign	Mar 22, 2025	criteria provided, multiple submitters, no conflicts							
NM_000038.6(APC):c.570A>G (p.Glu190=)	APC		Familial adenomatous polyposis 1	VCV003148047	5	112116525	5	112780828	3148047	3307295	rs2149639628	NC_000005.10:112780827:A:G	single nucleotide variant	synonymous variant|5 prime UTR variant|non-coding transcript variant	Benign	Feb 23, 2024	criteria provided, single submitter							
NM_000038.6(APC):c.573T>A (p.Tyr191Ter)	APC	Y191*, Y201*, Y132*, Y166*	Familial adenomatous polyposis 1|not provided	VCV000265415	5	112116528	5	112780831	265415	259790	rs185154886	NC_000005.10:112780830:T:A	single nucleotide variant	nonsense|5 prime UTR variant	Pathogenic/Likely pathogenic	Mar 4, 2025	criteria provided, multiple submitters, no conflicts							
NM_000038.6(APC):c.573T>C (p.Tyr191=)	APC		Gastric adenocarcinoma and proximal polyposis of the stomach|Hepatocellular carcinoma|Familial adenomatous polyposis 1|Desmoid disease, hereditary|Colorectal cancer|Gastric cancer|APC-Associated Polyposis Disorders|Hereditary cancer-predisposing syndrome|not specified|not provided|Familial adenomatous polyposis 1|Desmoid disease, hereditary|Familial adenomatous polyposis 1	VCV000215430	5	112116528	5	112780831	215430	212392	rs185154886	NC_000005.10:112780830:T:C	single nucleotide variant	synonymous variant|5 prime UTR variant	Benign/Likely benign	Feb 4, 2026	criteria provided, multiple submitters, no conflicts							
NM_000038.6(APC):c.574G>T (p.Glu192Ter)	APC	E192*, E133*, E167*, E202*	Hereditary cancer-predisposing syndrome	VCV002774098	5	112116529	5	112780832	2774098	2934829	rs757159551	NC_000005.10:112780831:G:T	single nucleotide variant	nonsense|5 prime UTR variant|non-coding transcript variant	Pathogenic	Apr 17, 2022	criteria provided, single submitter							
NM_000038.6(APC):c.582G>A (p.Arg194=)	APC		Classic or attenuated familial adenomatous polyposis|Hereditary cancer-predisposing syndrome|not specified|Familial adenomatous polyposis 1	VCV000219463	5	112116537	5	112780840	219463	221488	rs864622103	NC_000005.10:112780839:G:A	single nucleotide variant	synonymous variant|5 prime UTR variant	Benign/Likely benign	Aug 13, 2025	criteria provided, multiple submitters, no conflicts							
NM_000038.6(APC):c.583C>T (p.Gln195Ter)	APC	Q195*, Q205*, Q170*, Q136*	not provided|Hereditary cancer-predisposing syndrome|Familial adenomatous polyposis 1	VCV000419992	5	112116538	5	112780841	419992	406486	rs749479682	NC_000005.10:112780840:C:T	single nucleotide variant	nonsense|5 prime UTR variant	Pathogenic	Apr 26, 2023	criteria provided, multiple submitters, no conflicts							
NM_000038.6(APC):c.588C>T (p.Ile196=)	APC		Classic or attenuated familial adenomatous polyposis|Hereditary cancer-predisposing syndrome|not provided|Familial adenomatous polyposis 1|not specified	VCV000232855	5	112116543	5	112780846	232855	232999	rs147846364	NC_000005.10:112780845:C:T	single nucleotide variant	synonymous variant|5 prime UTR variant	Benign/Likely benign	Jan 27, 2026	criteria provided, multiple submitters, no conflicts							
NM_000038.6(APC):c.597G>A (p.Ala199=)	APC		Familial adenomatous polyposis 1|Classic or attenuated familial adenomatous polyposis|Hereditary cancer-predisposing syndrome|not specified	VCV000135710	5	112116552	5	112780855	135710	139422	rs587780601	NC_000005.10:112780854:G:A	single nucleotide variant	synonymous variant|5 prime UTR variant	Benign/Likely benign	Jan 20, 2026	criteria provided, multiple submitters, no conflicts							
NM_000038.6(APC):c.601G>T (p.Glu201Ter)	APC	E201*, E211*, E176*, E142*	Familial adenomatous polyposis 1	VCV002135762	5	112116556	5	112780859	2135762	2187190	rs2149640280	NC_000005.10:112780858:G:T	single nucleotide variant	nonsense|5 prime UTR variant	Pathogenic	Jun 7, 2022	criteria provided, single submitter							
NM_000038.6(APC):c.603A>G (p.Glu201=)	APC		Familial adenomatous polyposis 1	VCV003148332	5	112116558	5	112780861	3148332	3307580	rs2149640301	NC_000005.10:112780860:A:G	single nucleotide variant	synonymous variant|5 prime UTR variant|non-coding transcript variant	Benign	Feb 23, 2024	criteria provided, single submitter							
NM_000038.6(APC):c.604G>T (p.Glu202Ter)	APC	E143*, E177*, E202*, E212*	Hereditary cancer-predisposing syndrome	VCV004860861	5	112116559	5	112780862	4860861	4973094		NC_000005.10:112780861:G:T	single nucleotide variant	nonsense|5 prime UTR variant|non-coding transcript variant	Pathogenic	Apr 28, 2026	criteria provided, single submitter							
NM_000038.6(APC):c.606A>G (p.Glu202=)	APC		Classic or attenuated familial adenomatous polyposis|Hereditary cancer-predisposing syndrome|Familial adenomatous polyposis 1	VCV000236627	5	112116561	5	112780864	236627	239528	rs878853460	NC_000005.10:112780863:A:G	single nucleotide variant	synonymous variant|5 prime UTR variant	Benign/Likely benign	Aug 24, 2025	criteria provided, multiple submitters, no conflicts							
NM_000038.6(APC):c.607C>T (p.Gln203Ter)	APC	Q203*, Q213*, Q144*, Q178*	Hereditary cancer-predisposing syndrome|Familial adenomatous polyposis 1	VCV000428106	5	112116562	5	112780865	428106	419594	rs141576417	NC_000005.10:112780864:C:T	single nucleotide variant	nonsense|5 prime UTR variant	Pathogenic	Aug 26, 2025	criteria provided, multiple submitters, no conflicts							
NM_000038.6(APC):c.609A>G (p.Gln203=)	APC		Hereditary cancer-predisposing syndrome|Familial adenomatous polyposis 1|not provided	VCV000416723	5	112116564	5	112780867	416723	394327	rs1060504874	NC_000005.10:112780866:A:G	single nucleotide variant	synonymous variant|5 prime UTR variant	Benign/Likely benign	Oct 29, 2025	criteria provided, multiple submitters, no conflicts							
NM_000038.6(APC):c.612A>G (p.Leu204=)	APC		Familial adenomatous polyposis 1|Hereditary cancer-predisposing syndrome	VCV003148832	5	112116567	5	112780870	3148832	3308080	rs1758254572	NC_000005.10:112780869:A:G	single nucleotide variant	synonymous variant|5 prime UTR variant|non-coding transcript variant	Benign/Likely benign	Apr 19, 2025	criteria provided, multiple submitters, no conflicts							
NM_000038.6(APC):c.615T>A (p.Gly205=)	APC		Familial adenomatous polyposis 1|Hereditary cancer-predisposing syndrome	VCV003148798	5	112116570	5	112780873	3148798	3308046	rs2149640670	NC_000005.10:112780872:T:A	single nucleotide variant	synonymous variant|5 prime UTR variant|non-coding transcript variant	Benign/Likely benign	Apr 25, 2025	criteria provided, multiple submitters, no conflicts							
NM_000038.6(APC):c.618C>T (p.Thr206=)	APC		Hereditary cancer-predisposing syndrome|Familial adenomatous polyposis 1	VCV001965679	5	112116573	5	112780876	1965679	2024399	rs1554072631	NC_000005.10:112780875:C:T	single nucleotide variant	synonymous variant|5 prime UTR variant|non-coding transcript variant	Benign/Likely benign	Jun 23, 2025	criteria provided, multiple submitters, no conflicts							
NM_000038.6(APC):c.618C>A (p.Thr206=)	APC		Hereditary cancer-predisposing syndrome|Familial adenomatous polyposis 1	VCV000537682	5	112116573	5	112780876	537682	520270	rs1554072631	NC_000005.10:112780875:C:A	single nucleotide variant	synonymous variant|5 prime UTR variant	Benign/Likely benign	Jan 31, 2026	criteria provided, multiple submitters, no conflicts							
NM_000038.6(APC):c.621C>A (p.Cys207Ter)	APC	C148*, C182*, C207*, C217*	Familial adenomatous polyposis 1	VCV002584144	5	112116576	5	112780879	2584144	2751711	rs2149640773	NC_000005.10:112780878:C:A	single nucleotide variant	nonsense|5 prime UTR variant|non-coding transcript variant	Pathogenic	Apr 27, 2023	criteria provided, single submitter							
NM_000038.6(APC):c.622C>T (p.Gln208Ter)	APC	Q208*, Q218*, Q149*, Q183*	Familial adenomatous polyposis 1|Hereditary cancer-predisposing syndrome	VCV000000839	5	112116577	5	112780880	839	15878	rs137854583	NC_000005.10:112780879:C:T	single nucleotide variant	nonsense|5 prime UTR variant	Pathogenic	Feb 26, 2025	criteria provided, multiple submitters, no conflicts							
NM_000038.6(APC):c.627T>C (p.Asp209=)	APC		Hereditary cancer-predisposing syndrome|Classic or attenuated familial adenomatous polyposis|Familial adenomatous polyposis 1	VCV000918441	5	112116582	5	112780885	918441	909814	rs1373069696	NC_000005.10:112780884:T:C	single nucleotide variant	synonymous variant|5 prime UTR variant	Benign/Likely benign	Nov 21, 2024	criteria provided, multiple submitters, no conflicts							
NM_000038.6(APC):c.633A>G (p.Glu211=)	APC		Familial adenomatous polyposis 1	VCV002028681	5	112116588	5	112780891	2028681	2085316	rs2532490399	NC_000005.10:112780890:A:G	single nucleotide variant	synonymous variant|5 prime UTR variant|non-coding transcript variant	Benign/Likely benign	Feb 26, 2024	criteria provided, multiple submitters, no conflicts							
NM_000038.6(APC):c.636A>G (p.Lys212=)	APC		Familial adenomatous polyposis 1|Hereditary cancer-predisposing syndrome	VCV003148792	5	112116591	5	112780894	3148792	3308040	rs2149641068	NC_000005.10:112780893:A:G	single nucleotide variant	synonymous variant|5 prime UTR variant|non-coding transcript variant	Benign/Likely benign	Oct 22, 2024	criteria provided, multiple submitters, no conflicts							
NM_000038.6(APC):c.637C>T (p.Arg213Ter)	APC	R213*, R223*, R154*, R188*	Carcinoma of colon|Neoplasm of stomach|Desmoid disease, hereditary|Familial adenomatous polyposis 1|Hepatocellular carcinoma|Hereditary cancer-predisposing syndrome|not provided|Familial multiple polyposis syndrome|Familial adenomatous polyposis 1|Neoplasm	VCV000140952	5	112116592	5	112780895	140952	150666	rs587781392	NC_000005.10:112780894:C:T	single nucleotide variant	nonsense|5 prime UTR variant	Pathogenic/Likely pathogenic	Apr 3, 2026	criteria provided, multiple submitters, no conflicts				Oncogenic	Mar 4, 2025	criteria provided, single submitter	
NM_000038.6(APC):c.642A>T (p.Ala214=)	APC		Familial adenomatous polyposis 1	VCV003148248	5	112116597	5	112780900	3148248	3307496	rs1580380453	NC_000005.10:112780899:A:T	single nucleotide variant	synonymous variant|5 prime UTR variant|non-coding transcript variant	Benign	Feb 26, 2024	criteria provided, single submitter							
NM_000038.6(APC):c.642A>G (p.Ala214=)	APC		Hereditary cancer-predisposing syndrome|Familial adenomatous polyposis 1	VCV001093275	5	112116597	5	112780900	1093275	1072011	rs1580380453	NC_000005.10:112780899:A:G	single nucleotide variant	synonymous variant|5 prime UTR variant	Benign/Likely benign	Jan 8, 2026	criteria provided, multiple submitters, no conflicts							
NM_000038.6(APC):c.642A>C (p.Ala214=)	APC		Hereditary cancer-predisposing syndrome|Familial adenomatous polyposis 1	VCV000798738	5	112116597	5	112780900	798738	782072	rs1580380453	NC_000005.10:112780899:A:C	single nucleotide variant	synonymous variant|5 prime UTR variant	Benign/Likely benign	Feb 26, 2024	criteria provided, multiple submitters, no conflicts							
NM_000038.6(APC):c.643C>T (p.Gln215Ter)	APC	Q215*, Q225*, Q156*, Q190*	Colorectal cancer|Gastric cancer|Gastric adenocarcinoma and proximal polyposis of the stomach|Hepatocellular carcinoma|Desmoid disease, hereditary|Familial adenomatous polyposis 1|Hereditary cancer-predisposing syndrome|not specified|not provided|Familial adenomatous polyposis 1	VCV000000814	5	112116598	5	112780901	814	15853	rs137854577	NC_000005.10:112780900:C:T	single nucleotide variant	nonsense|5 prime UTR variant	Pathogenic	Oct 13, 2025	criteria provided, multiple submitters, no conflicts							
NM_000038.6(APC):c.645+1G>C	APC		Hereditary cancer-predisposing syndrome|not provided|Familial adenomatous polyposis 1	VCV001753603	5	112116601	5	112780904	1753603	1807985	rs863225370	NC_000005.10:112780903:G:C	single nucleotide variant	splice donor variant	Pathogenic/Likely pathogenic	Jul 30, 2024	criteria provided, multiple submitters, no conflicts							
NM_000038.6(APC):c.645+1G>T	APC		Colorectal cancer|Gastric cancer|Hepatocellular carcinoma|Gastric adenocarcinoma and proximal polyposis of the stomach|Familial adenomatous polyposis 1|Desmoid disease, hereditary|Hereditary cancer-predisposing syndrome|Familial adenomatous polyposis 1	VCV000482288	5	112116601	5	112780904	482288	473834	rs863225370	NC_000005.10:112780903:G:T	single nucleotide variant	splice donor variant	Pathogenic/Likely pathogenic	Sep 28, 2026	criteria provided, multiple submitters, no conflicts							
NM_000038.6(APC):c.645+32C>T	APC		Hereditary cancer-predisposing syndrome|not specified|not provided|Familial adenomatous polyposis 1	VCV000218001	5	112116632	5	112780935	218001	214668	rs2909961	NC_000005.10:112780934:C:T	single nucleotide variant	intron variant	Benign	Jul 10, 2025	criteria provided, multiple submitters, no conflicts							
NM_000038.6(APC):c.645+50A>G	APC		not specified|not provided	VCV001189576	5	112116650	5	112780953	1189576	1179891	rs377697545	NC_000005.10:112780952:A:G	single nucleotide variant	intron variant	Benign/Likely benign	Mar 4, 2025	criteria provided, multiple submitters, no conflicts							
NM_000038.6(APC):c.645+61C>T	APC		Familial adenomatous polyposis 1	VCV000218002	5	112116661	5	112780964	218002	214669	rs56328836	NC_000005.10:112780963:C:T	single nucleotide variant	intron variant	Benign	Jul 7, 2023	criteria provided, single submitter							
NM_000038.6(APC):c.645+129A>C	APC		not provided	VCV000082937	5	112116729	5	112781032	82937	93828	rs2289485	NC_000005.10:112781031:A:C	single nucleotide variant	intron variant	Benign	Jun 15, 2018	criteria provided, single submitter							
NM_000038.6(APC):c.645+173A>G	APC		not provided	VCV000082939	5	112116773	5	112781076	82939	93830	rs2289484	NC_000005.10:112781075:A:G	single nucleotide variant	intron variant	Benign	Jun 22, 2018	criteria provided, single submitter							
NM_000038.6(APC):c.646-20G>A	APC		Hereditary cancer-predisposing syndrome|not provided|Familial adenomatous polyposis 1	VCV000372063	5	112128123	5	112792426	372063	358766	rs1057517635	NC_000005.10:112792425:G:A	single nucleotide variant	intron variant	Benign/Likely benign	Oct 23, 2025	criteria provided, multiple submitters, no conflicts							
NM_000038.6(APC):c.646-2A>C	APC		Hereditary cancer-predisposing syndrome|Familial adenomatous polyposis 1	VCV002203674	5	112128141	5	112792444	2203674	1934964	rs777848503	NC_000005.10:112792443:A:C	single nucleotide variant	splice acceptor variant|intron variant	Pathogenic/Likely pathogenic	Feb 23, 2024	criteria provided, multiple submitters, no conflicts							
NM_000038.6(APC):c.646-2A>G	APC		Hereditary cancer-predisposing syndrome|Familial multiple polyposis syndrome|Familial adenomatous polyposis 1	VCV000495370	5	112128141	5	112792444	495370	487023	rs777848503	NC_000005.10:112792443:A:G	single nucleotide variant	splice acceptor variant|intron variant	Pathogenic/Likely pathogenic	Mar 26, 2026	criteria provided, multiple submitters, no conflicts							
NM_000038.6(APC):c.646-1G>A	APC		Hereditary cancer-predisposing syndrome|not provided|Familial adenomatous polyposis 1	VCV001297545	5	112128142	5	112792445	1297545	1287334	rs78847145	NC_000005.10:112792444:G:A	single nucleotide variant	splice acceptor variant|intron variant	Pathogenic/Likely pathogenic	Sep 11, 2024	criteria provided, multiple submitters, no conflicts							
NM_000038.6(APC):c.646C>T (p.Arg216Ter)	APC	R216*, R226*, R157*, R191*	APC associated polyposis|Classic or attenuated familial adenomatous polyposis|Hepatocellular carcinoma|Gastric cancer|Colorectal cancer|Desmoid disease, hereditary|Gastric adenocarcinoma and proximal polyposis of the stomach|Familial adenomatous polyposis 1|Hereditary cancer-predisposing syndrome|Hepatocellular carcinoma|Desmoid disease, hereditary|Carcinoma of colon|Familial adenomatous polyposis 1|Neoplasm of stomach|Familial multiple polyposis syndrome|not provided|Familial adenomatous polyposis 1|Neoplasm	VCV000127312	5	112128143	5	112792446	127312	132769	rs62619935	NC_000005.10:112792445:C:T	single nucleotide variant	nonsense|5 prime UTR variant|intron variant	Pathogenic	Jan 19, 2026	criteria provided, multiple submitters, no conflicts				Oncogenic	Mar 4, 2025	criteria provided, single submitter	
NM_000038.6(APC):c.657C>G (p.Ala219=)	APC		Familial adenomatous polyposis 1	VCV003148506	5	112128154	5	112792457	3148506	3307754	rs2149684115	NC_000005.10:112792456:C:G	single nucleotide variant	non-coding transcript variant|intron variant|synonymous variant|5 prime UTR variant	Benign	Feb 26, 2024	criteria provided, single submitter							
NM_000038.6(APC):c.657C>A (p.Ala219=)	APC		Familial adenomatous polyposis 1	VCV003148082	5	112128154	5	112792457	3148082	3307330	rs2149684115	NC_000005.10:112792456:C:A	single nucleotide variant	synonymous variant|5 prime UTR variant|non-coding transcript variant|intron variant	Benign	Feb 26, 2024	criteria provided, single submitter							
NM_000038.6(APC):c.658A>T (p.Arg220Ter)	APC	R195*, R230*, R161*, R220*	Familial adenomatous polyposis 1	VCV004056229	5	112128155	5	112792458	4056229	4170167		NC_000005.10:112792457:A:T	single nucleotide variant	nonsense|5 prime UTR variant|non-coding transcript variant|intron variant	Pathogenic	Apr 16, 2025	criteria provided, single submitter							
NM_000038.6(APC):c.664C>T (p.Gln222Ter)	APC	Q197*, Q232*, Q163*, Q222*	Familial adenomatous polyposis 1	VCV000638855	5	112128161	5	112792464	638855	632572	rs1580423584	NC_000005.10:112792463:C:T	single nucleotide variant	nonsense|5 prime UTR variant|intron variant	Pathogenic	Jul 31, 2025	criteria provided, multiple submitters, no conflicts							
NM_000038.6(APC):c.667C>T (p.Gln223Ter)	APC	Q223*, Q233*, Q164*, Q198*	Hereditary cancer-predisposing syndrome|not provided|Familial multiple polyposis syndrome|Familial adenomatous polyposis 1	VCV000433610	5	112128164	5	112792467	433610	427247	rs1554074738	NC_000005.10:112792466:C:T	single nucleotide variant	nonsense|5 prime UTR variant|intron variant	Pathogenic	Mar 18, 2025	criteria provided, multiple submitters, no conflicts							
NM_000038.6(APC):c.672C>T (p.Ile224=)	APC		not specified|not provided|Hereditary cancer-predisposing syndrome|Familial adenomatous polyposis 1	VCV000387773	5	112128169	5	112792472	387773	368089	rs367816013	NC_000005.10:112792471:C:T	single nucleotide variant	synonymous variant|5 prime UTR variant|intron variant	Benign/Likely benign	Jan 27, 2026	criteria provided, multiple submitters, no conflicts							
NM_000038.6(APC):c.673G>T (p.Glu225Ter)	APC	E166*, E200*, E225*, E235*	Hereditary cancer-predisposing syndrome|Familial adenomatous polyposis 1	VCV001755189	5	112128170	5	112792473	1755189	1808272	rs768233232	NC_000005.10:112792472:G:T	single nucleotide variant	nonsense|5 prime UTR variant|intron variant	Pathogenic	Nov 14, 2023	criteria provided, multiple submitters, no conflicts							
NM_000038.6(APC):c.681C>T (p.Asp227=)	APC		Familial adenomatous polyposis 1|Hereditary cancer-predisposing syndrome	VCV000490344	5	112128178	5	112792481	490344	483824	rs1060503359	NC_000005.10:112792480:C:T	single nucleotide variant	synonymous variant|5 prime UTR variant|intron variant	Benign/Likely benign	Feb 26, 2024	criteria provided, multiple submitters, no conflicts							
NM_000038.6(APC):c.684A>T (p.Ile228=)	APC		Hereditary cancer-predisposing syndrome|not specified|Familial adenomatous polyposis 1	VCV000382838	5	112128181	5	112792484	382838	368091	rs1057521466	NC_000005.10:112792483:A:T	single nucleotide variant	synonymous variant|5 prime UTR variant|intron variant	Benign/Likely benign	May 21, 2025	criteria provided, multiple submitters, no conflicts							
NM_000038.6(APC):c.694C>A (p.Arg232=)	APC		Familial adenomatous polyposis 1	VCV003148297	5	112128191	5	112792494	3148297	3307545	rs397515734	NC_000005.10:112792493:C:A	single nucleotide variant	synonymous variant|5 prime UTR variant|non-coding transcript variant|intron variant	Benign	Feb 26, 2024	criteria provided, single submitter							
NM_000038.6(APC):c.694C>T (p.Arg232Ter)	APC	R232*, R173*, R207*, R242*	Familial adenomatous polyposis 1|Colon adenocarcinoma|Neoplasm	VCV000042248	5	112128191	5	112792494	42248	51418	rs397515734	NC_000005.10:112792493:C:T	single nucleotide variant	nonsense|5 prime UTR variant|intron variant	Pathogenic	May 19, 2025	reviewed by expert panel	Tier I - Strong	Dec 16, 2022	criteria provided, single submitter	Likely oncogenic	Mar 4, 2025	criteria provided, single submitter	
NM_000038.6(APC):c.697C>T (p.Gln233Ter)	APC	Q233*, Q174*, Q243*, Q208*	Familial adenomatous polyposis 1|Inherited polyposis and early onset colorectal cancer - germline testing|Hereditary cancer-predisposing syndrome	VCV000470070	5	112128194	5	112792497	470070	453838	rs1554074772	NC_000005.10:112792496:C:T	single nucleotide variant	nonsense|5 prime UTR variant|intron variant	Pathogenic	Jun 17, 2025	criteria provided, multiple submitters, no conflicts							
NM_000038.6(APC):c.702T>C (p.Leu234=)	APC		Hereditary cancer-predisposing syndrome|Familial adenomatous polyposis 1	VCV000482371	5	112128199	5	112792502	482371	473847	rs1554074779	NC_000005.10:112792501:T:C	single nucleotide variant	synonymous variant|5 prime UTR variant|intron variant	Benign/Likely benign	Jul 2, 2024	criteria provided, multiple submitters, no conflicts							
NM_000038.6(APC):c.703T>C (p.Leu235=)	APC		Classic or attenuated familial adenomatous polyposis|Familial adenomatous polyposis 1|Hereditary cancer-predisposing syndrome|not specified	VCV000233344	5	112128200	5	112792503	233344	233001	rs750221991	NC_000005.10:112792502:T:C	single nucleotide variant	synonymous variant|5 prime UTR variant|intron variant	Benign/Likely benign	Oct 18, 2025	criteria provided, multiple submitters, no conflicts							
NM_000038.6(APC):c.705A>G (p.Leu235=)	APC		Familial adenomatous polyposis 1	VCV000092349	5	112128202	5	112792505	92349	98260	rs147036141	NC_000005.10:112792504:A:G	single nucleotide variant	synonymous variant|5 prime UTR variant|intron variant	Benign	Feb 18, 2023	reviewed by expert panel							
NM_000038.6(APC):c.706C>T (p.Gln236Ter)	APC	Q236*, Q177*, Q246*, Q211*	Hereditary cancer-predisposing syndrome|Familial adenomatous polyposis 1	VCV000433612	5	112128203	5	112792506	433612	427249	rs1554074786	NC_000005.10:112792505:C:T	single nucleotide variant	nonsense|5 prime UTR variant|intron variant	Pathogenic	Dec 28, 2023	criteria provided, multiple submitters, no conflicts							
NM_000038.6(APC):c.711C>G (p.Ser237=)	APC		not provided|Familial adenomatous polyposis 1|Hereditary cancer-predisposing syndrome	VCV000511971	5	112128208	5	112792511	511971	500899	rs758646398	NC_000005.10:112792510:C:G	single nucleotide variant	synonymous variant|5 prime UTR variant|intron variant	Benign/Likely benign	May 5, 2025	criteria provided, multiple submitters, no conflicts							
NM_000038.6(APC):c.712C>T (p.Gln238Ter)	APC	Q179*, Q213*, Q238*, Q248*	Hereditary cancer-predisposing syndrome|Familial adenomatous polyposis 1	VCV000642931	5	112128209	5	112792512	642931	632577	rs1580424314	NC_000005.10:112792511:C:T	single nucleotide variant	nonsense|5 prime UTR variant|intron variant	Pathogenic	Apr 27, 2023	criteria provided, multiple submitters, no conflicts							
NM_000038.6(APC):c.714A>G (p.Gln238=)	APC		Hereditary cancer-predisposing syndrome|Familial adenomatous polyposis 1	VCV000757042	5	112128211	5	112792514	757042	764684	rs1580424332	NC_000005.10:112792513:A:G	single nucleotide variant	synonymous variant|5 prime UTR variant|intron variant	Benign/Likely benign	May 6, 2025	criteria provided, multiple submitters, no conflicts							
NM_000038.6(APC):c.715G>C (p.Ala239Pro)	APC	A239P, A249P, A214P, A180P	Familial adenomatous polyposis 1	VCV000220329	5	112128212	5	112792515	220329	221490	rs777760565	NC_000005.10:112792514:G:C	single nucleotide variant	missense variant|5 prime UTR variant|intron variant	Benign	Feb 18, 2023	reviewed by expert panel							
NM_000038.6(APC):c.721G>T (p.Glu241Ter)	APC	E216*, E241*, E251*, E182*	Familial adenomatous polyposis 1	VCV001995008	5	112128218	5	112792521	1995008	2049508	rs777603154	NC_000005.10:112792520:G:T	single nucleotide variant	nonsense|5 prime UTR variant|intron variant	Pathogenic	Dec 5, 2024	criteria provided, multiple submitters, no conflicts							
NM_000038.6(APC):c.723A>G (p.Glu241=)	APC		Hereditary cancer-predisposing syndrome|Familial adenomatous polyposis 1	VCV000537699	5	112128220	5	112792523	537699	520650	rs1302603852	NC_000005.10:112792522:A:G	single nucleotide variant	synonymous variant|5 prime UTR variant|intron variant	Benign/Likely benign	Oct 29, 2024	criteria provided, multiple submitters, no conflicts							
NM_000038.6(APC):c.729+23T>C	APC		not specified|not provided|Familial adenomatous polyposis 1	VCV000492653	5	112128249	5	112792552	492653	485611	rs75111475	NC_000005.10:112792551:T:C	single nucleotide variant	intron variant	Benign/Likely benign	Mar 4, 2025	criteria provided, multiple submitters, no conflicts							
NM_000038.6(APC):c.729+88T>C	APC		not provided	VCV000082480	5	112128314	5	112792617	82480	93371	rs79627325	NC_000005.10:112792616:T:C	single nucleotide variant	intron variant	Benign	Mar 3, 2015	criteria provided, single submitter							
NM_000038.6(APC):c.730-494C>G	APC		Hereditary cancer-predisposing syndrome|Familial adenomatous polyposis 1	VCV001397905	5	112136482	5	112800785	1397905	1353105	rs2149709778	NC_000005.10:112800784:C:G	single nucleotide variant	intron variant	Pathogenic	Jan 11, 2025	criteria provided, multiple submitters, no conflicts							
NM_000038.6(APC):c.730-29A>T	APC		not specified|not provided|Familial adenomatous polyposis 1	VCV000218006	5	112136947	5	112801250	218006	214672	rs75083764	NC_000005.10:112801249:A:T	single nucleotide variant	intron variant	Benign	Mar 4, 2025	criteria provided, multiple submitters, no conflicts							
NM_000038.6(APC):c.730-10A>G	APC		Hereditary cancer-predisposing syndrome|Familial adenomatous polyposis 1|Classic or attenuated familial adenomatous polyposis|not provided	VCV000470087	5	112136966	5	112801269	470087	453842	rs756676415	NC_000005.10:112801268:A:G	single nucleotide variant	intron variant	Benign/Likely benign	Sep 29, 2025	criteria provided, multiple submitters, no conflicts							
NM_000038.6(APC):c.732G>A (p.Arg244=)	APC		not provided|Familial adenomatous polyposis 1|Hereditary cancer-predisposing syndrome|Classic or attenuated familial adenomatous polyposis	VCV000516251	5	112136978	5	112801281	516251	501077	rs568914667	NC_000005.10:112801280:G:A	single nucleotide variant	synonymous variant|5 prime UTR variant	Benign/Likely benign	Nov 24, 2025	criteria provided, multiple submitters, no conflicts							
NM_000038.6(APC):c.734C>A (p.Ser245Ter)	APC	S227*, S245*, S255*, S186*, S217*, S220*	Hereditary cancer-predisposing syndrome|Familial adenomatous polyposis 1	VCV000492654	5	112136980	5	112801283	492654	485612	rs1554076133	NC_000005.10:112801282:C:A	single nucleotide variant	nonsense|5 prime UTR variant	Pathogenic	Dec 15, 2024	criteria provided, multiple submitters, no conflicts							
NM_000038.6(APC):c.735A>C (p.Ser245=)	APC		Hereditary cancer-predisposing syndrome|Familial adenomatous polyposis 1	VCV000482339	5	112136981	5	112801284	482339	473629	rs876659397	NC_000005.10:112801283:A:C	single nucleotide variant	synonymous variant|5 prime UTR variant	Benign/Likely benign	Feb 26, 2024	criteria provided, multiple submitters, no conflicts							
NM_000038.6(APC):c.735A>G (p.Ser245=)	APC		Classic or attenuated familial adenomatous polyposis|Hereditary cancer-predisposing syndrome|not provided|Familial adenomatous polyposis 1	VCV000231845	5	112136981	5	112801284	231845	233002	rs876659397	NC_000005.10:112801283:A:G	single nucleotide variant	synonymous variant|5 prime UTR variant	Benign/Likely benign	Aug 18, 2025	criteria provided, multiple submitters, no conflicts							
NM_000038.6(APC):c.739C>T (p.Gln247Ter)	APC	Q188*, Q222*, Q257*, Q219*, Q229*, Q247*	Hereditary cancer-predisposing syndrome|Classic or attenuated familial adenomatous polyposis|Familial adenomatous polyposis 1	VCV000827018	5	112136985	5	112801288	827018	807829	rs1580454483	NC_000005.10:112801287:C:T	single nucleotide variant	nonsense|5 prime UTR variant	Pathogenic	Aug 16, 2024	criteria provided, multiple submitters, no conflicts							
NM_000038.6(APC):c.744C>T (p.Asn248=)	APC		Classic or attenuated familial adenomatous polyposis|Familial adenomatous polyposis 1|Hereditary cancer-predisposing syndrome	VCV000827055	5	112136990	5	112801293	827055	807831	rs747634179	NC_000005.10:112801292:C:T	single nucleotide variant	synonymous variant|5 prime UTR variant	Benign/Likely benign	Oct 11, 2025	criteria provided, multiple submitters, no conflicts							
NM_000038.6(APC):c.747G>A (p.Lys249=)	APC		not provided|not specified|Hereditary cancer-predisposing syndrome|Familial adenomatous polyposis 1	VCV000236646	5	112136993	5	112801296	236646	239529	rs878853470	NC_000005.10:112801295:G:A	single nucleotide variant	synonymous variant|5 prime UTR variant	Benign/Likely benign	Aug 6, 2025	criteria provided, multiple submitters, no conflicts							
NM_000038.6(APC):c.753A>G (p.Glu251=)	APC		Hereditary cancer-predisposing syndrome|Familial adenomatous polyposis 1	VCV000537690	5	112136999	5	112801302	537690	520719	rs1554076143	NC_000005.10:112801301:A:G	single nucleotide variant	synonymous variant|5 prime UTR variant	Benign/Likely benign	Nov 23, 2025	criteria provided, multiple submitters, no conflicts							
NM_000038.6(APC):c.756C>G (p.Thr252=)	APC		Classic or attenuated familial adenomatous polyposis|Hereditary cancer-predisposing syndrome|Familial adenomatous polyposis 1	VCV000763684	5	112137002	5	112801305	763684	764685	rs771535363	NC_000005.10:112801304:C:G	single nucleotide variant	synonymous variant|5 prime UTR variant	Benign/Likely benign	Jan 8, 2025	criteria provided, multiple submitters, no conflicts							
NM_000038.6(APC):c.756C>T (p.Thr252=)	APC		Classic or attenuated familial adenomatous polyposis|Hereditary cancer-predisposing syndrome|not specified|not provided|Familial adenomatous polyposis 1	VCV000183928	5	112137002	5	112801305	183928	182330	rs771535363	NC_000005.10:112801304:C:T	single nucleotide variant	synonymous variant|5 prime UTR variant	Benign/Likely benign	Sep 24, 2025	criteria provided, multiple submitters, no conflicts							
NM_000038.6(APC):c.759C>T (p.Gly253=)	APC		Familial adenomatous polyposis 1|Classic or attenuated familial adenomatous polyposis|Hereditary cancer-predisposing syndrome	VCV000416738	5	112137005	5	112801308	416738	394331	rs746850663	NC_000005.10:112801307:C:T	single nucleotide variant	synonymous variant|5 prime UTR variant	Benign/Likely benign	Jun 3, 2025	criteria provided, multiple submitters, no conflicts							
NM_000038.6(APC):c.761C>G (p.Ser254Ter)	APC	S236*, S254*, S229*, S264*, S195*, S226*	Familial adenomatous polyposis 1|Hereditary cancer-predisposing syndrome	VCV000411489	5	112137007	5	112801310	411489	394220	rs1060503334	NC_000005.10:112801309:C:G	single nucleotide variant	nonsense|5 prime UTR variant	Pathogenic	Sep 5, 2025	criteria provided, multiple submitters, no conflicts							
NM_000038.6(APC):c.762A>G (p.Ser254=)	APC		Hereditary cancer-predisposing syndrome|Familial adenomatous polyposis 1	VCV001609589	5	112137008	5	112801311	1609589	1639102	rs2149711683	NC_000005.10:112801310:A:G	single nucleotide variant	synonymous variant|5 prime UTR variant	Benign/Likely benign	Apr 22, 2026	criteria provided, multiple submitters, no conflicts							
NM_000038.6(APC):c.768T>C (p.Asp256=)	APC		Familial adenomatous polyposis 1|Hereditary cancer-predisposing syndrome	VCV000416755	5	112137014	5	112801317	416755	394419	rs764268036	NC_000005.10:112801316:T:C	single nucleotide variant	synonymous variant|5 prime UTR variant	Benign/Likely benign	May 28, 2024	criteria provided, multiple submitters, no conflicts							
NM_000038.6(APC):c.771T>G (p.Ala257=)	APC		Familial adenomatous polyposis 1|Hereditary cancer-predisposing syndrome	VCV000490363	5	112137017	5	112801320	490363	483831	rs1554076169	NC_000005.10:112801319:T:G	single nucleotide variant	synonymous variant|5 prime UTR variant	Benign/Likely benign	Dec 9, 2024	criteria provided, multiple submitters, no conflicts							
NM_000038.6(APC):c.771T>C (p.Ala257=)	APC		Hereditary cancer-predisposing syndrome|not specified|Familial adenomatous polyposis 1	VCV000482387	5	112137017	5	112801320	482387	473554	rs1554076169	NC_000005.10:112801319:T:C	single nucleotide variant	synonymous variant|5 prime UTR variant	Benign/Likely benign	Dec 20, 2024	criteria provided, multiple submitters, no conflicts							
NM_000038.6(APC):c.775C>A (p.Arg259=)	APC		Hereditary cancer-predisposing syndrome|not specified|Familial adenomatous polyposis 1	VCV000387135	5	112137021	5	112801324	387135	369233	rs762117133	NC_000005.10:112801323:C:A	single nucleotide variant	synonymous variant|5 prime UTR variant	Benign/Likely benign	Aug 20, 2025	criteria provided, multiple submitters, no conflicts							
NM_000038.6(APC):c.777G>A (p.Arg259=)	APC		Hereditary cancer-predisposing syndrome|Familial adenomatous polyposis 1	VCV000486766	5	112137023	5	112801326	486766	473852	rs147704593	NC_000005.10:112801325:G:A	single nucleotide variant	synonymous variant|5 prime UTR variant	Benign/Likely benign	Oct 25, 2025	criteria provided, multiple submitters, no conflicts							
NM_000038.6(APC):c.777G>C (p.Arg259=)	APC		Familial adenomatous polyposis 1|Hereditary cancer-predisposing syndrome	VCV000470110	5	112137023	5	112801326	470110	454591	rs147704593	NC_000005.10:112801325:G:C	single nucleotide variant	synonymous variant|5 prime UTR variant	Benign/Likely benign	Sep 14, 2025	criteria provided, multiple submitters, no conflicts							
NM_000038.6(APC):c.778C>T (p.Gln260Ter)	APC	Q201*, Q232*, Q235*, Q242*, Q260*, Q270*	Hereditary cancer-predisposing syndrome|Familial multiple polyposis syndrome|Familial adenomatous polyposis 1	VCV001804741	5	112137024	5	112801327	1804741	1861756	rs2149711923	NC_000005.10:112801326:C:T	single nucleotide variant	nonsense|5 prime UTR variant	Pathogenic/Likely pathogenic	Apr 27, 2023	criteria provided, multiple submitters, no conflicts							
NM_000038.6(APC):c.780G>A (p.Gln260=)	APC		Hereditary cancer-predisposing syndrome|Familial adenomatous polyposis 1	VCV001671761	5	112137026	5	112801329	1671761	1583998	rs2149711950	NC_000005.10:112801328:G:A	single nucleotide variant	synonymous variant|5 prime UTR variant	Benign/Likely benign	Feb 27, 2024	criteria provided, multiple submitters, no conflicts							
NM_000038.6(APC):c.789T>A (p.Gly263=)	APC		Hereditary cancer-predisposing syndrome|Classic or attenuated familial adenomatous polyposis|not specified|not provided|Familial adenomatous polyposis 1	VCV000184329	5	112137035	5	112801338	184329	182332	rs767053295	NC_000005.10:112801337:T:A	single nucleotide variant	synonymous variant|5 prime UTR variant	Benign/Likely benign	Jan 19, 2026	criteria provided, multiple submitters, no conflicts							
NM_000038.6(APC):c.790C>T (p.Gln264Ter)	APC	Q246*, Q205*, Q236*, Q239*, Q264*, Q274*	Hereditary cancer-predisposing syndrome|Familial adenomatous polyposis 1	VCV001761174	5	112137036	5	112801339	1761174	1813483	rs1434813233	NC_000005.10:112801338:C:T	single nucleotide variant	nonsense|5 prime UTR variant	Pathogenic	Dec 11, 2023	criteria provided, multiple submitters, no conflicts							
NM_000038.6(APC):c.792A>G (p.Gln264=)	APC		Hereditary cancer-predisposing syndrome|Familial adenomatous polyposis 1|Classic or attenuated familial adenomatous polyposis	VCV000215572	5	112137038	5	112801341	215572	212395	rs863224288	NC_000005.10:112801340:A:G	single nucleotide variant	synonymous variant|5 prime UTR variant	Benign/Likely benign	Nov 17, 2025	criteria provided, multiple submitters, no conflicts							
NM_000038.6(APC):c.802G>T (p.Glu268Ter)	APC	E250*, E268*, E209*, E243*, E278*, E240*	Hereditary cancer-predisposing syndrome|Familial adenomatous polyposis 1	VCV000470123	5	112137048	5	112801351	470123	454267	rs1326410920	NC_000005.10:112801350:G:T	single nucleotide variant	nonsense|5 prime UTR variant	Pathogenic	Apr 27, 2023	criteria provided, multiple submitters, no conflicts							
NM_000038.6(APC):c.804A>G (p.Glu268=)	APC		Hereditary cancer-predisposing syndrome|Familial adenomatous polyposis 1	VCV001115729	5	112137050	5	112801353	1115729	1093618	rs970071415	NC_000005.10:112801352:A:G	single nucleotide variant	synonymous variant|5 prime UTR variant	Benign/Likely benign	Sep 2, 2025	criteria provided, multiple submitters, no conflicts							
NM_000038.6(APC):c.807C>T (p.Ile269=)	APC		Familial adenomatous polyposis 1|not specified|Hereditary cancer-predisposing syndrome	VCV001134907	5	112137053	5	112801356	1134907	1115155	rs1000878850	NC_000005.10:112801355:C:T	single nucleotide variant	synonymous variant|5 prime UTR variant	Benign/Likely benign	Sep 29, 2025	criteria provided, multiple submitters, no conflicts							
NM_000038.6(APC):c.807C>A (p.Ile269=)	APC		Hereditary cancer-predisposing syndrome|Familial adenomatous polyposis 1|Classic or attenuated familial adenomatous polyposis	VCV000470128	5	112137053	5	112801356	470128	454269	rs1000878850	NC_000005.10:112801355:C:A	single nucleotide variant	synonymous variant|5 prime UTR variant	Benign/Likely benign	Nov 23, 2025	criteria provided, multiple submitters, no conflicts							
NM_000038.6(APC):c.810C>T (p.Asn270=)	APC		Hereditary cancer-predisposing syndrome|Classic or attenuated familial adenomatous polyposis|Familial adenomatous polyposis 1	VCV000827458	5	112137056	5	112801359	827458	807835	rs1313236573	NC_000005.10:112801358:C:T	single nucleotide variant	synonymous variant|5 prime UTR variant	Benign/Likely benign	Feb 27, 2024	criteria provided, multiple submitters, no conflicts							
NM_000038.6(APC):c.816A>G (p.Ala272=)	APC		Familial adenomatous polyposis 1	VCV003148773	5	112137062	5	112801365	3148773	3308021	rs2532756043	NC_000005.10:112801364:A:G	single nucleotide variant	synonymous variant|5 prime UTR variant|non-coding transcript variant	Benign	Feb 27, 2024	criteria provided, single submitter							
NM_000038.6(APC):c.819T>A (p.Thr273=)	APC		Familial adenomatous polyposis 1	VCV003148242	5	112137065	5	112801368	3148242	3307490	rs2149712412	NC_000005.10:112801367:T:A	single nucleotide variant	synonymous variant|5 prime UTR variant|non-coding transcript variant	Benign	Feb 27, 2024	criteria provided, single submitter							
NM_000038.6(APC):c.819T>G (p.Thr273=)	APC		Familial adenomatous polyposis 1	VCV003148018	5	112137065	5	112801368	3148018	3307266	rs2149712412	NC_000005.10:112801367:T:G	single nucleotide variant	synonymous variant|5 prime UTR variant|non-coding transcript variant	Benign	Feb 27, 2024	criteria provided, single submitter							
NM_000038.6(APC):c.822T>C (p.Ser274=)	APC		Hereditary cancer-predisposing syndrome|not provided|Familial adenomatous polyposis 1	VCV000184696	5	112137068	5	112801371	184696	182334	rs776589022	NC_000005.10:112801370:T:C	single nucleotide variant	synonymous variant|5 prime UTR variant	Benign/Likely benign	Feb 27, 2024	criteria provided, multiple submitters, no conflicts							
NM_000038.6(APC):c.831T>A (p.Gly277=)	APC		Familial adenomatous polyposis 1	VCV003148339	5	112137077	5	112801380	3148339	3307587	rs2149712555	NC_000005.10:112801379:T:A	single nucleotide variant	synonymous variant|5 prime UTR variant|non-coding transcript variant	Benign	Feb 27, 2024	criteria provided, single submitter							
NM_000038.6(APC):c.831T>C (p.Gly277=)	APC		Familial adenomatous polyposis 1	VCV001155047	5	112137077	5	112801380	1155047	1136093	rs2149712555	NC_000005.10:112801379:T:C	single nucleotide variant	synonymous variant|5 prime UTR variant	Benign/Likely benign	Oct 15, 2025	criteria provided, multiple submitters, no conflicts							
NM_000038.6(APC):c.832C>T (p.Gln278Ter)	APC	Q278*, Q260*, Q219*, Q253*, Q250*, Q288*	Familial adenomatous polyposis 1	VCV000470138	5	112137078	5	112801381	470138	454270	rs1554076217	NC_000005.10:112801380:C:T	single nucleotide variant	nonsense|5 prime UTR variant	Pathogenic	Apr 22, 2024	criteria provided, multiple submitters, no conflicts							
NM_000038.6(APC):c.834G>A (p.Gln278=)	APC		Hereditary cancer-predisposing syndrome|Familial adenomatous polyposis 1|not provided	VCV000411344	5	112137080	5	112801383	411344	394701	rs1060503261	NC_000005.10:112801382:G:A	single nucleotide variant	synonymous variant|5 prime UTR variant	Pathogenic/Likely pathogenic	Mar 22, 2024	criteria provided, multiple submitters, no conflicts							
NM_000038.6(APC):c.834+1G>T	APC		Familial adenomatous polyposis 1	VCV003648613	5	112137081	5	112801384	3648613	3784470		NC_000005.10:112801383:G:T	single nucleotide variant	splice donor variant	Pathogenic	Apr 4, 2024	criteria provided, single submitter							
NM_000038.6(APC):c.834+1G>A	APC		Familial adenomatous polyposis 1|Gastric adenocarcinoma and proximal polyposis of the stomach|Desmoid disease, hereditary|Hepatocellular carcinoma|Gastric cancer|Colorectal cancer|Hereditary cancer-predisposing syndrome|not specified|Familial adenomatous polyposis 1	VCV000439408	5	112137081	5	112801384	439408	433005	rs1554076225	NC_000005.10:112801383:G:A	single nucleotide variant	splice donor variant	Pathogenic/Likely pathogenic	Jan 27, 2026	criteria provided, multiple submitters, no conflicts							
NM_000038.6(APC):c.834+269C>A	APC		not provided	VCV001249454	5	112137349	5	112801652	1249454	1241079	rs56320268	NC_000005.10:112801651:C:A	single nucleotide variant	intron variant	Benign	Mar 20, 2019	criteria provided, single submitter							
NM_000038.6(APC):c.835-1G>A	APC		Hereditary cancer-predisposing syndrome|Familial adenomatous polyposis 1	VCV001050175	5	112151191	5	112815494	1050175	1037552	rs2149762252	NC_000005.10:112815493:G:A	single nucleotide variant	splice acceptor variant	Pathogenic/Likely pathogenic	Feb 25, 2026	criteria provided, multiple submitters, no conflicts							
NM_000038.6(APC):c.839C>G (p.Ser280Ter)	APC	S280*, S262*, S255*, S290*, S221*, S252*	Familial adenomatous polyposis 1|Familial multiple polyposis syndrome	VCV000000799	5	112151196	5	112815499	799	15838	rs137854569	NC_000005.10:112815498:C:G	single nucleotide variant	nonsense|5 prime UTR variant	Pathogenic	Jul 30, 2025	criteria provided, multiple submitters, no conflicts							
NM_000038.6(APC):c.846A>C (p.Thr282=)	APC		Familial adenomatous polyposis 1	VCV003148004	5	112151203	5	112815506	3148004	3307252	rs1554079134	NC_000005.10:112815505:A:C	single nucleotide variant	synonymous variant|5 prime UTR variant|non-coding transcript variant	Benign	Feb 27, 2024	criteria provided, single submitter							
NM_000038.6(APC):c.846A>G (p.Thr282=)	APC		Hereditary cancer-predisposing syndrome|Familial adenomatous polyposis 1	VCV000470145	5	112151203	5	112815506	470145	454599	rs1554079134	NC_000005.10:112815505:A:G	single nucleotide variant	synonymous variant|5 prime UTR variant	Benign/Likely benign	Jun 17, 2025	criteria provided, multiple submitters, no conflicts							
NM_000038.6(APC):c.847C>T (p.Arg283Ter)	APC	R265*, R283*, R255*, R224*, R258*, R293*	Familial adenomatous polyposis 1|Colorectal cancer	VCV000184999	5	112151204	5	112815507	184999	182336	rs786201856	NC_000005.10:112815506:C:T	single nucleotide variant	nonsense|5 prime UTR variant	Pathogenic	Feb 18, 2023	reviewed by expert panel				Oncogenic	Jul 11, 2016	no assertion criteria provided	
NM_000038.6(APC):c.849A>G (p.Arg283=)	APC		Classic or attenuated familial adenomatous polyposis|Hereditary cancer-predisposing syndrome|Familial adenomatous polyposis 1	VCV000236658	5	112151206	5	112815509	236658	239533	rs878853478	NC_000005.10:112815508:A:G	single nucleotide variant	synonymous variant|5 prime UTR variant|non-coding transcript variant	Benign/Likely benign	Nov 19, 2024	criteria provided, multiple submitters, no conflicts							
NM_000038.6(APC):c.858T>C (p.His286=)	APC		Hereditary cancer-predisposing syndrome|not provided|Familial adenomatous polyposis 1	VCV000231755	5	112151215	5	112815518	231755	233005	rs876659340	NC_000005.10:112815517:T:C	single nucleotide variant	synonymous variant	Benign/Likely benign	Nov 17, 2025	criteria provided, multiple submitters, no conflicts							
NM_000038.6(APC):c.864A>T (p.Thr288=)	APC		Classic or attenuated familial adenomatous polyposis|not provided|Hereditary cancer-predisposing syndrome|Familial adenomatous polyposis 1	VCV001114450	5	112151221	5	112815524	1114450	1093620	rs1580511694	NC_000005.10:112815523:A:T	single nucleotide variant	synonymous variant	Benign/Likely benign	Dec 11, 2024	criteria provided, multiple submitters, no conflicts							
NM_000038.6(APC):c.864A>G (p.Thr288=)	APC		not provided|Hereditary cancer-predisposing syndrome|Familial adenomatous polyposis 1	VCV000794952	5	112151221	5	112815524	794952	782073	rs1580511694	NC_000005.10:112815523:A:G	single nucleotide variant	synonymous variant	Benign/Likely benign	Feb 27, 2024	criteria provided, multiple submitters, no conflicts							
NM_000038.6(APC):c.867C>T (p.Ala289=)	APC		Hereditary cancer-predisposing syndrome|Familial adenomatous polyposis 1	VCV001764270	5	112151224	5	112815527	1764270	1817397	rs2149762899	NC_000005.10:112815526:C:T	single nucleotide variant	synonymous variant|non-coding transcript variant	Benign/Likely benign	Oct 31, 2024	criteria provided, multiple submitters, no conflicts							
NM_000038.6(APC):c.870T>C (p.Ser290=)	APC		not specified|Hereditary cancer-predisposing syndrome|Familial adenomatous polyposis 1|Classic or attenuated familial adenomatous polyposis	VCV000215574	5	112151227	5	112815530	215574	212397	rs863224289	NC_000005.10:112815529:T:C	single nucleotide variant	synonymous variant	Benign/Likely benign	Apr 1, 2025	criteria provided, multiple submitters, no conflicts							
NM_000038.6(APC):c.875T>A (p.Leu292Ter)	APC	L274*, L292*, L302*, L9*, L233*, L267*, L264*	Hereditary cancer-predisposing syndrome	VCV000233488	5	112151232	5	112815535	233488	233006	rs876660439	NC_000005.10:112815534:T:A	single nucleotide variant	nonsense	Pathogenic	Aug 21, 2015	criteria provided, single submitter							
NM_000038.6(APC):c.879T>C (p.Ser293=)	APC		Familial adenomatous polyposis 1	VCV003148754	5	112151236	5	112815539	3148754	3308002	rs2149763187	NC_000005.10:112815538:T:C	single nucleotide variant	synonymous variant|non-coding transcript variant	Benign	Feb 27, 2024	criteria provided, single submitter							
NM_000038.6(APC):c.894C>T (p.His298=)	APC		Hereditary cancer-predisposing syndrome|not provided|Classic or attenuated familial adenomatous polyposis|Familial adenomatous polyposis 1	VCV000389268	5	112151251	5	112815554	389268	368039	rs143341972	NC_000005.10:112815553:C:T	single nucleotide variant	synonymous variant	Benign/Likely benign	Jan 19, 2026	criteria provided, multiple submitters, no conflicts							
NM_000038.6(APC):c.897T>G (p.Ser299=)	APC		Familial adenomatous polyposis 1	VCV003148063	5	112151254	5	112815557	3148063	3307311	rs1762425713	NC_000005.10:112815556:T:G	single nucleotide variant	synonymous variant|non-coding transcript variant	Benign	Feb 27, 2024	criteria provided, single submitter							
NM_000038.6(APC):c.903T>A (p.Pro301=)	APC		Hereditary cancer-predisposing syndrome|Familial adenomatous polyposis 1	VCV002162226	5	112151260	5	112815563	2162226	1884614	rs1554079205	NC_000005.10:112815562:T:A	single nucleotide variant	synonymous variant|non-coding transcript variant	Benign/Likely benign	Feb 27, 2024	criteria provided, multiple submitters, no conflicts							
NM_000038.6(APC):c.904C>A (p.Arg302=)	APC		Hereditary cancer-predisposing syndrome|Familial adenomatous polyposis 1	VCV001765592	5	112151261	5	112815564	1765592	1821232	rs137854568	NC_000005.10:112815563:C:A	single nucleotide variant	synonymous variant|non-coding transcript variant	Benign/Likely benign	Feb 27, 2024	criteria provided, multiple submitters, no conflicts							
NM_000038.6(APC):c.904C>T (p.Arg302Ter)	APC	R302*, R284*, R19*, R274*, R277*, R312*, R243*	Hereditary cancer-predisposing syndrome|Classic or attenuated familial adenomatous polyposis|not provided|Familial adenomatous polyposis 1|Colorectal cancer, susceptibility to|Familial multiple polyposis syndrome|Neoplasm	VCV000000798	5	112151261	5	112815564	798	15837	rs137854568	NC_000005.10:112815563:C:T	single nucleotide variant	nonsense	Pathogenic/Likely pathogenic	Apr 8, 2025	criteria provided, multiple submitters, no conflicts				Likely oncogenic	Mar 4, 2025	criteria provided, single submitter	
NM_000038.6(APC):c.907A>C (p.Arg303=)	APC		Familial adenomatous polyposis 1	VCV003148755	5	112151264	5	112815567	3148755	3308003	rs2532971532	NC_000005.10:112815566:A:C	single nucleotide variant	synonymous variant|non-coding transcript variant	Benign	Feb 27, 2024	criteria provided, single submitter							
NM_000038.6(APC):c.909G>A (p.Arg303=)	APC		not provided|Hereditary cancer-predisposing syndrome|Familial adenomatous polyposis 1	VCV000823005	5	112151266	5	112815569	823005	807843	rs1580512337	NC_000005.10:112815568:G:A	single nucleotide variant	synonymous variant	Benign/Likely benign	Aug 1, 2024	criteria provided, multiple submitters, no conflicts							
NM_000038.6(APC):c.915A>G (p.Thr305=)	APC		Hereditary cancer-predisposing syndrome|Familial adenomatous polyposis 1	VCV001106500	5	112151272	5	112815575	1106500	1093621	rs1762428447	NC_000005.10:112815574:A:G	single nucleotide variant	synonymous variant	Benign/Likely benign	May 7, 2025	criteria provided, multiple submitters, no conflicts							
NM_000038.6(APC):c.922C>T (p.Leu308=)	APC		Hereditary cancer-predisposing syndrome|Familial adenomatous polyposis 1	VCV000924284	5	112151279	5	112815582	924284	909822	rs993695568	NC_000005.10:112815581:C:T	single nucleotide variant	synonymous variant	Benign/Likely benign	Dec 3, 2025	criteria provided, multiple submitters, no conflicts							
NM_000038.6(APC):c.924G>T (p.Leu308=)	APC		Familial adenomatous polyposis 1|Hereditary cancer-predisposing syndrome	VCV000416736	5	112151281	5	112815584	416736	394232	rs1060504873	NC_000005.10:112815583:G:T	single nucleotide variant	synonymous variant	Benign/Likely benign	Aug 28, 2024	criteria provided, multiple submitters, no conflicts							
NM_000038.6(APC):c.924G>A (p.Leu308=)	APC		Familial adenomatous polyposis 1|Hereditary cancer-predisposing syndrome	VCV000416722	5	112151281	5	112815584	416722	394340	rs1060504873	NC_000005.10:112815583:G:A	single nucleotide variant	synonymous variant	Benign/Likely benign	Feb 29, 2024	criteria provided, multiple submitters, no conflicts							
NM_000038.6(APC):c.925G>T (p.Gly309Ter)	APC	G291*, G309*, G281*, G26*, G319*, G250*, G284*	Hereditary cancer-predisposing syndrome|Familial adenomatous polyposis 1	VCV000188167	5	112151282	5	112815585	188167	186027	rs786204118	NC_000005.10:112815584:G:T	single nucleotide variant	nonsense	Pathogenic	Dec 22, 2025	criteria provided, multiple submitters, no conflicts							
NM_000038.6(APC):c.930C>G (p.Thr310=)	APC		Hereditary cancer-predisposing syndrome|Familial adenomatous polyposis 1	VCV001109381	5	112151287	5	112815590	1109381	1093622	rs2149764113	NC_000005.10:112815589:C:G	single nucleotide variant	synonymous variant	Benign/Likely benign	Feb 29, 2024	criteria provided, multiple submitters, no conflicts							
NM_000038.6(APC):c.931A>T (p.Lys311Ter)	APC	K293*, K311*, K252*, K286*, K28*, K283*, K321*	not provided|Familial adenomatous polyposis 1	VCV000419800	5	112151288	5	112815591	419800	406494	rs1064794114	NC_000005.10:112815590:A:T	single nucleotide variant	nonsense	Pathogenic	Jul 19, 2023	criteria provided, multiple submitters, no conflicts							
NM_000038.6(APC):c.933G>A (p.Lys311=)	APC		Hereditary cancer-predisposing syndrome|Familial adenomatous polyposis 1	VCV001766629	5	112151290	5	112815593	1766629	1824872	rs1762431806	NC_000005.10:112815592:G:A	single nucleotide variant	synonymous variant|non-coding transcript variant	Pathogenic/Likely pathogenic	May 8, 2026	criteria provided, multiple submitters, no conflicts							
NM_000038.6(APC):c.933+1G>A	APC		Carcinoma of colon|Hepatocellular carcinoma|Desmoid disease, hereditary|Familial adenomatous polyposis 1|Neoplasm of stomach|Hereditary cancer-predisposing syndrome|Familial adenomatous polyposis 1	VCV000233970	5	112151291	5	112815594	233970	233008	rs876660765	NC_000005.10:112815593:G:A	single nucleotide variant	splice donor variant	Pathogenic/Likely pathogenic	Apr 30, 2025	criteria provided, multiple submitters, no conflicts							
NM_000038.6(APC):c.933+2T>C	APC		Classic or attenuated familial adenomatous polyposis|Hereditary cancer-predisposing syndrome|Familial multiple polyposis syndrome|Familial adenomatous polyposis 1	VCV000371831	5	112151292	5	112815595	371831	358769	rs1057517559	NC_000005.10:112815594:T:C	single nucleotide variant	splice donor variant	Pathogenic/Likely pathogenic	Jun 12, 2025	criteria provided, multiple submitters, no conflicts							
NM_000038.6(APC):c.933+30A>G	APC		not provided|not specified|Familial adenomatous polyposis 1	VCV000254733	5	112151320	5	112815623	254733	251611	rs145211300	NC_000005.10:112815622:A:G	single nucleotide variant	intron variant	Benign/Likely benign	Mar 4, 2025	criteria provided, multiple submitters, no conflicts							
NM_000038.6(APC):c.933+261G>T	APC		not provided	VCV001275686	5	112151551	5	112815854	1275686	1263864	rs12656359	NC_000005.10:112815853:G:T	single nucleotide variant	intron variant	Benign	Jan 10, 2019	criteria provided, single submitter							
NM_000038.6(APC):c.933+829A>G	APC		Hereditary cancer-predisposing syndrome|Familial adenomatous polyposis 1	VCV000823173	5	112152119	5	112816422	823173	815326	rs1580516055	NC_000005.10:112816421:A:G	single nucleotide variant	intron variant	Pathogenic/Likely pathogenic	Jul 8, 2026	criteria provided, multiple submitters, no conflicts							
NM_000038.6(APC):c.933+916T>G	APC		not provided	VCV000082560	5	112152206	5	112816509	82560	93451	rs17134960	NC_000005.10:112816508:T:G	single nucleotide variant	intron variant	Benign	May 10, 2021	criteria provided, single submitter							
NM_000038.6(APC):c.933+1059G>T	APC		not provided	VCV001228265	5	112152349	5	112816652	1228265	1218230	rs140665929	NC_000005.10:112816651:G:T	single nucleotide variant	intron variant	Benign	May 10, 2021	criteria provided, single submitter							
NM_000038.6(APC):c.934-132G>T	APC		not provided	VCV000083122	5	112154531	5	112818834	83122	94013	rs12521276	NC_000005.10:112818833:G:T	single nucleotide variant	intron variant	Benign	Aug 14, 2019	criteria provided, single submitter							
NM_000038.6(APC):c.934-92G>C	APC		not provided	VCV001260882	5	112154571	5	112818874	1260882	1253370	rs80307314	NC_000005.10:112818873:G:C	single nucleotide variant	intron variant	Benign	Mar 3, 2015	criteria provided, single submitter							
NM_000038.6(APC):c.939A>G (p.Glu313=)	APC		Hereditary cancer-predisposing syndrome|Familial adenomatous polyposis 1	VCV000482370	5	112154668	5	112818971	482370	473560	rs1554079944	NC_000005.10:112818970:A:G	single nucleotide variant	synonymous variant|intron variant	Benign/Likely benign	Feb 29, 2024	criteria provided, multiple submitters, no conflicts							
NM_000038.6(APC):c.945G>A (p.Val315=)	APC		Hereditary cancer-predisposing syndrome|Familial adenomatous polyposis 1	VCV000823264	5	112154674	5	112818977	823264	807844	rs1580527576	NC_000005.10:112818976:G:A	single nucleotide variant	synonymous variant|intron variant	Benign/Likely benign	Jun 25, 2024	criteria provided, multiple submitters, no conflicts							
NM_000038.6(APC):c.948T>A (p.Tyr316Ter)	APC	Y288*, Y33*, Y326*, Y257*, Y291*, Y298*, Y316*	Hereditary cancer-predisposing syndrome|Familial adenomatous polyposis 1	VCV001767127	5	112154677	5	112818980	1767127	1821469	rs748010172	NC_000005.10:112818979:T:A	single nucleotide variant	nonsense|intron variant	Pathogenic	Apr 28, 2023	criteria provided, multiple submitters, no conflicts							
NM_000038.6(APC):c.948T>G (p.Tyr316Ter)	APC	Y298*, Y316*, Y33*, Y291*, Y257*, Y288*, Y326*	Familial adenomatous polyposis 1	VCV000470156	5	112154677	5	112818980	470156	454053	rs748010172	NC_000005.10:112818979:T:G	single nucleotide variant	nonsense|intron variant	Pathogenic	Feb 2, 2017	criteria provided, single submitter							
NM_000038.6(APC):c.948T>C (p.Tyr316=)	APC		not specified|Familial adenomatous polyposis 1|Hereditary cancer-predisposing syndrome|not provided	VCV000231355	5	112154677	5	112818980	231355	233011	rs748010172	NC_000005.10:112818979:T:C	single nucleotide variant	synonymous variant|intron variant	Benign/Likely benign	Jan 31, 2026	criteria provided, multiple submitters, no conflicts							
NM_000038.6(APC):c.950C>G (p.Ser317Ter)	APC	S258*, S289*, S292*, S299*, S317*, S327*, S34*	Familial adenomatous polyposis 1|Hereditary cancer-predisposing syndrome	VCV002583991	5	112154679	5	112818982	2583991	2751560	rs2149778856	NC_000005.10:112818981:C:G	single nucleotide variant	nonsense|non-coding transcript variant|intron variant	Pathogenic	Dec 26, 2025	criteria provided, multiple submitters, no conflicts							
NM_000038.6(APC):c.951A>G (p.Ser317=)	APC		Familial adenomatous polyposis 1|Hereditary cancer-predisposing syndrome	VCV000823305	5	112154680	5	112818983	823305	807846	rs970626019	NC_000005.10:112818982:A:G	single nucleotide variant	synonymous variant|intron variant	Benign/Likely benign	Aug 21, 2024	criteria provided, multiple submitters, no conflicts							
NM_000038.6(APC):c.953T>A (p.Leu318Ter)	APC	L300*, L290*, L293*, L328*, L318*, L35*, L259*	Hereditary cancer-predisposing syndrome	VCV003927967	5	112154682	5	112818985	3927967	4043705		NC_000005.10:112818984:T:A	single nucleotide variant	nonsense|non-coding transcript variant|intron variant	Pathogenic	Mar 18, 2025	criteria provided, single submitter							
NM_000038.6(APC):c.955T>C (p.Leu319=)	APC		Familial adenomatous polyposis 1|Classic or attenuated familial adenomatous polyposis	VCV003148601	5	112154684	5	112818987	3148601	3307849	rs2149778929	NC_000005.10:112818986:T:C	single nucleotide variant	synonymous variant|non-coding transcript variant|intron variant	Benign/Likely benign	Aug 6, 2024	criteria provided, multiple submitters, no conflicts							
NM_000038.6(APC):c.956T>A (p.Leu319Ter)	APC	L260*, L291*, L294*, L301*, L319*, L329*, L36*	Familial adenomatous polyposis 1	VCV002584162	5	112154685	5	112818988	2584162	2751729	rs2149778946	NC_000005.10:112818987:T:A	single nucleotide variant	nonsense|non-coding transcript variant|intron variant	Pathogenic	Apr 28, 2023	criteria provided, single submitter							
NM_000038.6(APC):c.959C>G (p.Ser320Ter)	APC	S261*, S292*, S295*, S302*, S320*, S330*, S37*	Familial adenomatous polyposis 1	VCV003773091	5	112154688	5	112818991	3773091	3889241		NC_000005.10:112818990:C:G	single nucleotide variant	nonsense|non-coding transcript variant|intron variant	Pathogenic	Dec 2, 2024	criteria provided, single submitter							
NM_000038.6(APC):c.959C>A (p.Ser320Ter)	APC	S261*, S292*, S295*, S302*, S320*, S330*, S37*	Familial adenomatous polyposis 1|Familial multiple polyposis syndrome	VCV002583947	5	112154688	5	112818991	2583947	2751516	rs2149778990	NC_000005.10:112818990:C:A	single nucleotide variant	nonsense|non-coding transcript variant|intron variant	Pathogenic	Jan 29, 2024	criteria provided, multiple submitters, no conflicts							
NM_000038.6(APC):c.960A>G (p.Ser320=)	APC		Hereditary cancer-predisposing syndrome|Familial adenomatous polyposis 1	VCV000698810	5	112154689	5	112818992	698810	686568	rs1580527718	NC_000005.10:112818991:A:G	single nucleotide variant	synonymous variant|intron variant	Benign/Likely benign	Feb 29, 2024	criteria provided, multiple submitters, no conflicts							
NM_000038.6(APC):c.975T>C (p.His325=)	APC		Hereditary cancer-predisposing syndrome|Familial adenomatous polyposis 1	VCV001768113	5	112154704	5	112819007	1768113	1825546	rs1196721514	NC_000005.10:112819006:T:C	single nucleotide variant	synonymous variant|non-coding transcript variant|intron variant	Benign/Likely benign	Nov 11, 2024	criteria provided, multiple submitters, no conflicts							
NM_000038.6(APC):c.978T>C (p.Asp326=)	APC		Familial adenomatous polyposis 1|Hereditary cancer-predisposing syndrome	VCV003148088	5	112154707	5	112819010	3148088	3307336	rs2533036922	NC_000005.10:112819009:T:C	single nucleotide variant	synonymous variant|non-coding transcript variant|intron variant	Benign/Likely benign	Nov 8, 2025	criteria provided, multiple submitters, no conflicts							
NM_000038.6(APC):c.984T>C (p.Asp328=)	APC		Familial adenomatous polyposis 1|Hereditary cancer-predisposing syndrome	VCV003148091	5	112154713	5	112819016	3148091	3307339	rs2149779362	NC_000005.10:112819015:T:C	single nucleotide variant	synonymous variant|non-coding transcript variant|intron variant	Benign/Likely benign	Feb 29, 2024	criteria provided, multiple submitters, no conflicts							
NM_000038.6(APC):c.992C>A (p.Ser331Ter)	APC	S272*, S303*, S306*, S313*, S331*, S341*, S48*	Desmoid disease, hereditary	VCV003779347	5	112154721	5	112819024	3779347	3895331		NC_000005.10:112819023:C:A	single nucleotide variant	nonsense|non-coding transcript variant|intron variant	Pathogenic	Oct 28, 2021	criteria provided, single submitter							
NM_000038.6(APC):c.993G>T (p.Ser331=)	APC		Hereditary cancer-predisposing syndrome|Familial adenomatous polyposis 1	VCV000823565	5	112154722	5	112819025	823565	807847	rs148343173	NC_000005.10:112819024:G:T	single nucleotide variant	synonymous variant|intron variant	Benign/Likely benign	Jun 30, 2024	criteria provided, multiple submitters, no conflicts							
NM_000038.6(APC):c.993G>A (p.Ser331=)	APC		Hereditary cancer-predisposing syndrome|not provided|not specified|Familial adenomatous polyposis 1	VCV000186413	5	112154722	5	112819025	186413	182338	rs148343173	NC_000005.10:112819024:G:A	single nucleotide variant	synonymous variant|intron variant	Benign/Likely benign	Jan 23, 2026	criteria provided, multiple submitters, no conflicts							
NM_000038.6(APC):c.994C>T (p.Arg332Ter)	APC	R314*, R332*, R304*, R342*, R273*, R307*, R49*	Desmoid disease, hereditary|Colorectal cancer|Gastric cancer|Hepatocellular carcinoma|Familial adenomatous polyposis 1|Gastric adenocarcinoma and proximal polyposis of the stomach|Inherited polyposis and early onset colorectal cancer - germline testing|APC-related disorder|Hereditary cancer-predisposing syndrome|not provided|Familial multiple polyposis syndrome|Familial adenomatous polyposis 1	VCV000184937	5	112154723	5	112819026	184937	182339	rs775126020	NC_000005.10:112819025:C:T	single nucleotide variant	nonsense|intron variant	Pathogenic	Jan 28, 2026	criteria provided, multiple submitters, no conflicts							
NM_000038.6(APC):c.995G>A (p.Arg332Gln)	APC	R314Q, R332Q, R273Q, R49Q, R307Q, R304Q, R342Q	Familial adenomatous polyposis 1	VCV000187754	5	112154724	5	112819027	187754	182340	rs377665107	NC_000005.10:112819026:G:A	single nucleotide variant	missense variant|intron variant	Benign	Feb 18, 2023	reviewed by expert panel							
NM_000038.6(APC):c.1001T>A (p.Leu334Ter)	APC	L275*, L306*, L309*, L316*, L334*, L344*, L51*	not provided	VCV000988292	5	112154730	5	112819033	988292	976262	rs1762812907	NC_000005.10:112819032:T:A	single nucleotide variant	nonsense|intron variant	Pathogenic	Feb 13, 2015	criteria provided, single submitter							
NM_000038.6(APC):c.1002G>A (p.Leu334=)	APC		Familial adenomatous polyposis 1	VCV002790516	5	112154731	5	112819034	2790516	2960280	rs928733098	NC_000005.10:112819033:G:A	single nucleotide variant	synonymous variant|non-coding transcript variant|intron variant	Benign/Likely benign	Oct 23, 2025	criteria provided, multiple submitters, no conflicts							
NM_000038.6(APC):c.1005A>C (p.Leu335=)	APC		Hereditary cancer-predisposing syndrome|Familial adenomatous polyposis 1	VCV000236556	5	112154734	5	112819037	236556	239535	rs3797704	NC_000005.10:112819036:A:C	single nucleotide variant	synonymous variant|intron variant	Benign/Likely benign	Sep 3, 2025	criteria provided, multiple submitters, no conflicts							
NM_000038.6(APC):c.1020C>T (p.Ser340=)	APC		Classic or attenuated familial adenomatous polyposis|Hereditary cancer-predisposing syndrome|Familial adenomatous polyposis 1	VCV000742681	5	112154749	5	112819052	742681	749127	rs1580528337	NC_000005.10:112819051:C:T	single nucleotide variant	synonymous variant|intron variant	Benign/Likely benign	Oct 28, 2025	criteria provided, multiple submitters, no conflicts							
NM_000038.6(APC):c.1021C>T (p.Gln341Ter)	APC	Q282*, Q313*, Q316*, Q323*, Q341*, Q351*, Q58*	Familial adenomatous polyposis 1	VCV002584050	5	112154750	5	112819053	2584050	2751618	rs77058194	NC_000005.10:112819052:C:T	single nucleotide variant	nonsense|non-coding transcript variant|intron variant	Pathogenic	Apr 28, 2023	criteria provided, single submitter							
NM_000038.6(APC):c.1023A>G (p.Gln341=)	APC		Familial adenomatous polyposis 1|Classic or attenuated familial adenomatous polyposis|not specified|Hereditary cancer-predisposing syndrome|not provided	VCV000380660	5	112154752	5	112819055	380660	368044	rs774764623	NC_000005.10:112819054:A:G	single nucleotide variant	synonymous variant|intron variant	Benign/Likely benign	Jan 31, 2026	criteria provided, multiple submitters, no conflicts							
NM_000038.6(APC):c.1029C>T (p.Ser343=)	APC		not specified|Hereditary cancer-predisposing syndrome|Familial adenomatous polyposis 1	VCV000511643	5	112154758	5	112819061	511643	500901	rs762233995	NC_000005.10:112819060:C:T	single nucleotide variant	synonymous variant|intron variant	Benign/Likely benign	Mar 19, 2025	criteria provided, multiple submitters, no conflicts							
NM_000038.6(APC):c.1032T>A (p.Cys344Ter)	APC	C326*, C344*, C354*, C61*, C285*, C316*, C319*	Hereditary cancer-predisposing syndrome|Familial adenomatous polyposis 1	VCV000927737	5	112154761	5	112819064	927737	909824	rs1762819450	NC_000005.10:112819063:T:A	single nucleotide variant	nonsense|intron variant	Pathogenic	Aug 24, 2024	criteria provided, multiple submitters, no conflicts							
NM_000038.6(APC):c.1035A>T (p.Ile345=)	APC		not specified|Hereditary cancer-predisposing syndrome|Familial adenomatous polyposis 1	VCV000383348	5	112154764	5	112819067	383348	369240	rs1057521594	NC_000005.10:112819066:A:T	single nucleotide variant	synonymous variant|intron variant	Benign/Likely benign	Feb 29, 2024	criteria provided, multiple submitters, no conflicts							
NM_000038.6(APC):c.1038C>T (p.Ser346=)	APC		Familial adenomatous polyposis 1|Hereditary cancer-predisposing syndrome|not specified	VCV002889666	5	112154767	5	112819070	2889666	3054777	rs2149780211	NC_000005.10:112819069:C:T	single nucleotide variant	synonymous variant|non-coding transcript variant|intron variant	Benign/Likely benign	Apr 1, 2025	criteria provided, multiple submitters, no conflicts							
NM_000038.6(APC):c.1044A>T (p.Arg348=)	APC		Familial adenomatous polyposis 1	VCV003148312	5	112154773	5	112819076	3148312	3307560	rs772902822	NC_000005.10:112819075:A:T	single nucleotide variant	synonymous variant|non-coding transcript variant|intron variant	Benign	Feb 29, 2024	criteria provided, single submitter							
NM_000038.6(APC):c.1044A>G (p.Arg348=)	APC		Hereditary cancer-predisposing syndrome|Familial adenomatous polyposis 1	VCV001138789	5	112154773	5	112819076	1138789	1115157	rs772902822	NC_000005.10:112819075:A:G	single nucleotide variant	synonymous variant|intron variant	Benign/Likely benign	Aug 1, 2024	criteria provided, multiple submitters, no conflicts							
NM_000038.6(APC):c.1045C>T (p.Gln349Ter)	APC	Q331*, Q349*, Q359*, Q66*, Q290*, Q321*, Q324*	Hereditary cancer-predisposing syndrome|Familial adenomatous polyposis 1	VCV000217918	5	112154774	5	112819077	217918	214676	rs863225307	NC_000005.10:112819076:C:T	single nucleotide variant	nonsense|intron variant	Pathogenic	Oct 19, 2022	criteria provided, multiple submitters, no conflicts							
NM_000038.6(APC):c.1050T>G (p.Ser350=)	APC		Classic or attenuated familial adenomatous polyposis|Hereditary cancer-predisposing syndrome|not specified|not provided|Familial adenomatous polyposis 1	VCV000219991	5	112154779	5	112819082	219991	221491	rs760345157	NC_000005.10:112819081:T:G	single nucleotide variant	synonymous variant|intron variant	Benign/Likely benign	Dec 21, 2025	criteria provided, multiple submitters, no conflicts							
NM_000038.6(APC):c.1051G>T (p.Gly351Ter)	APC	G292*, G323*, G326*, G333*, G351*, G361*, G68*	Hereditary cancer-predisposing syndrome	VCV003231090	5	112154780	5	112819083	3231090	3391712	rs2149780462	NC_000005.10:112819082:G:T	single nucleotide variant	nonsense|non-coding transcript variant|intron variant	Pathogenic	Jan 8, 2024	criteria provided, single submitter							
NM_000038.6(APC):c.1053A>G (p.Gly351=)	APC		Familial adenomatous polyposis 1	VCV001132162	5	112154782	5	112819085	1132162	1115158	rs1561541012	NC_000005.10:112819084:A:G	single nucleotide variant	synonymous variant|intron variant	Benign/Likely benign	Dec 25, 2025	criteria provided, multiple submitters, no conflicts							
NM_000038.6(APC):c.1059T>A (p.Leu353=)	APC		Familial adenomatous polyposis 1|Hereditary cancer-predisposing syndrome	VCV003148231	5	112154788	5	112819091	3148231	3307479	rs2149780566	NC_000005.10:112819090:T:A	single nucleotide variant	synonymous variant|non-coding transcript variant|intron variant	Benign/Likely benign	Aug 11, 2025	criteria provided, multiple submitters, no conflicts							
NM_000038.6(APC):c.1065C>T (p.Leu355=)	APC		Hereditary cancer-predisposing syndrome|Familial adenomatous polyposis 1	VCV001781562	5	112154794	5	112819097	1781562	1838908	rs2149780624	NC_000005.10:112819096:C:T	single nucleotide variant	synonymous variant|non-coding transcript variant|intron variant	Benign/Likely benign	Feb 29, 2024	criteria provided, multiple submitters, no conflicts							
NM_000038.6(APC):c.1068C>T (p.Leu356=)	APC		Familial adenomatous polyposis 1|Hereditary cancer-predisposing syndrome	VCV001122192	5	112154797	5	112819100	1122192	1115159	rs765876939	NC_000005.10:112819099:C:T	single nucleotide variant	synonymous variant|intron variant	Benign/Likely benign	Aug 1, 2025	criteria provided, multiple submitters, no conflicts							
NM_000038.6(APC):c.1072C>T (p.Gln358Ter)	APC	Q340*, Q358*, Q330*, Q333*, Q75*, Q299*, Q368*	Hereditary cancer-predisposing syndrome|Familial adenomatous polyposis 1	VCV000216010	5	112154801	5	112819104	216010	212399	rs863224455	NC_000005.10:112819103:C:T	single nucleotide variant	nonsense|intron variant	Pathogenic	May 13, 2026	criteria provided, multiple submitters, no conflicts							
NM_000038.6(APC):c.1074G>A (p.Gln358=)	APC		Hereditary cancer-predisposing syndrome|Familial adenomatous polyposis 1	VCV000818340	5	112154803	5	112819106	818340	807851	rs1580528988	NC_000005.10:112819105:G:A	single nucleotide variant	synonymous variant|intron variant	Benign/Likely benign	Feb 29, 2024	criteria provided, multiple submitters, no conflicts							
NM_000038.6(APC):c.1077T>A (p.Leu359=)	APC		not provided|Hereditary cancer-predisposing syndrome|Familial adenomatous polyposis 1	VCV000798351	5	112154806	5	112819109	798351	782074	rs1580529020	NC_000005.10:112819108:T:A	single nucleotide variant	synonymous variant|intron variant	Benign/Likely benign	Oct 18, 2025	criteria provided, multiple submitters, no conflicts							
NM_000038.6(APC):c.1079T>A (p.Leu360Ter)	APC	L332*, L301*, L342*, L360*, L370*, L77*, L335*	Familial adenomatous polyposis 1	VCV002096986	5	112154808	5	112819111	2096986	2153595	rs2149780840	NC_000005.10:112819110:T:A	single nucleotide variant	nonsense|intron variant	Pathogenic	Feb 11, 2022	criteria provided, single submitter							
NM_000038.6(APC):c.1083T>C (p.His361=)	APC		Familial adenomatous polyposis 1|Hereditary cancer-predisposing syndrome	VCV003148118	5	112154812	5	112819115	3148118	3307366	rs1762829027	NC_000005.10:112819114:T:C	single nucleotide variant	synonymous variant|non-coding transcript variant|intron variant	Benign/Likely benign	Jun 9, 2026	criteria provided, multiple submitters, no conflicts							
NM_000038.6(APC):c.1086C>G (p.Gly362=)	APC		Familial adenomatous polyposis 1	VCV002149101	5	112154815	5	112819118	2149101	1877549	rs1762829914	NC_000005.10:112819117:C:G	single nucleotide variant	intron variant|synonymous variant|non-coding transcript variant	Benign/Likely benign	Feb 29, 2024	criteria provided, multiple submitters, no conflicts							
NM_000038.6(APC):c.1089T>C (p.Asn363=)	APC		Hereditary cancer-predisposing syndrome|Classic or attenuated familial adenomatous polyposis|not provided|Familial adenomatous polyposis 1	VCV000490187	5	112154818	5	112819121	490187	483799	rs754925114	NC_000005.10:112819120:T:C	single nucleotide variant	synonymous variant|intron variant	Benign/Likely benign	Jan 18, 2026	criteria provided, multiple submitters, no conflicts							
NM_000038.6(APC):c.1101T>C (p.Ser367=)	APC		Hereditary cancer-predisposing syndrome|Familial adenomatous polyposis 1	VCV000928019	5	112154830	5	112819133	928019	909830	rs1580529215	NC_000005.10:112819132:T:C	single nucleotide variant	synonymous variant|intron variant	Benign/Likely benign	Oct 26, 2025	criteria provided, multiple submitters, no conflicts							
NM_000038.6(APC):c.1104A>C (p.Val368=)	APC		Familial adenomatous polyposis 1	VCV003148129	5	112154833	5	112819136	3148129	3307377	rs752507116	NC_000005.10:112819135:A:C	single nucleotide variant	synonymous variant|non-coding transcript variant|intron variant	Benign	Feb 29, 2024	criteria provided, single submitter							
NM_000038.6(APC):c.1104A>T (p.Val368=)	APC		Hereditary cancer-predisposing syndrome|Familial adenomatous polyposis 1	VCV001793181	5	112154833	5	112819136	1793181	1848694	rs752507116	NC_000005.10:112819135:A:T	single nucleotide variant	synonymous variant|non-coding transcript variant|intron variant	Benign/Likely benign	Feb 29, 2024	criteria provided, multiple submitters, no conflicts							
NM_000038.6(APC):c.1104A>G (p.Val368=)	APC		not specified|Hereditary cancer-predisposing syndrome|not provided|Familial adenomatous polyposis 1	VCV001118410	5	112154833	5	112819136	1118410	1093624	rs752507116	NC_000005.10:112819135:A:G	single nucleotide variant	synonymous variant|intron variant	Benign/Likely benign	Feb 1, 2026	criteria provided, multiple submitters, no conflicts							
NM_000038.6(APC):c.1105T>C (p.Leu369=)	APC		Familial adenomatous polyposis 1	VCV003148743	5	112154834	5	112819137	3148743	3307991	rs1762836011	NC_000005.10:112819136:T:C	single nucleotide variant	synonymous variant|non-coding transcript variant|intron variant	Benign	Feb 29, 2024	criteria provided, single submitter							
NM_000038.6(APC):c.1106T>A (p.Leu369Ter)	APC	L341*, L86*, L310*, L369*, L344*, L351*, L379*	Familial adenomatous polyposis 1	VCV001360942	5	112154835	5	112819138	1360942	1360508	rs2149781233	NC_000005.10:112819137:T:A	single nucleotide variant	nonsense|intron variant	Pathogenic	Apr 28, 2023	criteria provided, multiple submitters, no conflicts							
NM_000038.6(APC):c.1107G>A (p.Leu369=)	APC		Familial adenomatous polyposis 1	VCV003148279	5	112154836	5	112819139	3148279	3307527	rs2149781246	NC_000005.10:112819138:G:A	single nucleotide variant	synonymous variant|non-coding transcript variant|intron variant	Benign	Feb 29, 2024	criteria provided, single submitter							
NM_000038.6(APC):c.1108T>C (p.Leu370=)	APC		Hereditary cancer-predisposing syndrome|Familial adenomatous polyposis 1	VCV000822192	5	112154837	5	112819140	822192	807853	rs1580529338	NC_000005.10:112819139:T:C	single nucleotide variant	synonymous variant|intron variant	Benign/Likely benign	May 23, 2025	criteria provided, multiple submitters, no conflicts							
NM_000038.6(APC):c.1111G>T (p.Gly371Ter)	APC	G353*, G371*, G312*, G343*, G346*, G88*, G381*	Familial adenomatous polyposis 1	VCV000571193	5	112154840	5	112819143	571193	562345	rs863224535	NC_000005.10:112819142:G:T	single nucleotide variant	nonsense|intron variant	Pathogenic	May 23, 2024	criteria provided, single submitter							
NM_000038.6(APC):c.1113A>C (p.Gly371=)	APC		Familial adenomatous polyposis 1	VCV003148495	5	112154842	5	112819145	3148495	3307743	rs2149781330	NC_000005.10:112819144:A:C	single nucleotide variant	synonymous variant|non-coding transcript variant|intron variant	Benign	Feb 29, 2024	criteria provided, single submitter							
NM_000038.6(APC):c.1113A>G (p.Gly371=)	APC		Familial adenomatous polyposis 1	VCV003147998	5	112154842	5	112819145	3147998	3307246	rs2149781330	NC_000005.10:112819144:A:G	single nucleotide variant	synonymous variant|non-coding transcript variant|intron variant	Benign	Feb 29, 2024	criteria provided, single submitter							
NM_000038.6(APC):c.1125C>T (p.Gly375=)	APC		Classic or attenuated familial adenomatous polyposis|Hereditary cancer-predisposing syndrome|Familial adenomatous polyposis 1	VCV001798948	5	112154854	5	112819157	1798948	1856217	rs2149781450	NC_000005.10:112819156:C:T	single nucleotide variant	synonymous variant|non-coding transcript variant|intron variant	Benign/Likely benign	Sep 8, 2025	criteria provided, multiple submitters, no conflicts							
NM_000038.6(APC):c.1129A>T (p.Lys377Ter)	APC	K318*, K349*, K352*, K359*, K377*, K387*, K94*	Familial adenomatous polyposis 1	VCV002583919	5	112154858	5	112819161	2583919	2751488	rs2149781488	NC_000005.10:112819160:A:T	single nucleotide variant	nonsense|non-coding transcript variant|intron variant	Pathogenic	Apr 28, 2023	criteria provided, single submitter							
NM_000038.6(APC):c.1131A>G (p.Lys377=)	APC		Familial adenomatous polyposis 1	VCV002413876	5	112154860	5	112819163	2413876	1940261	rs2149781514	NC_000005.10:112819162:A:G	single nucleotide variant	synonymous variant|non-coding transcript variant|intron variant	Benign/Likely benign	Feb 29, 2024	criteria provided, multiple submitters, no conflicts							
NM_000038.6(APC):c.1134G>A (p.Glu378=)	APC		Hereditary cancer-predisposing syndrome|Familial adenomatous polyposis 1	VCV003148153	5	112154863	5	112819166	3148153	3307401	rs774880515	NC_000005.10:112819165:G:A	single nucleotide variant	synonymous variant|non-coding transcript variant|intron variant	Benign/Likely benign	Nov 15, 2025	criteria provided, multiple submitters, no conflicts							
NM_000038.6(APC):c.1143C>A (p.Ala381=)	APC		Familial adenomatous polyposis 1	VCV003148228	5	112154872	5	112819175	3148228	3307476	rs2149781680	NC_000005.10:112819174:C:A	single nucleotide variant	synonymous variant|non-coding transcript variant|intron variant	Benign/Likely benign	Apr 24, 2024	criteria provided, multiple submitters, no conflicts							
NM_000038.6(APC):c.1143C>T (p.Ala381=)	APC		Classic or attenuated familial adenomatous polyposis|Hereditary cancer-predisposing syndrome|Familial adenomatous polyposis 1	VCV001565468	5	112154872	5	112819175	1565468	1621540	rs2149781680	NC_000005.10:112819174:C:T	single nucleotide variant	synonymous variant|intron variant	Benign/Likely benign	Feb 29, 2024	criteria provided, multiple submitters, no conflicts							
NM_000038.6(APC):c.1149C>T (p.Ala383=)	APC		Familial adenomatous polyposis 1	VCV003148654	5	112154878	5	112819181	3148654	3307902	rs2149781739	NC_000005.10:112819180:C:T	single nucleotide variant	synonymous variant|non-coding transcript variant|intron variant	Benign	Mar 1, 2024	criteria provided, single submitter							
NM_000038.6(APC):c.1155A>G (p.Ala385=)	APC		Hereditary cancer-predisposing syndrome|Familial adenomatous polyposis 1	VCV001949154	5	112154884	5	112819187	1949154	2006722	rs1554080041	NC_000005.10:112819186:A:G	single nucleotide variant	synonymous variant|non-coding transcript variant|intron variant	Benign/Likely benign	Nov 14, 2024	criteria provided, multiple submitters, no conflicts							
NM_000038.6(APC):c.1158A>C (p.Ala386=)	APC		Hereditary cancer-predisposing syndrome|Familial adenomatous polyposis 1	VCV002774710	5	112154887	5	112819190	2774710	2935437	rs370669642	NC_000005.10:112819189:A:C	single nucleotide variant	intron variant|synonymous variant|non-coding transcript variant	Benign/Likely benign	May 14, 2026	criteria provided, multiple submitters, no conflicts							
NM_000038.6(APC):c.1158A>G (p.Ala386=)	APC		Hereditary cancer-predisposing syndrome|Classic or attenuated familial adenomatous polyposis|not specified|not provided|Familial adenomatous polyposis 1	VCV000384190	5	112154887	5	112819190	384190	369243	rs370669642	NC_000005.10:112819189:A:G	single nucleotide variant	synonymous variant|intron variant	Benign/Likely benign	Jan 17, 2026	criteria provided, multiple submitters, no conflicts							
NM_000038.6(APC):c.1161C>T (p.Leu387=)	APC		not specified|Familial adenomatous polyposis 1	VCV003148156	5	112154890	5	112819193	3148156	3307404	rs1762846371	NC_000005.10:112819192:C:T	single nucleotide variant	synonymous variant|non-coding transcript variant|intron variant	Benign/Likely benign	Mar 4, 2025	criteria provided, multiple submitters, no conflicts							
NM_000038.6(APC):c.1161C>G (p.Leu387=)	APC		Hereditary cancer-predisposing syndrome|Familial adenomatous polyposis 1	VCV001736819	5	112154890	5	112819193	1736819	1793861	rs1762846371	NC_000005.10:112819192:C:G	single nucleotide variant	synonymous variant|non-coding transcript variant|intron variant	Benign/Likely benign	Mar 1, 2024	criteria provided, multiple submitters, no conflicts							
NM_000038.6(APC):c.1167C>T (p.Asn389=)	APC		Hereditary cancer-predisposing syndrome|Familial adenomatous polyposis 1	VCV000818482	5	112154896	5	112819199	818482	807859	rs1424481501	NC_000005.10:112819198:C:T	single nucleotide variant	synonymous variant|intron variant	Benign/Likely benign	Dec 8, 2025	criteria provided, multiple submitters, no conflicts							
NM_000038.6(APC):c.1178C>A (p.Ser393Ter)	APC	S110*, S334*, S365*, S368*, S375*, S393*, S403*	Familial adenomatous polyposis 1	VCV002584104	5	112154907	5	112819210	2584104	2751672	rs1114167545	NC_000005.10:112819209:C:A	single nucleotide variant	nonsense|non-coding transcript variant|intron variant	Pathogenic	Apr 28, 2023	criteria provided, single submitter							
NM_000038.6(APC):c.1178C>G (p.Ser393Ter)	APC	S375*, S393*, S334*, S368*, S403*, S110*, S365*	Hereditary cancer-predisposing syndrome|Familial adenomatous polyposis 1|Familial multiple polyposis syndrome	VCV000428093	5	112154907	5	112819210	428093	419603	rs1114167545	NC_000005.10:112819209:C:G	single nucleotide variant	nonsense|intron variant	Pathogenic	Jun 4, 2024	criteria provided, multiple submitters, no conflicts							
NM_000038.6(APC):c.1179A>G (p.Ser393=)	APC		Familial adenomatous polyposis 1|Hereditary cancer-predisposing syndrome	VCV000231848	5	112154908	5	112819211	231848	233016	rs876659399	NC_000005.10:112819210:A:G	single nucleotide variant	synonymous variant|intron variant	Benign/Likely benign	Mar 1, 2024	criteria provided, multiple submitters, no conflicts							
NM_000038.6(APC):c.1180C>T (p.Gln394Ter)	APC	Q335*, Q366*, Q394*, Q111*, Q376*, Q369*, Q404*	Hereditary cancer-predisposing syndrome|Familial adenomatous polyposis 1	VCV000818506	5	112154909	5	112819212	818506	807862	rs770507436	NC_000005.10:112819211:C:T	single nucleotide variant	nonsense|intron variant	Pathogenic	Dec 18, 2023	criteria provided, multiple submitters, no conflicts							
NM_000038.6(APC):c.1185T>C (p.Pro395=)	APC		Familial adenomatous polyposis 1	VCV001661085	5	112154914	5	112819217	1661085	1554337	rs2149782231	NC_000005.10:112819216:T:C	single nucleotide variant	synonymous variant|intron variant	Benign/Likely benign	Mar 1, 2024	criteria provided, multiple submitters, no conflicts							
NM_000038.6(APC):c.1188T>C (p.Asp396=)	APC		Hereditary cancer-predisposing syndrome|Classic or attenuated familial adenomatous polyposis|Familial adenomatous polyposis 1	VCV000482331	5	112154917	5	112819220	482331	473648	rs1554080056	NC_000005.10:112819219:T:C	single nucleotide variant	synonymous variant|intron variant	Benign/Likely benign	Jan 20, 2026	criteria provided, multiple submitters, no conflicts							
NM_000038.6(APC):c.1192A>T (p.Lys398Ter)	APC	K115*, K339*, K370*, K373*, K380*, K398*, K408*	Familial adenomatous polyposis 1	VCV002583895	5	112154921	5	112819224	2583895	2751464	rs765196085	NC_000005.10:112819223:A:T	single nucleotide variant	nonsense|non-coding transcript variant|intron variant	Pathogenic	Apr 28, 2023	criteria provided, single submitter							
NM_000038.6(APC):c.1195A>T (p.Arg399Ter)	APC	R116*, R340*, R371*, R374*, R381*, R399*, R409*	Hereditary cancer-predisposing syndrome	VCV004861083	5	112154924	5	112819227	4861083	4969800		NC_000005.10:112819226:A:T	single nucleotide variant	nonsense|non-coding transcript variant|intron variant	Pathogenic	Apr 3, 2026	criteria provided, single submitter							
NM_000038.6(APC):c.1197A>G (p.Arg399=)	APC		Hereditary cancer-predisposing syndrome|Familial adenomatous polyposis 1	VCV000185636	5	112154926	5	112819229	185636	182343	rs786202331	NC_000005.10:112819228:A:G	single nucleotide variant	synonymous variant|intron variant	Benign/Likely benign	Sep 2, 2024	criteria provided, multiple submitters, no conflicts							
NM_000038.6(APC):c.1200C>G (p.Gly400=)	APC		Familial adenomatous polyposis 1	VCV003148265	5	112154929	5	112819232	3148265	3307513	rs2533052644	NC_000005.10:112819231:C:G	single nucleotide variant	synonymous variant|non-coding transcript variant|intron variant	Benign	Mar 1, 2024	criteria provided, single submitter							
NM_000038.6(APC):c.1201A>C (p.Arg401=)	APC		Hereditary cancer-predisposing syndrome|Familial adenomatous polyposis 1	VCV000818572	5	112154930	5	112819233	818572	807865	rs1580530476	NC_000005.10:112819232:A:C	single nucleotide variant	synonymous variant|intron variant	Benign/Likely benign	Jun 18, 2025	criteria provided, multiple submitters, no conflicts							
NM_000038.6(APC):c.1203G>A (p.Arg401=)	APC		Classic or attenuated familial adenomatous polyposis|not specified|Hereditary cancer-predisposing syndrome|Familial adenomatous polyposis 1	VCV000387952	5	112154932	5	112819235	387952	368045	rs587780589	NC_000005.10:112819234:G:A	single nucleotide variant	synonymous variant|intron variant	Benign/Likely benign	Oct 16, 2024	criteria provided, multiple submitters, no conflicts							
NM_000038.6(APC):c.1212C>T (p.Ile404=)	APC		Hereditary cancer-predisposing syndrome|Familial adenomatous polyposis 1	VCV001750727	5	112154941	5	112819244	1750727	1803877	rs1762856159	NC_000005.10:112819243:C:T	single nucleotide variant	synonymous variant|non-coding transcript variant|intron variant	Benign/Likely benign	Mar 1, 2024	criteria provided, multiple submitters, no conflicts							
NM_000038.6(APC):c.1213C>A (p.Arg405=)	APC		Classic or attenuated familial adenomatous polyposis|Hereditary cancer-predisposing syndrome|Familial adenomatous polyposis 1	VCV000926322	5	112154942	5	112819245	926322	909836	rs587779780	NC_000005.10:112819244:C:A	single nucleotide variant	synonymous variant|intron variant	Benign/Likely benign	Aug 30, 2024	criteria provided, multiple submitters, no conflicts							
NM_000038.6(APC):c.1213C>T (p.Arg405Ter)	APC	R405*, R387*, R346*, R377*, R380*, R415*, R122*	Inherited polyposis and early onset colorectal cancer - germline testing|Hereditary cancer-predisposing syndrome|not provided|Familial multiple polyposis syndrome|Familial adenomatous polyposis 1	VCV000127275	5	112154942	5	112819245	127275	132732	rs587779780	NC_000005.10:112819244:C:T	single nucleotide variant	nonsense|intron variant	Pathogenic	Dec 17, 2025	criteria provided, multiple submitters, no conflicts							
NM_000038.6(APC):c.1221T>C (p.Leu407=)	APC		Familial adenomatous polyposis 1	VCV003148110	5	112154950	5	112819253	3148110	3307358	rs2149782704	NC_000005.10:112819252:T:C	single nucleotide variant	synonymous variant|non-coding transcript variant|intron variant	Benign	Mar 1, 2024	criteria provided, single submitter							
NM_000038.6(APC):c.1227T>G (p.Leu409=)	APC		Familial adenomatous polyposis 1	VCV003148200	5	112154956	5	112819259	3148200	3307448	rs2149782807	NC_000005.10:112819258:T:G	single nucleotide variant	synonymous variant|non-coding transcript variant|intron variant	Benign	Mar 1, 2024	criteria provided, single submitter							
NM_000038.6(APC):c.1228T>C (p.Leu410=)	APC		Familial adenomatous polyposis 1	VCV003148186	5	112154957	5	112819260	3148186	3307434	rs2149782820	NC_000005.10:112819259:T:C	single nucleotide variant	synonymous variant|non-coding transcript variant|intron variant	Benign	Mar 1, 2024	criteria provided, single submitter							
NM_000038.6(APC):c.1234C>T (p.Gln412Ter)	APC	Q394*, Q412*, Q129*, Q353*, Q387*, Q384*, Q422*	Familial adenomatous polyposis 1|Hereditary cancer-predisposing syndrome	VCV000234024	5	112154963	5	112819266	234024	233018	rs876660802	NC_000005.10:112819265:C:T	single nucleotide variant	nonsense|intron variant	Pathogenic	Apr 28, 2023	criteria provided, multiple submitters, no conflicts							
NM_000038.6(APC):c.1240C>T (p.Arg414Cys)	APC	R414C, R396C, R288C, R131C, R254C, R313C, R386C, R389C, R323C, R355C, R424C	Familial adenomatous polyposis 1	VCV000000797	5	112154969	5	112819272	797	15836	rs137854567	NC_000005.10:112819271:C:T	single nucleotide variant	missense variant	Benign	Feb 18, 2023	reviewed by expert panel							
NM_000038.6(APC):c.1242C>T (p.Arg414=)	APC		Familial adenomatous polyposis 1	VCV000215553	5	112154971	5	112819274	215553	212403	rs751423790	NC_000005.10:112819273:C:T	single nucleotide variant	synonymous variant	Benign	Feb 18, 2023	reviewed by expert panel							
NM_000038.6(APC):c.1245T>C (p.Ala415=)	APC		Familial adenomatous polyposis 1	VCV003148829	5	112154974	5	112819277	3148829	3308077	rs1561542004	NC_000005.10:112819276:T:C	single nucleotide variant	synonymous variant|non-coding transcript variant	Benign	Mar 1, 2024	criteria provided, single submitter							
NM_000038.6(APC):c.1248C>A (p.Tyr416Ter)	APC	Y357*, Y398*, Y416*, Y426*, Y133*, Y256*, Y287*, Y388*, Y290*, Y315*, Y32*, Y325*, Y391*	Hereditary cancer-predisposing syndrome|Familial adenomatous polyposis 1	VCV001759941	5	112154977	5	112819280	1759941	1823177	rs2149783185	NC_000005.10:112819279:C:A	single nucleotide variant	nonsense	Pathogenic	Oct 1, 2025	criteria provided, multiple submitters, no conflicts							
NM_000038.6(APC):c.1248C>T (p.Tyr416=)	APC		Familial adenomatous polyposis 1|Hereditary cancer-predisposing syndrome	VCV001162146	5	112154977	5	112819280	1162146	1136096	rs2149783185	NC_000005.10:112819279:C:T	single nucleotide variant	synonymous variant	Benign/Likely benign	Feb 11, 2025	criteria provided, multiple submitters, no conflicts							
NM_000038.6(APC):c.1251T>A (p.Cys417Ter)	APC	C399*, C417*, C134*, C316*, C389*, C392*, C427*, C257*, C326*, C291*, C358*	Hereditary cancer-predisposing syndrome	VCV000428172	5	112154980	5	112819283	428172	419605	rs1114167607	NC_000005.10:112819282:T:A	single nucleotide variant	nonsense	Pathogenic	Jun 28, 2023	criteria provided, single submitter							
NM_000038.6(APC):c.1260T>C (p.Cys420=)	APC		Hereditary cancer-predisposing syndrome|Familial adenomatous polyposis 1	VCV000754862	5	112154989	5	112819292	754862	764687	rs888081211	NC_000005.10:112819291:T:C	single nucleotide variant	synonymous variant	Benign/Likely benign	Nov 2, 2024	criteria provided, multiple submitters, no conflicts							
NM_000038.6(APC):c.1262G>A (p.Trp421Ter)	APC	W403*, W421*, W138*, W295*, W396*, W320*, W362*, W431*, W261*, W330*, W393*	not provided|Hereditary cancer-predisposing syndrome|Familial adenomatous polyposis 1	VCV000188244	5	112154991	5	112819294	188244	186028	rs559510809	NC_000005.10:112819293:G:A	single nucleotide variant	nonsense	Pathogenic	Feb 18, 2025	criteria provided, multiple submitters, no conflicts							
NM_000038.6(APC):c.1263G>A (p.Trp421Ter)	APC	W403*, W421*, W320*, W330*, W362*, W393*, W431*, W261*, W396*, W138*, W295*	not provided|APC-Associated Polyposis Disorders|Familial adenomatous polyposis 1	VCV000449331	5	112154992	5	112819295	449331	443646	rs1554080106	NC_000005.10:112819294:G:A	single nucleotide variant	nonsense	Pathogenic	Jun 17, 2025	criteria provided, multiple submitters, no conflicts							
NM_000038.6(APC):c.1264G>T (p.Glu422Ter)	APC	E262*, E296*, E321*, E38*, E394*, E293*, E331*, E397*, E432*, E139*, E363*, E404*, E422*	Familial adenomatous polyposis 1	VCV002734757	5	112154993	5	112819296	2734757	2894782	rs755069015	NC_000005.10:112819295:G:T	single nucleotide variant	nonsense|non-coding transcript variant	Pathogenic	Nov 9, 2022	criteria provided, single submitter							
NM_000038.6(APC):c.1266G>A (p.Glu422=)	APC		Hereditary cancer-predisposing syndrome|Familial adenomatous polyposis 1	VCV001764278	5	112154995	5	112819298	1764278	1817405	rs1004279154	NC_000005.10:112819297:G:A	single nucleotide variant	synonymous variant|non-coding transcript variant	Benign/Likely benign	Mar 1, 2024	criteria provided, multiple submitters, no conflicts							
NM_000038.6(APC):c.1268G>A (p.Trp423Ter)	APC	W140*, W263*, W332*, W364*, W433*, W297*, W398*, W423*, W322*, W395*, W405*	Hereditary cancer-predisposing syndrome|not provided|Familial adenomatous polyposis 1	VCV000851219	5	112154997	5	112819300	851219	829624	rs1762865724	NC_000005.10:112819299:G:A	single nucleotide variant	nonsense	Pathogenic	May 30, 2025	criteria provided, multiple submitters, no conflicts							
NM_000038.6(APC):c.1269G>A (p.Trp423Ter)	APC	W140*, W263*, W294*, W297*, W322*, W332*, W364*, W39*, W395*, W398*, W405*, W423*, W433*	Familial adenomatous polyposis 1|Hereditary cancer-predisposing syndrome|not provided	VCV002583881	5	112154998	5	112819301	2583881	2751450	rs2149783521	NC_000005.10:112819300:G:A	single nucleotide variant	nonsense|non-coding transcript variant	Pathogenic	Oct 11, 2025	criteria provided, multiple submitters, no conflicts							
NM_000038.6(APC):c.1270C>T (p.Gln424Ter)	APC	Q406*, Q424*, Q333*, Q396*, Q365*, Q298*, Q323*, Q141*, Q264*, Q399*, Q434*	not provided|Familial multiple polyposis syndrome|Familial adenomatous polyposis 1	VCV000575787	5	112154999	5	112819302	575787	559869	rs1561542165	NC_000005.10:112819301:C:T	single nucleotide variant	nonsense	Pathogenic	May 13, 2025	criteria provided, multiple submitters, no conflicts							
NM_000038.6(APC):c.1272G>A (p.Gln424=)	APC		Hereditary cancer-predisposing syndrome|Familial adenomatous polyposis 1|Classic or attenuated familial adenomatous polyposis|not provided|not specified	VCV000485142	5	112155001	5	112819304	485142	473893	rs778975532	NC_000005.10:112819303:G:A	single nucleotide variant	synonymous variant	Benign/Likely benign	Oct 1, 2025	criteria provided, multiple submitters, no conflicts							
NM_000038.6(APC):c.1273G>T (p.Glu425Ter)	APC	E142*, E265*, E296*, E299*, E324*, E334*, E366*, E397*, E400*, E407*, E41*, E425*, E435*	Familial adenomatous polyposis 1	VCV003779340	5	112155002	5	112819305	3779340	3895324		NC_000005.10:112819304:G:T	single nucleotide variant	nonsense|non-coding transcript variant	Pathogenic	Oct 31, 2019	criteria provided, single submitter							
NM_000038.6(APC):c.1278T>C (p.Ala426=)	APC		not provided|Hereditary cancer-predisposing syndrome|Familial adenomatous polyposis 1	VCV002918148	5	112155007	5	112819310	2918148	3080269	rs2149783641	NC_000005.10:112819309:T:C	single nucleotide variant	synonymous variant|non-coding transcript variant	Benign/Likely benign	Aug 1, 2025	criteria provided, multiple submitters, no conflicts							
NM_000038.6(APC):c.1281T>C (p.His427=)	APC		Hereditary cancer-predisposing syndrome|Familial adenomatous polyposis 1	VCV000818787	5	112155010	5	112819313	818787	807873	rs770616197	NC_000005.10:112819312:T:C	single nucleotide variant	synonymous variant	Benign/Likely benign	Jan 19, 2025	criteria provided, multiple submitters, no conflicts							
NM_000038.6(APC):c.1284A>G (p.Glu428=)	APC		Familial adenomatous polyposis 1|Hereditary cancer-predisposing syndrome|not provided	VCV000926717	5	112155013	5	112819316	926717	909837	rs1762869036	NC_000005.10:112819315:A:G	single nucleotide variant	synonymous variant	Benign/Likely benign	Jan 8, 2025	criteria provided, multiple submitters, no conflicts							
NM_000038.6(APC):c.1287A>G (p.Pro429=)	APC		Familial adenomatous polyposis 1	VCV003148019	5	112155016	5	112819319	3148019	3307267	rs2149783796	NC_000005.10:112819318:A:G	single nucleotide variant	synonymous variant|non-coding transcript variant	Benign	Mar 1, 2024	criteria provided, single submitter							
NM_000038.6(APC):c.1297C>T (p.Gln433Ter)	APC	Q415*, Q433*, Q342*, Q374*, Q405*, Q150*, Q273*, Q307*, Q332*, Q408*, Q443*	APC-related disorder|Hereditary cancer-predisposing syndrome|Familial adenomatous polyposis 1	VCV000217921	5	112155026	5	112819329	217921	214679	rs863225309	NC_000005.10:112819328:C:T	single nucleotide variant	nonsense	Pathogenic	Dec 31, 2025	criteria provided, multiple submitters, no conflicts							
NM_000038.6(APC):c.1308T>C (p.Asn436=)	APC		Familial adenomatous polyposis 1	VCV003148474	5	112155037	5	112819340	3148474	3307722	rs1580531932	NC_000005.10:112819339:T:C	single nucleotide variant	synonymous variant|non-coding transcript variant	Benign	Mar 1, 2024	criteria provided, single submitter							
NM_000038.6(APC):c.1312+1G>C	APC		APC-related disorder|not provided	VCV002632586	5	112155042	5	112819345	2632586	2797026	rs863225310	NC_000005.10:112819344:G:C	single nucleotide variant	splice donor variant	Pathogenic	Jan 22, 2026	criteria provided, multiple submitters, no conflicts							
NM_000038.6(APC):c.1312+1G>A	APC		Hereditary cancer-predisposing syndrome|Familial adenomatous polyposis 1	VCV000217923	5	112155042	5	112819345	217923	214681	rs863225310	NC_000005.10:112819344:G:A	single nucleotide variant	splice donor variant	Pathogenic/Likely pathogenic	Apr 22, 2025	criteria provided, multiple submitters, no conflicts							
NM_000038.6(APC):c.1312+2T>C	APC		Hereditary cancer-predisposing syndrome	VCV000428138	5	112155043	5	112819346	428138	419606	rs1114167579	NC_000005.10:112819345:T:C	single nucleotide variant	splice donor variant	Pathogenic	Feb 2, 2026	criteria provided, single submitter							
NM_000038.6(APC):c.1312+3A>T	APC		Familial adenomatous polyposis 1|Hereditary cancer-predisposing syndrome	VCV002583869	5	112155044	5	112819347	2583869	2751438	rs863225311	NC_000005.10:112819346:A:T	single nucleotide variant	intron variant	Pathogenic/Likely pathogenic	Oct 28, 2023	criteria provided, multiple submitters, no conflicts							
NM_000038.6(APC):c.1312+3A>G	APC		Familial adenomatous polyposis 1	VCV000217924	5	112155044	5	112819347	217924	214682	rs863225311	NC_000005.10:112819346:A:G	single nucleotide variant	intron variant	Pathogenic	May 15, 2025	reviewed by expert panel							
NM_000038.6(APC):c.1312+27G>A	APC		not specified|not provided	VCV000439407	5	112155068	5	112819371	439407	433006	rs74975092	NC_000005.10:112819370:G:A	single nucleotide variant	intron variant	Benign	Mar 4, 2025	criteria provided, multiple submitters, no conflicts							
NM_000038.6(APC):c.1313-9A>G	APC		Classic or attenuated familial adenomatous polyposis|APC-related disorder|Familial adenomatous polyposis 1|Desmoid disease, hereditary|Colorectal cancer|Gastric cancer|Gastric adenocarcinoma and proximal polyposis of the stomach|Hepatocellular carcinoma|Hereditary cancer-predisposing syndrome|not specified|not provided|Familial adenomatous polyposis 1	VCV000181777	5	112157584	5	112821887	181777	180180	rs368494354	NC_000005.10:112821886:A:G	single nucleotide variant	intron variant	Benign/Likely benign	Jan 26, 2026	criteria provided, multiple submitters, no conflicts							
NM_000038.6(APC):c.1317A>C (p.Pro439=)	APC		Familial adenomatous polyposis 1	VCV003148472	5	112157597	5	112821900	3148472	3307720	rs761821491	NC_000005.10:112821899:A:C	single nucleotide variant	synonymous variant|non-coding transcript variant	Benign	Mar 1, 2024	criteria provided, single submitter							
NM_000038.6(APC):c.1317A>G (p.Pro439=)	APC		Familial adenomatous polyposis 1|Classic or attenuated familial adenomatous polyposis|Hereditary cancer-predisposing syndrome	VCV000416757	5	112157597	5	112821900	416757	394435	rs761821491	NC_000005.10:112821899:A:G	single nucleotide variant	synonymous variant	Benign/Likely benign	Oct 1, 2025	criteria provided, multiple submitters, no conflicts							
NM_000038.6(APC):c.1320T>C (p.Ala440=)	APC		Familial adenomatous polyposis 1|Hereditary cancer-predisposing syndrome	VCV003148801	5	112157600	5	112821903	3148801	3308049	rs2149791837	NC_000005.10:112821902:T:C	single nucleotide variant	synonymous variant|non-coding transcript variant	Benign/Likely benign	Mar 20, 2026	criteria provided, multiple submitters, no conflicts							
NM_000038.6(APC):c.1327G>T (p.Glu443Ter)	APC	E160*, E283*, E314*, E317*, E342*, E352*, E384*, E415*, E418*, E425*, E443*, E453*, E59*	Familial adenomatous polyposis 1	VCV002584275	5	112157607	5	112821910	2584275	2751841	rs1763168688	NC_000005.10:112821909:G:T	single nucleotide variant	nonsense|non-coding transcript variant	Pathogenic	May 1, 2023	criteria provided, single submitter							
NM_000038.6(APC):c.1333C>T (p.Gln445Ter)	APC	Q427*, Q445*, Q344*, Q386*, Q420*, Q162*, Q417*, Q455*, Q285*, Q319*, Q354*	Familial adenomatous polyposis 1	VCV000438865	5	112157613	5	112821916	438865	432575	rs876658802	NC_000005.10:112821915:C:T	single nucleotide variant	nonsense	Pathogenic	May 19, 2025	reviewed by expert panel							
NM_000038.6(APC):c.1335G>A (p.Gln445=)	APC		Familial adenomatous polyposis 1|Hereditary cancer-predisposing syndrome	VCV003148823	5	112157615	5	112821918	3148823	3308071	rs1334951365	NC_000005.10:112821917:G:A	single nucleotide variant	synonymous variant|non-coding transcript variant	Benign/Likely benign	Jun 8, 2026	criteria provided, multiple submitters, no conflicts							
NM_000038.6(APC):c.1341T>A (p.Cys447Ter)	APC	C429*, C447*, C164*, C346*, C419*, C287*, C388*, C422*, C457*, C321*, C356*	Familial adenomatous polyposis 1|Familial multiple polyposis syndrome|Hereditary cancer-predisposing syndrome	VCV000623123	5	112157621	5	112821924	623123	612087	rs1561545947	NC_000005.10:112821923:T:A	single nucleotide variant	nonsense	Pathogenic/Likely pathogenic	May 1, 2023	criteria provided, multiple submitters, no conflicts							
NM_000038.6(APC):c.1344T>A (p.Pro448=)	APC		Hereditary cancer-predisposing syndrome|Familial adenomatous polyposis 1|Classic or attenuated familial adenomatous polyposis	VCV000231578	5	112157624	5	112821927	231578	233025	rs752774532	NC_000005.10:112821926:T:A	single nucleotide variant	synonymous variant	Benign/Likely benign	Dec 16, 2025	criteria provided, multiple submitters, no conflicts							
NM_000038.6(APC):c.1350G>C (p.Val450=)	APC		Familial adenomatous polyposis 1	VCV002756437	5	112157630	5	112821933	2756437	2914582	rs1554080701	NC_000005.10:112821932:G:C	single nucleotide variant	synonymous variant|non-coding transcript variant	Benign/Likely benign	Sep 13, 2025	criteria provided, multiple submitters, no conflicts							
NM_000038.6(APC):c.1353T>A (p.Cys451Ter)	APC	C392*, C433*, C168*, C291*, C426*, C350*, C360*, C423*, C461*, C325*, C451*	Familial adenomatous polyposis 1	VCV000857174	5	112157633	5	112821936	857174	829627	rs1387916046	NC_000005.10:112821935:T:A	single nucleotide variant	nonsense	Pathogenic	Apr 3, 2019	criteria provided, single submitter							
NM_000038.6(APC):c.1353T>C (p.Cys451=)	APC		Hereditary cancer-predisposing syndrome|Familial adenomatous polyposis 1	VCV000818988	5	112157633	5	112821936	818988	807882	rs1387916046	NC_000005.10:112821935:T:C	single nucleotide variant	synonymous variant	Benign/Likely benign	Mar 1, 2024	criteria provided, multiple submitters, no conflicts							
NM_000038.6(APC):c.1359A>C (p.Leu453=)	APC		Hereditary cancer-predisposing syndrome|Familial adenomatous polyposis 1	VCV003148597	5	112157639	5	112821942	3148597	3307845	rs751945983	NC_000005.10:112821941:A:C	single nucleotide variant	synonymous variant|non-coding transcript variant	Benign/Likely benign	Nov 29, 2025	criteria provided, multiple submitters, no conflicts							
NM_000038.6(APC):c.1359A>T (p.Leu453=)	APC		Hereditary cancer-predisposing syndrome|Familial adenomatous polyposis 1	VCV000819000	5	112157639	5	112821942	819000	807883	rs751945983	NC_000005.10:112821941:A:T	single nucleotide variant	synonymous variant	Benign/Likely benign	Mar 1, 2024	criteria provided, multiple submitters, no conflicts							
NM_000038.6(APC):c.1359A>G (p.Leu453=)	APC		Hereditary cancer-predisposing syndrome|not provided|Classic or attenuated familial adenomatous polyposis|Familial adenomatous polyposis 1	VCV000630113	5	112157639	5	112821942	630113	617065	rs751945983	NC_000005.10:112821941:A:G	single nucleotide variant	synonymous variant	Benign/Likely benign	Dec 20, 2025	criteria provided, multiple submitters, no conflicts							
NM_000038.6(APC):c.1368T>G (p.Leu456=)	APC		Familial adenomatous polyposis 1	VCV003148199	5	112157648	5	112821951	3148199	3307447	rs2533109722	NC_000005.10:112821950:T:G	single nucleotide variant	synonymous variant|non-coding transcript variant	Benign	Mar 1, 2024	criteria provided, single submitter							
NM_000038.6(APC):c.1370C>A (p.Ser457Ter)	APC	S439*, S457*, S297*, S366*, S432*, S356*, S398*, S429*, S467*, S174*, S331*	not provided|Hereditary cancer-predisposing syndrome|Familial adenomatous polyposis 1	VCV000433620	5	112157650	5	112821953	433620	427257	rs1060503333	NC_000005.10:112821952:C:A	single nucleotide variant	nonsense	Pathogenic	Oct 6, 2025	criteria provided, multiple submitters, no conflicts							
NM_000038.6(APC):c.1370C>G (p.Ser457Ter)	APC	S439*, S457*, S174*, S331*, S356*, S398*, S429*, S467*, S297*, S366*, S432*	Classic or attenuated familial adenomatous polyposis|Hereditary cancer-predisposing syndrome|not specified|not provided|Familial adenomatous polyposis 1	VCV000411488	5	112157650	5	112821953	411488	394439	rs1060503333	NC_000005.10:112821952:C:G	single nucleotide variant	nonsense	Pathogenic	Oct 7, 2025	criteria provided, multiple submitters, no conflicts							
NM_000038.6(APC):c.1371A>T (p.Ser457=)	APC		Familial adenomatous polyposis 1	VCV003148277	5	112157651	5	112821954	3148277	3307525	rs1580542473	NC_000005.10:112821953:A:T	single nucleotide variant	synonymous variant|non-coding transcript variant	Benign	Mar 1, 2024	criteria provided, single submitter							
NM_000038.6(APC):c.1371A>G (p.Ser457=)	APC		Familial adenomatous polyposis 1|Hereditary cancer-predisposing syndrome	VCV000819014	5	112157651	5	112821954	819014	807884	rs1580542473	NC_000005.10:112821953:A:G	single nucleotide variant	synonymous variant	Benign/Likely benign	Mar 1, 2024	criteria provided, multiple submitters, no conflicts							
NM_000038.6(APC):c.1378G>T (p.Glu460Ter)	APC	E177*, E300*, E331*, E334*, E359*, E369*, E401*, E432*, E435*, E442*, E460*, E470*, E76*	Familial adenomatous polyposis 1|Hereditary cancer-predisposing syndrome	VCV002584095	5	112157658	5	112821961	2584095	2751663	rs786203718	NC_000005.10:112821960:G:T	single nucleotide variant	nonsense|non-coding transcript variant	Pathogenic	Oct 8, 2024	criteria provided, multiple submitters, no conflicts							
NM_000038.6(APC):c.1383G>A (p.Glu461=)	APC		Hereditary cancer-predisposing syndrome|not provided|Familial adenomatous polyposis 1	VCV000629601	5	112157663	5	112821966	629601	617066	rs1561546239	NC_000005.10:112821965:G:A	single nucleotide variant	synonymous variant	Benign/Likely benign	Nov 18, 2025	criteria provided, multiple submitters, no conflicts							
NM_000038.6(APC):c.1386T>C (p.His462=)	APC		Hereditary cancer-predisposing syndrome|Familial adenomatous polyposis 1	VCV000629562	5	112157666	5	112821969	629562	617067	rs1561546280	NC_000005.10:112821968:T:C	single nucleotide variant	synonymous variant	Benign/Likely benign	Mar 1, 2024	criteria provided, multiple submitters, no conflicts							
NM_000038.6(APC):c.1392T>C (p.His464=)	APC		Classic or attenuated familial adenomatous polyposis|not specified|Familial adenomatous polyposis 1|Hereditary cancer-predisposing syndrome|not provided	VCV000391411	5	112157672	5	112821975	391411	368048	rs1057524073	NC_000005.10:112821974:T:C	single nucleotide variant	synonymous variant	Benign/Likely benign	Jan 13, 2026	criteria provided, multiple submitters, no conflicts							
NM_000038.6(APC):c.1401T>C (p.Asn467=)	APC		Familial adenomatous polyposis 1	VCV003148735	5	112157681	5	112821984	3148735	3307983	rs2149792799	NC_000005.10:112821983:T:C	single nucleotide variant	synonymous variant|non-coding transcript variant	Benign	Mar 1, 2024	criteria provided, single submitter							
NM_000038.6(APC):c.1402G>T (p.Glu468Ter)	APC	E468*, E450*, E185*, E443*, E478*, E308*, E342*, E367*, E377*, E409*, E440*	Familial adenomatous polyposis 1	VCV000411503	5	112157682	5	112821985	411503	394442	rs1060503340	NC_000005.10:112821984:G:T	single nucleotide variant	nonsense	Pathogenic	May 11, 2017	criteria provided, single submitter							
NM_000038.6(APC):c.1408+729A>G	APC		Familial adenomatous polyposis 1	VCV003677038	5	112158417	5	112822720	3677038	3807071		NC_000005.10:112822719:A:G	single nucleotide variant	intron variant	Pathogenic	Aug 13, 2025	criteria provided, single submitter							
NM_000038.6(APC):c.1408+743G>A	APC		not specified|not provided	VCV000083136	5	112158431	5	112822734	83136	94027	rs2545162	NC_000005.10:112822733:G:A	single nucleotide variant	intron variant	Benign	Nov 26, 2024	criteria provided, multiple submitters, no conflicts							
NM_000038.6(APC):c.1408+792A>T	APC		Familial adenomatous polyposis 1|not specified	VCV000082574	5	112158480	5	112822783	82574	93465	rs77551834	NC_000005.10:112822782:A:T	single nucleotide variant	intron variant	Benign	Jul 7, 2023	criteria provided, multiple submitters, no conflicts							
NM_000038.6(APC):c.1408+1061A>T	APC		not provided	VCV001279182	5	112158749	5	112823052	1279182	1266467	rs77618087	NC_000005.10:112823051:A:T	single nucleotide variant	intron variant	Benign	Mar 20, 2019	criteria provided, single submitter							
NM_000038.6(APC):c.1409-26T>G	APC		not provided|not specified	VCV001183091	5	112162779	5	112827082	1183091	1171309	rs9282598	NC_000005.10:112827081:T:G	single nucleotide variant	intron variant	Benign/Likely benign	Mar 4, 2025	criteria provided, multiple submitters, no conflicts							
NM_000038.6(APC):c.1409-2A>G	APC		Hereditary cancer-predisposing syndrome|not provided|Familial multiple polyposis syndrome	VCV000517442	5	112162803	5	112827106	517442	496347	rs1064794163	NC_000005.10:112827105:A:G	single nucleotide variant	splice acceptor variant	Pathogenic/Likely pathogenic	Dec 21, 2022	criteria provided, multiple submitters, no conflicts							
NM_000038.6(APC):c.1409-2A>C	APC		Hereditary cancer-predisposing syndrome|not provided|Familial adenomatous polyposis 1	VCV000419874	5	112162803	5	112827106	419874	406506	rs1064794163	NC_000005.10:112827105:A:C	single nucleotide variant	splice acceptor variant	Pathogenic/Likely pathogenic	Feb 15, 2024	criteria provided, multiple submitters, no conflicts							
NM_000038.6(APC):c.1409-1G>C	APC		Classic or attenuated familial adenomatous polyposis|Familial adenomatous polyposis 1	VCV001068153	5	112162804	5	112827107	1068153	1055452	rs863225313	NC_000005.10:112827106:G:C	single nucleotide variant	splice acceptor variant	Pathogenic/Likely pathogenic	Mar 24, 2024	criteria provided, multiple submitters, no conflicts							
NM_000038.6(APC):c.1409-1G>A	APC		Familial adenomatous polyposis 1|Hereditary cancer-predisposing syndrome|not provided|Neoplasm	VCV000433621	5	112162804	5	112827107	433621	427258	rs863225313	NC_000005.10:112827106:G:A	single nucleotide variant	splice acceptor variant	Pathogenic/Likely pathogenic	Mar 4, 2025	criteria provided, multiple submitters, no conflicts				Oncogenic	Mar 4, 2025	criteria provided, single submitter	
NM_000038.6(APC):c.1409-1G>T	APC		Hereditary cancer-predisposing syndrome|not provided|Familial adenomatous polyposis 1	VCV000217927	5	112162804	5	112827107	217927	214684	rs863225313	NC_000005.10:112827106:G:T	single nucleotide variant	splice acceptor variant	Pathogenic/Likely pathogenic	Nov 24, 2025	criteria provided, multiple submitters, no conflicts							
NM_000038.6(APC):c.1410G>A (p.Gly470=)	APC		Familial adenomatous polyposis 1|Hereditary cancer-predisposing syndrome	VCV003148785	5	112162806	5	112827109	3148785	3308033	rs891419866	NC_000005.10:112827108:G:A	single nucleotide variant	synonymous variant	Benign/Likely benign	Mar 5, 2024	criteria provided, multiple submitters, no conflicts							
NM_000038.6(APC):c.1411G>T (p.Gly471Ter)	APC	G188*, G311*, G342*, G345*, G370*, G380*, G388*, G412*, G430*, G443*, G446*, G453*, G461*, G464*, G471*, G481*, G489*, G499*, G87*	Familial adenomatous polyposis 1	VCV002583882	5	112162807	5	112827110	2583882	2751451	rs1554081633	NC_000005.10:112827109:G:T	single nucleotide variant	nonsense	Pathogenic	May 1, 2023	criteria provided, single submitter							
NM_000038.6(APC):c.1416A>G (p.Leu472=)	APC		Hereditary cancer-predisposing syndrome|Familial adenomatous polyposis 1	VCV000537585	5	112162812	5	112827115	537585	520464	rs1554081635	NC_000005.10:112827114:A:G	single nucleotide variant	synonymous variant	Benign/Likely benign	Oct 31, 2025	criteria provided, multiple submitters, no conflicts							
NM_000038.6(APC):c.1417C>T (p.Gln473Ter)	APC	Q455*, Q473*, Q347*, Q445*, Q313*, Q414*, Q190*, Q382*, Q432*, Q448*, Q483*, Q372*, Q491*	Familial adenomatous polyposis 1|Hereditary cancer-predisposing syndrome|not provided	VCV000230959	5	112162813	5	112827116	230959	233027	rs876658868	NC_000005.10:112827115:C:T	single nucleotide variant	nonsense	Pathogenic	May 1, 2023	criteria provided, multiple submitters, no conflicts							
NM_000038.6(APC):c.1419G>A (p.Gln473=)	APC		Classic or attenuated familial adenomatous polyposis|Hereditary cancer-predisposing syndrome|not provided|not specified|Familial adenomatous polyposis 1	VCV000136405	5	112162815	5	112827118	136405	140108	rs141579422	NC_000005.10:112827117:G:A	single nucleotide variant	synonymous variant	Benign/Likely benign	Feb 3, 2026	criteria provided, multiple submitters, no conflicts							
NM_000038.6(APC):c.1428A>G (p.Ala476=)	APC		Familial adenomatous polyposis 1	VCV003148734	5	112162824	5	112827127	3148734	3307982	rs2149808707	NC_000005.10:112827126:A:G	single nucleotide variant	synonymous variant	Benign	Mar 1, 2024	criteria provided, single submitter							
NM_000038.6(APC):c.1428A>T (p.Ala476=)	APC		Hereditary cancer-predisposing syndrome|Familial adenomatous polyposis 1	VCV001583722	5	112162824	5	112827127	1583722	1528168	rs2149808707	NC_000005.10:112827126:A:T	single nucleotide variant	synonymous variant	Benign/Likely benign	Nov 17, 2025	criteria provided, multiple submitters, no conflicts							
NM_000038.6(APC):c.1429G>T (p.Glu477Ter)	APC	E194*, E317*, E348*, E351*, E376*, E386*, E394*, E418*, E436*, E449*, E452*, E459*, E467*, E470*, E477*, E487*, E495*, E505*, E93*	Familial adenomatous polyposis 1	VCV002584014	5	112162825	5	112827128	2584014	2751583	rs1763761095	NC_000005.10:112827127:G:T	single nucleotide variant	nonsense	Pathogenic	May 1, 2023	criteria provided, single submitter							
NM_000038.6(APC):c.1433T>G (p.Leu478Ter)	APC	L460*, L478*, L195*, L318*, L437*, L450*, L352*, L387*, L419*, L377*, L453*, L488*, L496*	Familial adenomatous polyposis 1	VCV000217928	5	112162829	5	112827132	217928	214685	rs863225314	NC_000005.10:112827131:T:G	single nucleotide variant	nonsense	Pathogenic	Jul 1, 2024	criteria provided, multiple submitters, no conflicts							
NM_000038.6(APC):c.1435T>C (p.Leu479=)	APC		Hereditary cancer-predisposing syndrome|Familial adenomatous polyposis 1	VCV000482432	5	112162831	5	112827134	482432	473601	rs780577693	NC_000005.10:112827133:T:C	single nucleotide variant	synonymous variant	Benign/Likely benign	Mar 1, 2024	criteria provided, multiple submitters, no conflicts							
NM_000038.6(APC):c.1436T>A (p.Leu479Ter)	APC	L196*, L319*, L350*, L353*, L378*, L388*, L396*, L420*, L438*, L451*, L454*, L461*, L469*, L472*, L479*, L489*, L497*, L507*, L95*	Familial adenomatous polyposis 1	VCV002583872	5	112162832	5	112827135	2583872	2751441	rs1763763568	NC_000005.10:112827134:T:A	single nucleotide variant	nonsense	Pathogenic	May 1, 2023	criteria provided, single submitter							
NM_000038.6(APC):c.1437G>A (p.Leu479=)	APC		Hereditary cancer-predisposing syndrome|not specified|Familial adenomatous polyposis 1	VCV000428159	5	112162833	5	112827136	428159	419607	rs1114167598	NC_000005.10:112827135:G:A	single nucleotide variant	synonymous variant	Benign/Likely benign	Mar 4, 2025	criteria provided, multiple submitters, no conflicts							
NM_000038.6(APC):c.1438C>T (p.Gln480Ter)	APC	Q197*, Q320*, Q351*, Q354*, Q379*, Q389*, Q397*, Q421*, Q439*, Q452*, Q455*, Q462*, Q470*, Q473*, Q480*, Q490*, Q498*, Q508*, Q96*	not provided|Familial adenomatous polyposis 1	VCV002583896	5	112162834	5	112827137	2583896	2751465	rs570514864	NC_000005.10:112827136:C:T	single nucleotide variant	nonsense	Pathogenic	Feb 16, 2025	criteria provided, multiple submitters, no conflicts							
NM_000038.6(APC):c.1440A>G (p.Gln480=)	APC		Classic or attenuated familial adenomatous polyposis|Hereditary cancer-predisposing syndrome|Familial adenomatous polyposis 1	VCV001056995	5	112162836	5	112827139	1056995	1043114	rs863224537	NC_000005.10:112827138:A:G	single nucleotide variant	synonymous variant	Benign/Likely benign	Mar 1, 2024	criteria provided, multiple submitters, no conflicts							
NM_000038.6(APC):c.1443G>A (p.Val481=)	APC		Classic or attenuated familial adenomatous polyposis|Hereditary cancer-predisposing syndrome|not specified|Familial adenomatous polyposis 1	VCV000220086	5	112162839	5	112827142	220086	221492	rs146179851	NC_000005.10:112827141:G:A	single nucleotide variant	synonymous variant	Benign/Likely benign	Jun 22, 2025	criteria provided, multiple submitters, no conflicts							
NM_000038.6(APC):c.1452A>G (p.Glu484=)	APC		Familial adenomatous polyposis 1	VCV003148087	5	112162848	5	112827151	3148087	3307335	rs1350430751	NC_000005.10:112827150:A:G	single nucleotide variant	synonymous variant	Benign	Mar 1, 2024	criteria provided, single submitter							
NM_000038.6(APC):c.1458T>C (p.Tyr486=)	APC		Familial adenomatous polyposis 1	VCV000042238	5	112162854	5	112827157	42238	51408	rs2229992	NC_000005.10:112827156:T:C	single nucleotide variant	synonymous variant	Benign	Feb 19, 2023	reviewed by expert panel							
NM_000038.6(APC):c.1458T>G (p.Tyr486Ter)	APC	Y486*, Y468*, Y458*, Y203*, Y360*, Y385*, Y395*, Y427*, Y326*, Y445*, Y461*, Y496*, Y504*	Familial adenomatous polyposis 1	VCV000000825	5	112162854	5	112827157	825	15864	rs2229992	NC_000005.10:112827156:T:G	single nucleotide variant	nonsense	Pathogenic	Mar 8, 2022	criteria provided, single submitter							
NM_000038.6(APC):c.1461G>A (p.Gly487=)	APC		Hereditary cancer-predisposing syndrome|Familial adenomatous polyposis 1|Classic or attenuated familial adenomatous polyposis	VCV000482478	5	112162857	5	112827160	482478	473668	rs1554081682	NC_000005.10:112827159:G:A	single nucleotide variant	synonymous variant	Benign/Likely benign	Aug 19, 2024	criteria provided, multiple submitters, no conflicts							
NM_000038.6(APC):c.1467T>A (p.Thr489=)	APC		Familial adenomatous polyposis 1	VCV003148822	5	112162863	5	112827166	3148822	3308070	rs2149809331	NC_000005.10:112827165:T:A	single nucleotide variant	synonymous variant	Benign	Mar 1, 2024	criteria provided, single submitter							
NM_000038.6(APC):c.1467T>C (p.Thr489=)	APC		Familial adenomatous polyposis 1	VCV002787792	5	112162863	5	112827166	2787792	2942455	rs2149809331	NC_000005.10:112827165:T:C	single nucleotide variant	synonymous variant	Benign/Likely benign	Mar 1, 2024	criteria provided, multiple submitters, no conflicts							
NM_000038.6(APC):c.1479C>G (p.Tyr493Ter)	APC	Y109*, Y210*, Y333*, Y364*, Y367*, Y392*, Y402*, Y410*, Y434*, Y452*, Y465*, Y468*, Y475*, Y483*, Y486*, Y493*, Y503*, Y511*, Y521*	Familial adenomatous polyposis 1	VCV002584059	5	112162875	5	112827178	2584059	2751627	rs1561553939	NC_000005.10:112827177:C:G	single nucleotide variant	nonsense	Pathogenic	May 1, 2023	criteria provided, single submitter							
NM_000038.6(APC):c.1479C>A (p.Tyr493Ter)	APC	Y210*, Y434*, Y452*, Y475*, Y493*, Y333*, Y392*, Y402*, Y468*, Y503*, Y367*, Y465*, Y511*	Familial adenomatous polyposis 1	VCV000639528	5	112162875	5	112827178	639528	632613	rs1561553939	NC_000005.10:112827177:C:A	single nucleotide variant	nonsense	Pathogenic	Jul 26, 2018	criteria provided, single submitter							
NM_000038.6(APC):c.1485T>C (p.Ile495=)	APC		Hereditary cancer-predisposing syndrome|Familial adenomatous polyposis 1	VCV000703653	5	112162881	5	112827184	703653	691644	rs1472240007	NC_000005.10:112827183:T:C	single nucleotide variant	synonymous variant	Benign/Likely benign	Dec 12, 2025	criteria provided, multiple submitters, no conflicts							
NM_000038.6(APC):c.1488A>G (p.Thr496=)	APC		Familial adenomatous polyposis 1|Hereditary cancer-predisposing syndrome	VCV001332062	5	112162884	5	112827187	1332062	1322782	rs9282599	NC_000005.10:112827186:A:G	single nucleotide variant	synonymous variant	Benign/Likely benign	Mar 1, 2024	criteria provided, multiple submitters, no conflicts							
NM_000038.6(APC):c.1488A>T (p.Thr496=)	APC		APC-Associated Polyposis Disorders|not specified|Hereditary cancer-predisposing syndrome|not provided|Familial adenomatous polyposis 1	VCV000135684	5	112162884	5	112827187	135684	139396	rs9282599	NC_000005.10:112827186:A:T	single nucleotide variant	synonymous variant	Benign/Likely benign	Jan 28, 2026	criteria provided, multiple submitters, no conflicts							
NM_000038.6(APC):c.1489C>T (p.Leu497=)	APC		Familial adenomatous polyposis 1|Classic or attenuated familial adenomatous polyposis|Hereditary cancer-predisposing syndrome	VCV000490208	5	112162885	5	112827188	490208	483870	rs768973715	NC_000005.10:112827187:C:T	single nucleotide variant	synonymous variant	Benign/Likely benign	Aug 13, 2025	criteria provided, multiple submitters, no conflicts							
NM_000038.6(APC):c.1491A>G (p.Leu497=)	APC		Classic or attenuated familial adenomatous polyposis|Hereditary cancer-predisposing syndrome|not provided|Familial adenomatous polyposis 1	VCV000416718	5	112162887	5	112827190	416718	394350	rs201992951	NC_000005.10:112827189:A:G	single nucleotide variant	synonymous variant	Benign/Likely benign	Nov 2, 2025	criteria provided, multiple submitters, no conflicts							
NM_000038.6(APC):c.1492A>T (p.Arg498Ter)	APC	R338*, R397*, R473*, R498*, R215*, R457*, R470*, R439*, R480*, R372*, R407*, R508*, R516*	Familial adenomatous polyposis 1	VCV001451308	5	112162888	5	112827191	1451308	1429562	rs2149809668	NC_000005.10:112827190:A:T	single nucleotide variant	nonsense	Pathogenic	Mar 19, 2021	criteria provided, single submitter							
NM_000038.6(APC):c.1495C>T (p.Arg499Ter)	APC	R499*, R481*, R373*, R339*, R408*, R474*, R216*, R471*, R517*, R398*, R440*, R458*, R509*	Hereditary cancer-predisposing syndrome|not provided|Familial multiple polyposis syndrome|Familial adenomatous polyposis 1|Neoplasm	VCV000000824	5	112162891	5	112827194	824	15863	rs137854580	NC_000005.10:112827193:C:T	single nucleotide variant	nonsense	Pathogenic	Jan 7, 2026	criteria provided, multiple submitters, no conflicts				Likely oncogenic	Dec 29, 2025	criteria provided, single submitter	
NM_000038.6(APC):c.1497A>G (p.Arg499=)	APC		Familial adenomatous polyposis 1	VCV001911796	5	112162893	5	112827196	1911796	1973308	rs2149809781	NC_000005.10:112827195:A:G	single nucleotide variant	synonymous variant	Benign/Likely benign	Mar 4, 2024	criteria provided, multiple submitters, no conflicts							
NM_000038.6(APC):c.1500T>A (p.Tyr500Ter)	APC	Y482*, Y500*, Y374*, Y399*, Y472*, Y217*, Y340*, Y409*, Y459*, Y510*, Y441*, Y475*, Y518*	Hereditary cancer-predisposing syndrome|Familial adenomatous polyposis 1	VCV000217929	5	112162896	5	112827199	217929	214686	rs387906230	NC_000005.10:112827198:T:A	single nucleotide variant	nonsense	Pathogenic	Nov 29, 2023	criteria provided, multiple submitters, no conflicts							
NM_000038.6(APC):c.1500T>C (p.Tyr500=)	APC		Classic or attenuated familial adenomatous polyposis|Hereditary cancer-predisposing syndrome|Familial adenomatous polyposis 1	VCV000185576	5	112162896	5	112827199	185576	182349	rs387906230	NC_000005.10:112827198:T:C	single nucleotide variant	synonymous variant	Benign/Likely benign	May 4, 2025	criteria provided, multiple submitters, no conflicts							
NM_000038.6(APC):c.1500T>G (p.Tyr500Ter)	APC	Y482*, Y500*, Y459*, Y374*, Y399*, Y217*, Y340*, Y472*, Y475*, Y518*, Y409*, Y441*, Y510*	Hereditary cancer-predisposing syndrome|Familial adenomatous polyposis 1|not provided	VCV000000796	5	112162896	5	112827199	796	15835	rs387906230	NC_000005.10:112827198:T:G	single nucleotide variant	nonsense	Pathogenic	Nov 8, 2024	criteria provided, multiple submitters, no conflicts							
NM_000038.6(APC):c.1503T>C (p.Ala501=)	APC		Hereditary cancer-predisposing syndrome|Familial adenomatous polyposis 1	VCV000753000	5	112162899	5	112827202	753000	764688	rs201664378	NC_000005.10:112827201:T:C	single nucleotide variant	synonymous variant	Benign/Likely benign	Jan 28, 2025	criteria provided, multiple submitters, no conflicts							
NM_000038.6(APC):c.1503T>G (p.Ala501=)	APC		Familial adenomatous polyposis 1|Hereditary cancer-predisposing syndrome	VCV000490209	5	112162899	5	112827202	490209	483897	rs201664378	NC_000005.10:112827201:T:G	single nucleotide variant	synonymous variant	Benign/Likely benign	Dec 26, 2025	criteria provided, multiple submitters, no conflicts							
NM_000038.6(APC):c.1512T>C (p.Ala504=)	APC		not provided	VCV000618531	5	112162908	5	112827211	618531	609562	rs1561554267	NC_000005.10:112827210:T:C	single nucleotide variant	synonymous variant	Benign	May 30, 2017	criteria provided, single submitter							
NM_000038.6(APC):c.1513T>C (p.Leu505=)	APC		Familial adenomatous polyposis 1	VCV003148011	5	112162909	5	112827212	3148011	3307259	rs2149810029	NC_000005.10:112827211:T:C	single nucleotide variant	synonymous variant	Benign/Likely benign	Aug 1, 2024	criteria provided, multiple submitters, no conflicts							
NM_000038.6(APC):c.1518A>T (p.Thr506=)	APC		Familial adenomatous polyposis 1	VCV003148434	5	112162914	5	112827217	3148434	3307682	rs2149810093	NC_000005.10:112827216:A:T	single nucleotide variant	synonymous variant	Benign	Mar 4, 2024	criteria provided, single submitter							
NM_000038.6(APC):c.1530T>C (p.Phe510=)	APC		Familial adenomatous polyposis 1|not specified|Hereditary cancer-predisposing syndrome	VCV000517099	5	112162926	5	112827229	517099	500907	rs1554081754	NC_000005.10:112827228:T:C	single nucleotide variant	synonymous variant	Benign/Likely benign	Mar 4, 2024	criteria provided, multiple submitters, no conflicts							
NM_000038.6(APC):c.1531G>T (p.Gly511Ter)	APC	G493*, G511*, G228*, G521*, G351*, G486*, G385*, G420*, G483*, G410*, G452*, G470*, G529*	Hereditary cancer-predisposing syndrome|Familial adenomatous polyposis 1	VCV000230854	5	112162927	5	112827230	230854	233028	rs876658811	NC_000005.10:112827229:G:T	single nucleotide variant	nonsense	Pathogenic	Jan 18, 2021	criteria provided, multiple submitters, no conflicts							
NM_000038.6(APC):c.1536T>C (p.Asp512=)	APC		Familial adenomatous polyposis 1|Hereditary cancer-predisposing syndrome	VCV002587010	5	112162932	5	112827235	2587010	2753686	rs2533202790	NC_000005.10:112827234:T:C	single nucleotide variant	synonymous variant	Benign/Likely benign	Mar 5, 2024	criteria provided, multiple submitters, no conflicts							
NM_000038.6(APC):c.1542C>A (p.Ala514=)	APC		Hereditary cancer-predisposing syndrome|Familial adenomatous polyposis 1	VCV000631261	5	112162938	5	112827241	631261	617072	rs1561554519	NC_000005.10:112827240:C:A	single nucleotide variant	synonymous variant	Benign/Likely benign	Mar 5, 2024	criteria provided, multiple submitters, no conflicts							
NM_000038.6(APC):c.1548G>A (p.Lys516=)	APC		Familial adenomatous polyposis 1|Hereditary cancer-predisposing syndrome	VCV000428116	5	112162944	5	112827247	428116	419609	rs879254090	NC_000005.10:112827246:G:A	single nucleotide variant	synonymous variant	Pathogenic/Likely pathogenic	Dec 2, 2025	criteria provided, multiple submitters, no conflicts							
NM_000038.6(APC):c.1548G>C (p.Lys516Asn)	APC	K498N, K516N, K415N, K475N, K526N, K534N, K390N, K356N, K425N, K457N, K491N, K233N, K488N	not provided|Hereditary cancer-predisposing syndrome|Familial adenomatous polyposis 1	VCV000246087	5	112162944	5	112827247	246087	244422	rs879254090	NC_000005.10:112827246:G:C	single nucleotide variant	missense variant	Pathogenic	May 23, 2024	criteria provided, multiple submitters, no conflicts							
NM_000038.6(APC):c.1548+1G>A	APC		Familial adenomatous polyposis 1|Familial multiple polyposis syndrome|Hereditary cancer-predisposing syndrome	VCV000469712	5	112162945	5	112827248	469712	454285	rs1114167599	NC_000005.10:112827247:G:A	single nucleotide variant	splice donor variant	Pathogenic	Feb 25, 2026	criteria provided, multiple submitters, no conflicts							
NM_000038.6(APC):c.1548+1G>C	APC		not provided|Familial adenomatous polyposis 1|Hereditary cancer-predisposing syndrome	VCV000428181	5	112162945	5	112827248	428181	419610	rs1114167599	NC_000005.10:112827247:G:C	single nucleotide variant	splice donor variant	Pathogenic	Feb 25, 2026	criteria provided, multiple submitters, no conflicts							
NM_000038.6(APC):c.1548+1G>T	APC		Familial adenomatous polyposis 1|Hereditary cancer-predisposing syndrome	VCV000428160	5	112162945	5	112827248	428160	419611	rs1114167599	NC_000005.10:112827247:G:T	single nucleotide variant	splice donor variant	Pathogenic	Feb 25, 2026	criteria provided, multiple submitters, no conflicts							
NM_000038.6(APC):c.1548+2T>A	APC		Familial adenomatous polyposis 1	VCV004856771	5	112162946	5	112827249	4856771	4967695		NC_000005.10:112827248:T:A	single nucleotide variant	splice donor variant	Pathogenic	Feb 25, 2026	criteria provided, single submitter							
NM_000038.6(APC):c.1548+2T>C	APC		Hereditary cancer-predisposing syndrome|not provided|Familial adenomatous polyposis 1	VCV000371836	5	112162946	5	112827249	371836	358774	rs1057517561	NC_000005.10:112827248:T:C	single nucleotide variant	splice donor variant	Pathogenic/Likely pathogenic	Feb 25, 2026	criteria provided, multiple submitters, no conflicts							
NM_000038.6(APC):c.1548+17T>C	APC		Hereditary cancer-predisposing syndrome|not specified|not provided|Familial adenomatous polyposis 1	VCV000136406	5	112162961	5	112827264	136406	140109	rs367690523	NC_000005.10:112827263:T:C	single nucleotide variant	intron variant	Benign/Likely benign	Feb 3, 2026	criteria provided, multiple submitters, no conflicts							
NM_000038.6(APC):c.1549-16T>C	APC		Hereditary cancer-predisposing syndrome|Familial adenomatous polyposis 1|not specified	VCV000490212	5	112163610	5	112827913	490212	483755	rs773455401	NC_000005.10:112827912:T:C	single nucleotide variant	intron variant	Benign/Likely benign	Jan 19, 2026	criteria provided, multiple submitters, no conflicts							
NM_000038.6(APC):c.1549-14T>C	APC		Familial adenomatous polyposis 1|Hereditary cancer-predisposing syndrome	VCV000490211	5	112163612	5	112827915	490211	483834	rs761211430	NC_000005.10:112827914:T:C	single nucleotide variant	intron variant	Benign/Likely benign	Dec 6, 2025	criteria provided, multiple submitters, no conflicts							
NM_000038.6(APC):c.1549-13A>T	APC		Familial adenomatous polyposis 1	VCV000140764	5	112163613	5	112827916	140764	150478	rs587781267	NC_000005.10:112827915:A:T	single nucleotide variant	intron variant	Benign	Feb 19, 2023	reviewed by expert panel							
NM_000038.6(APC):c.1549-2A>G	APC		Familial adenomatous polyposis 1|Hereditary cancer-predisposing syndrome	VCV002583997	5	112163624	5	112827927	2583997	2751566	rs2149813083	NC_000005.10:112827926:A:G	single nucleotide variant	splice acceptor variant	Pathogenic/Likely pathogenic	Jul 15, 2025	criteria provided, multiple submitters, no conflicts							
NM_000038.6(APC):c.1554G>T (p.Thr518=)	APC		not provided|Hereditary cancer-predisposing syndrome|Familial adenomatous polyposis 1	VCV000754892	5	112163631	5	112827934	754892	764689	rs546568052	NC_000005.10:112827933:G:T	single nucleotide variant	synonymous variant	Benign/Likely benign	Feb 24, 2026	criteria provided, multiple submitters, no conflicts							
NM_000038.6(APC):c.1554G>A (p.Thr518=)	APC		Classic or attenuated familial adenomatous polyposis|Hereditary cancer-predisposing syndrome|not specified|not provided|Familial adenomatous polyposis 1	VCV000135685	5	112163631	5	112827934	135685	139397	rs546568052	NC_000005.10:112827933:G:A	single nucleotide variant	synonymous variant	Benign/Likely benign	Feb 2, 2026	criteria provided, multiple submitters, no conflicts							
NM_000038.6(APC):c.1557A>G (p.Leu519=)	APC		Hereditary cancer-predisposing syndrome|Classic or attenuated familial adenomatous polyposis|not specified|not provided|Familial adenomatous polyposis 1	VCV000183927	5	112163634	5	112827937	183927	182350	rs765537673	NC_000005.10:112827936:A:G	single nucleotide variant	synonymous variant	Benign/Likely benign	Jan 26, 2026	criteria provided, multiple submitters, no conflicts							
NM_000038.6(APC):c.1560C>T (p.Cys520=)	APC		Hereditary cancer-predisposing syndrome|Familial adenomatous polyposis 1	VCV000746103	5	112163637	5	112827940	746103	749128	rs1580568821	NC_000005.10:112827939:C:T	single nucleotide variant	synonymous variant	Benign/Likely benign	Oct 3, 2025	criteria provided, multiple submitters, no conflicts							
NM_000038.6(APC):c.1567A>T (p.Lys523Ter)	APC	K139*, K240*, K363*, K394*, K397*, K422*, K432*, K440*, K464*, K482*, K495*, K498*, K505*, K513*, K516*, K523*, K533*, K541*, K551*	Hereditary cancer-predisposing syndrome|Familial adenomatous polyposis 1	VCV002573326	5	112163644	5	112827947	2573326	2738274	rs1763872744	NC_000005.10:112827946:A:T	single nucleotide variant	nonsense	Pathogenic	Jun 27, 2025	criteria provided, multiple submitters, no conflicts							
NM_000038.6(APC):c.1575C>A (p.Cys525Ter)	APC	C141*, C242*, C365*, C396*, C399*, C424*, C434*, C442*, C466*, C484*, C497*, C500*, C507*, C515*, C518*, C525*, C535*, C543*, C553*	Familial adenomatous polyposis 1	VCV002583954	5	112163652	5	112827955	2583954	2751523	rs2149813460	NC_000005.10:112827954:C:A	single nucleotide variant	nonsense	Pathogenic	Mar 23, 2025	criteria provided, multiple submitters, no conflicts							
NM_000038.6(APC):c.1579A>C (p.Arg527=)	APC		Familial adenomatous polyposis 1	VCV002142157	5	112163656	5	112827959	2142157	1879235	rs751120046	NC_000005.10:112827958:A:C	single nucleotide variant	synonymous variant	Benign/Likely benign	Mar 7, 2024	criteria provided, multiple submitters, no conflicts							
NM_000038.6(APC):c.1579A>T (p.Arg527Ter)	APC	R143*, R401*, R468*, R486*, R517*, R555*, R367*, R398*, R436*, R509*, R520*, R527*, R426*, R444*, R537*, R244*, R499*, R502*, R545*	Hereditary cancer-predisposing syndrome|Familial adenomatous polyposis 1	VCV001775634	5	112163656	5	112827959	1775634	1830831	rs751120046	NC_000005.10:112827958:A:T	single nucleotide variant	nonsense	Pathogenic	Nov 5, 2023	criteria provided, multiple submitters, no conflicts							
NM_000038.6(APC):c.1593C>T (p.Ala531=)	APC		Hereditary cancer-predisposing syndrome|Familial adenomatous polyposis 1	VCV001775966	5	112163670	5	112827973	1775966	1827766	rs878853418	NC_000005.10:112827972:C:T	single nucleotide variant	synonymous variant	Benign/Likely benign	Dec 8, 2024	criteria provided, multiple submitters, no conflicts							
NM_000038.6(APC):c.1593C>G (p.Ala531=)	APC		Hereditary cancer-predisposing syndrome|not specified|Familial adenomatous polyposis 1	VCV000236562	5	112163670	5	112827973	236562	239540	rs878853418	NC_000005.10:112827972:C:G	single nucleotide variant	synonymous variant	Benign/Likely benign	Jul 27, 2025	criteria provided, multiple submitters, no conflicts							
NM_000038.6(APC):c.1594C>T (p.Gln532Ter)	APC	Q532*, Q514*, Q249*, Q431*, Q473*, Q504*, Q507*, Q550*, Q441*, Q542*, Q372*, Q406*, Q491*	Familial adenomatous polyposis 1|not provided	VCV000584460	5	112163671	5	112827974	584460	575531	rs1554081901	NC_000005.10:112827973:C:T	single nucleotide variant	nonsense	Pathogenic/Likely pathogenic	May 2, 2023	criteria provided, multiple submitters, no conflicts							
NM_000038.6(APC):c.1596A>G (p.Gln532=)	APC		Hereditary cancer-predisposing syndrome|Familial adenomatous polyposis 1|not specified	VCV000433623	5	112163673	5	112827976	433623	427260	rs1331131200	NC_000005.10:112827975:A:G	single nucleotide variant	synonymous variant	Benign/Likely benign	Nov 12, 2025	criteria provided, multiple submitters, no conflicts							
NM_000038.6(APC):c.1599A>G (p.Leu533=)	APC		Hereditary cancer-predisposing syndrome|Familial adenomatous polyposis 1	VCV001143056	5	112163676	5	112827979	1143056	1136100	rs2149813778	NC_000005.10:112827978:A:G	single nucleotide variant	synonymous variant	Benign/Likely benign	Mar 7, 2024	criteria provided, multiple submitters, no conflicts							
NM_000038.6(APC):c.1600A>T (p.Lys534Ter)	APC	K544*, K506*, K509*, K534*, K552*, K374*, K251*, K408*, K433*, K443*, K475*, K493*, K516*	Familial adenomatous polyposis 1	VCV000665501	5	112163677	5	112827980	665501	632619	rs1580569295	NC_000005.10:112827979:A:T	single nucleotide variant	nonsense	Pathogenic	May 8, 2023	criteria provided, multiple submitters, no conflicts							
NM_000038.6(APC):c.1606G>T (p.Glu536Ter)	APC	E518*, E536*, E253*, E435*, E495*, E511*, E554*, E376*, E445*, E546*, E477*, E410*, E508*	Hereditary cancer-predisposing syndrome	VCV000486785	5	112163683	5	112827986	486785	473621	rs138098808	NC_000005.10:112827985:G:T	single nucleotide variant	nonsense	Pathogenic	Jun 2, 2017	criteria provided, single submitter							
NM_000038.6(APC):c.1612G>T (p.Glu538Ter)	APC	E154*, E255*, E378*, E409*, E412*, E437*, E447*, E455*, E479*, E497*, E510*, E513*, E520*, E528*, E531*, E538*, E548*, E556*, E566*	Hereditary cancer-predisposing syndrome|Familial adenomatous polyposis 1	VCV001801523	5	112163689	5	112827992	1801523	1858722	rs2149813944	NC_000005.10:112827991:G:T	single nucleotide variant	nonsense	Pathogenic	Sep 29, 2023	criteria provided, multiple submitters, no conflicts							
NM_000038.6(APC):c.1614A>G (p.Glu538=)	APC		Hereditary cancer-predisposing syndrome|Familial adenomatous polyposis 1	VCV000482262	5	112163691	5	112827994	482262	473639	rs772204077	NC_000005.10:112827993:A:G	single nucleotide variant	synonymous variant	Benign/Likely benign	Nov 23, 2025	criteria provided, multiple submitters, no conflicts							
NM_000038.6(APC):c.1617C>T (p.Asp539=)	APC		Familial adenomatous polyposis 1|Classic or attenuated familial adenomatous polyposis|Hereditary cancer-predisposing syndrome	VCV000490216	5	112163694	5	112827997	490216	483912	rs1554081912	NC_000005.10:112827996:C:T	single nucleotide variant	synonymous variant	Benign/Likely benign	Nov 12, 2025	criteria provided, multiple submitters, no conflicts							
NM_000038.6(APC):c.1619T>G (p.Leu540Ter)	APC	L156*, L257*, L380*, L411*, L414*, L439*, L449*, L457*, L481*, L499*, L512*, L515*, L522*, L530*, L533*, L540*, L550*, L558*, L568*	Familial adenomatous polyposis 1	VCV002584202	5	112163696	5	112827999	2584202	2751768	rs1763886479	NC_000005.10:112827998:T:G	single nucleotide variant	nonsense	Pathogenic	May 2, 2023	criteria provided, single submitter							
NM_000038.6(APC):c.1621C>T (p.Gln541Ter)	APC	Q541*, Q523*, Q381*, Q513*, Q516*, Q551*, Q415*, Q440*, Q500*, Q482*, Q559*, Q258*, Q450*	Inherited polyposis and early onset colorectal cancer - germline testing|Hereditary cancer-predisposing syndrome|not provided|Familial adenomatous polyposis 1	VCV000000806	5	112163698	5	112828001	806	15845	rs137854572	NC_000005.10:112828000:C:T	single nucleotide variant	nonsense	Pathogenic	Jul 30, 2025	criteria provided, multiple submitters, no conflicts							
NM_000038.6(APC):c.1624C>T (p.Gln542Ter)	APC	Q517*, Q560*, Q259*, Q501*, Q524*, Q552*, Q416*, Q451*, Q514*, Q382*, Q441*, Q483*, Q542*	Familial adenomatous polyposis 1|Hereditary cancer-predisposing syndrome	VCV000819693	5	112163701	5	112828004	819693	807902	rs1580569680	NC_000005.10:112828003:C:T	single nucleotide variant	nonsense	Pathogenic	Dec 13, 2024	criteria provided, multiple submitters, no conflicts							
NM_000038.6(APC):c.1626+1G>A	APC		Hereditary cancer-predisposing syndrome|not provided|Familial adenomatous polyposis 1	VCV000492656	5	112163704	5	112828007	492656	485614	rs1554081934	NC_000005.10:112828006:G:A	single nucleotide variant	splice donor variant	Pathogenic/Likely pathogenic	Dec 24, 2025	criteria provided, multiple submitters, no conflicts							
NM_000038.6(APC):c.1627-315C>T	APC		not provided	VCV000083162	5	112164238	5	112828541	83162	94053	rs187075	NC_000005.10:112828540:C:T	single nucleotide variant	intron variant	Benign	Jan 10, 2019	criteria provided, single submitter							
NM_000038.6(APC):c.1627-3C>G	APC		Hereditary cancer-predisposing syndrome	VCV001776714	5	112164550	5	112828853	1776714	1833988	rs1554082079	NC_000005.10:112828852:C:G	single nucleotide variant	intron variant	Pathogenic	Mar 9, 2021	criteria provided, single submitter							
NM_000038.6(APC):c.1627-2A>T	APC		Hereditary cancer-predisposing syndrome|Familial adenomatous polyposis 1	VCV001776713	5	112164551	5	112828854	1776713	1833987	rs1580573837	NC_000005.10:112828853:A:T	single nucleotide variant	splice acceptor variant	Pathogenic/Likely pathogenic	May 2, 2023	criteria provided, multiple submitters, no conflicts							
NM_000038.6(APC):c.1627-1G>A	APC		Hereditary cancer-predisposing syndrome	VCV000819698	5	112164552	5	112828855	819698	815329	rs1580573847	NC_000005.10:112828854:G:A	single nucleotide variant	splice acceptor variant	Pathogenic	Nov 22, 2019	criteria provided, single submitter							
NM_000038.6(APC):c.1629T>C (p.Val543=)	APC		Classic or attenuated familial adenomatous polyposis|Hereditary cancer-predisposing syndrome|Familial adenomatous polyposis 1|Desmoid disease, hereditary	VCV000217934	5	112164555	5	112828858	217934	214691	rs779848042	NC_000005.10:112828857:T:C	single nucleotide variant	synonymous variant	Benign/Likely benign	Oct 3, 2024	criteria provided, multiple submitters, no conflicts							
NM_000038.6(APC):c.1632T>C (p.Ile544=)	APC		Hereditary cancer-predisposing syndrome|Classic or attenuated familial adenomatous polyposis|Familial adenomatous polyposis 1	VCV000537672	5	112164558	5	112828861	537672	520467	rs758661066	NC_000005.10:112828860:T:C	single nucleotide variant	synonymous variant	Benign/Likely benign	Dec 3, 2025	criteria provided, multiple submitters, no conflicts							
NM_000038.6(APC):c.1635G>A (p.Ala545=)	APC		Familial adenomatous polyposis 1	VCV000042239	5	112164561	5	112828864	42239	51409	rs351771	NC_000005.10:112828863:G:A	single nucleotide variant	synonymous variant	Benign	Feb 19, 2023	reviewed by expert panel							
NM_000038.6(APC):c.1642T>C (p.Leu548=)	APC		Classic or attenuated familial adenomatous polyposis|Hereditary cancer-predisposing syndrome|Familial adenomatous polyposis 1	VCV001642983	5	112164568	5	112828871	1642983	1521475	rs1060503373	NC_000005.10:112828870:T:C	single nucleotide variant	synonymous variant	Benign/Likely benign	Aug 18, 2025	criteria provided, multiple submitters, no conflicts							
NM_000038.6(APC):c.1647G>A (p.Arg549=)	APC		Hereditary cancer-predisposing syndrome|not specified|Familial adenomatous polyposis 1	VCV000384361	5	112164573	5	112828876	384361	368057	rs1057521935	NC_000005.10:112828875:G:A	single nucleotide variant	synonymous variant	Benign/Likely benign	Aug 27, 2024	criteria provided, multiple submitters, no conflicts							
NM_000038.6(APC):c.1651T>C (p.Leu551=)	APC		Hereditary cancer-predisposing syndrome|Familial adenomatous polyposis 1	VCV001777270	5	112164577	5	112828880	1777270	1831162	rs2533241903	NC_000005.10:112828879:T:C	single nucleotide variant	synonymous variant	Benign/Likely benign	May 30, 2025	criteria provided, multiple submitters, no conflicts							
NM_000038.6(APC):c.1652T>A (p.Leu551Ter)	APC	L391*, L492*, L561*, L450*, L533*, L551*, L460*, L510*, L569*, L268*, L425*, L523*, L526*	Familial adenomatous polyposis 1	VCV001459980	5	112164578	5	112828881	1459980	1481337	rs2149817124	NC_000005.10:112828880:T:A	single nucleotide variant	nonsense	Pathogenic	May 26, 2021	criteria provided, single submitter							
NM_000038.6(APC):c.1653G>A (p.Leu551=)	APC		Familial adenomatous polyposis 1	VCV002087948	5	112164579	5	112828882	2087948	2154907	rs2149817137	NC_000005.10:112828881:G:A	single nucleotide variant	synonymous variant	Benign/Likely benign	Jun 22, 2025	criteria provided, multiple submitters, no conflicts							
NM_000038.6(APC):c.1656T>G (p.Ser552=)	APC		Classic or attenuated familial adenomatous polyposis|not provided|Hereditary cancer-predisposing syndrome|Familial adenomatous polyposis 1|not specified	VCV000510480	5	112164582	5	112828885	510480	501198	rs1554082105	NC_000005.10:112828884:T:G	single nucleotide variant	synonymous variant	Benign/Likely benign	Sep 22, 2025	criteria provided, multiple submitters, no conflicts							
NM_000038.6(APC):c.1658G>A (p.Trp553Ter)	APC	W535*, W553*, W427*, W452*, W270*, W393*, W494*, W512*, W525*, W571*, W462*, W528*, W563*	Hereditary cancer-predisposing syndrome|not provided|Familial adenomatous polyposis 1	VCV000217935	5	112164584	5	112828887	217935	214692	rs863225318	NC_000005.10:112828886:G:A	single nucleotide variant	nonsense	Pathogenic	Dec 10, 2025	criteria provided, multiple submitters, no conflicts							
NM_000038.6(APC):c.1659G>A (p.Trp553Ter)	APC	W535*, W553*, W462*, W528*, W393*, W512*, W525*, W563*, W427*, W452*, W494*, W571*, W270*	Hereditary cancer-predisposing syndrome|not provided|Familial adenomatous polyposis 1	VCV000092340	5	112164585	5	112828888	92340	98251	rs398123116	NC_000005.10:112828887:G:A	single nucleotide variant	nonsense	Pathogenic	Feb 27, 2025	criteria provided, multiple submitters, no conflicts							
NM_000038.6(APC):c.1660C>T (p.Arg554Ter)	APC	R554*, R536*, R394*, R564*, R453*, R526*, R529*, R271*, R463*, R495*, R572*, R428*, R513*	Hepatocellular carcinoma|Desmoid disease, hereditary|Neoplasm of stomach|Familial adenomatous polyposis 1|Carcinoma of colon|Hereditary cancer-predisposing syndrome|not provided|Familial adenomatous polyposis 1|Familial multiple polyposis syndrome|Colorectal cancer, susceptibility to|Neoplasm	VCV000000807	5	112164586	5	112828889	807	15846	rs137854573	NC_000005.10:112828888:C:T	single nucleotide variant	nonsense	Pathogenic	Nov 13, 2025	criteria provided, multiple submitters, no conflicts				Likely oncogenic	Dec 29, 2025	criteria provided, single submitter	
NM_000038.6(APC):c.1662A>C (p.Arg554=)	APC		Hereditary cancer-predisposing syndrome|not specified|Familial adenomatous polyposis 1	VCV000384511	5	112164588	5	112828891	384511	369253	rs1057521976	NC_000005.10:112828890:A:C	single nucleotide variant	synonymous variant	Benign/Likely benign	Jun 1, 2025	criteria provided, multiple submitters, no conflicts							
NM_000038.6(APC):c.1668T>C (p.Asp556=)	APC		Hereditary cancer-predisposing syndrome|Familial adenomatous polyposis 1	VCV000819776	5	112164594	5	112828897	819776	807903	rs377045570	NC_000005.10:112828896:T:C	single nucleotide variant	synonymous variant	Benign/Likely benign	Sep 29, 2025	criteria provided, multiple submitters, no conflicts							
NM_000038.6(APC):c.1686G>A (p.Thr562=)	APC		Hereditary cancer-predisposing syndrome|Classic or attenuated familial adenomatous polyposis|not specified|not provided|Familial adenomatous polyposis 1	VCV000183784	5	112164612	5	112828915	183784	182351	rs770256026	NC_000005.10:112828914:G:A	single nucleotide variant	synonymous variant	Benign/Likely benign	Feb 1, 2026	criteria provided, multiple submitters, no conflicts							
NM_000038.6(APC):c.1689G>A (p.Leu563=)	APC		Hereditary cancer-predisposing syndrome|Familial adenomatous polyposis 1	VCV001090496	5	112164615	5	112828918	1090496	1072016	rs2149817582	NC_000005.10:112828917:G:A	single nucleotide variant	synonymous variant	Benign/Likely benign	Mar 6, 2024	criteria provided, multiple submitters, no conflicts							
NM_000038.6(APC):c.1690C>T (p.Arg564Ter)	APC	R564*, R546*, R463*, R473*, R505*, R536*, R281*, R574*, R582*, R523*, R404*, R438*, R539*	APC-related disorder|Gastric adenocarcinoma and proximal polyposis of the stomach|Colorectal cancer|Familial adenomatous polyposis 1|Gastric cancer|Hepatocellular carcinoma|Desmoid disease, hereditary|Classic or attenuated familial adenomatous polyposis|Hereditary cancer-predisposing syndrome|not provided|Familial multiple polyposis syndrome|Familial adenomatous polyposis 1|Neoplasm	VCV000000808	5	112164616	5	112828919	808	15847	rs137854574	NC_000005.10:112828918:C:T	single nucleotide variant	nonsense	Pathogenic	Jan 13, 2026	criteria provided, multiple submitters, no conflicts				Oncogenic	Mar 4, 2025	criteria provided, single submitter	
NM_000038.6(APC):c.1692A>C (p.Arg564=)	APC		Familial adenomatous polyposis 1|Hereditary cancer-predisposing syndrome|not provided	VCV000819859	5	112164618	5	112828921	819859	807906	rs763295800	NC_000005.10:112828920:A:C	single nucleotide variant	synonymous variant	Benign/Likely benign	Dec 27, 2025	criteria provided, multiple submitters, no conflicts							
NM_000038.6(APC):c.1693G>T (p.Glu565Ter)	APC	E474*, E537*, E282*, E405*, E506*, E540*, E565*, E583*, E439*, E524*, E547*, E464*, E575*	Familial adenomatous polyposis 1	VCV000969677	5	112164619	5	112828922	969677	953889	rs890665991	NC_000005.10:112828921:G:T	single nucleotide variant	nonsense	Pathogenic	May 2, 2023	criteria provided, multiple submitters, no conflicts							
NM_000038.6(APC):c.1695A>G (p.Glu565=)	APC		not specified|Hereditary cancer-predisposing syndrome|APC-Associated Polyposis Disorders|not provided|Familial adenomatous polyposis 1	VCV000183766	5	112164621	5	112828924	183766	182352	rs77921116	NC_000005.10:112828923:A:G	single nucleotide variant	synonymous variant	Benign	Feb 4, 2026	criteria provided, multiple submitters, no conflicts							
NM_000038.6(APC):c.1698T>C (p.Val566=)	APC		Familial adenomatous polyposis 1	VCV003148738	5	112164624	5	112828927	3148738	3307986	rs2149817756	NC_000005.10:112828926:T:C	single nucleotide variant	synonymous variant	Benign	Mar 6, 2024	criteria provided, single submitter							
NM_000038.6(APC):c.1701A>C (p.Gly567=)	APC		Familial adenomatous polyposis 1	VCV003148188	5	112164627	5	112828930	3148188	3307436	rs2149817832	NC_000005.10:112828929:A:C	single nucleotide variant	synonymous variant	Benign	Mar 6, 2024	criteria provided, single submitter							
NM_000038.6(APC):c.1707G>A (p.Val569=)	APC		Familial adenomatous polyposis 1|Hereditary cancer-predisposing syndrome	VCV002452679	5	112164633	5	112828936	2452679	2433661	rs2149817942	NC_000005.10:112828935:G:A	single nucleotide variant	synonymous variant	Benign/Likely benign	Mar 6, 2024	criteria provided, multiple submitters, no conflicts							
NM_000038.6(APC):c.1710A>G (p.Lys570=)	APC		Hereditary cancer-predisposing syndrome|Familial adenomatous polyposis 1	VCV002785568	5	112164636	5	112828939	2785568	2945415	rs1182822563	NC_000005.10:112828938:A:G	single nucleotide variant	synonymous variant	Benign/Likely benign	May 11, 2025	criteria provided, multiple submitters, no conflicts							
NM_000038.6(APC):c.1713A>G (p.Ala571=)	APC		Classic or attenuated familial adenomatous polyposis|not provided|not specified|Hereditary cancer-predisposing syndrome|Familial adenomatous polyposis 1	VCV000377490	5	112164639	5	112828942	377490	368110	rs529306174	NC_000005.10:112828941:A:G	single nucleotide variant	synonymous variant	Benign/Likely benign	Jan 28, 2026	criteria provided, multiple submitters, no conflicts							
NM_000038.6(APC):c.1714T>C (p.Leu572=)	APC		Familial adenomatous polyposis 1	VCV003148139	5	112164640	5	112828943	3148139	3307387	rs2149818077	NC_000005.10:112828942:T:C	single nucleotide variant	synonymous variant	Benign	Mar 6, 2024	criteria provided, single submitter							
NM_000038.6(APC):c.1720G>T (p.Glu574Ter)	APC	E291*, E414*, E448*, E473*, E483*, E515*, E533*, E546*, E549*, E556*, E574*, E584*, E592*	Familial adenomatous polyposis 1|Colorectal cancer	VCV000976253	5	112164646	5	112828949	976253	964238	rs1764024563	NC_000005.10:112828948:G:T	single nucleotide variant	nonsense	Pathogenic	May 2, 2023	criteria provided, multiple submitters, no conflicts							
NM_000038.6(APC):c.1737T>A (p.Val579=)	APC		Familial adenomatous polyposis 1	VCV003148554	5	112164663	5	112828966	3148554	3307802	rs2149818517	NC_000005.10:112828965:T:A	single nucleotide variant	synonymous variant	Benign/Likely benign	Dec 4, 2024	criteria provided, multiple submitters, no conflicts							
NM_000038.6(APC):c.1737T>C (p.Val579=)	APC		Hereditary cancer-predisposing syndrome|Familial adenomatous polyposis 1	VCV001567678	5	112164663	5	112828966	1567678	1591838	rs2149818517	NC_000005.10:112828965:T:C	single nucleotide variant	synonymous variant	Benign/Likely benign	May 20, 2024	criteria provided, multiple submitters, no conflicts							
NM_000038.6(APC):c.1738A>T (p.Lys580Ter)	APC	K196*, K479*, K489*, K539*, K552*, K555*, K570*, K573*, K608*, K598*, K420*, K562*, K580*, K590*, K297*, K451*, K454*, K497*, K521*	Hereditary cancer-predisposing syndrome|Familial adenomatous polyposis 1	VCV001779121	5	112164664	5	112828967	1779121	1828336	rs1429910910	NC_000005.10:112828966:A:T	single nucleotide variant	nonsense	Pathogenic	Oct 6, 2025	criteria provided, multiple submitters, no conflicts							
NM_000038.6(APC):c.1743+1G>C	APC		Familial multiple polyposis syndrome|Familial adenomatous polyposis 1|not provided|Hereditary cancer-predisposing syndrome	VCV001779228	5	112164670	5	112828973	1779228	1828443	rs761458613	NC_000005.10:112828972:G:C	single nucleotide variant	splice donor variant	Pathogenic/Likely pathogenic	Mar 20, 2026	criteria provided, multiple submitters, no conflicts							
NM_000038.6(APC):c.1743+1G>A	APC		Classic or attenuated familial adenomatous polyposis|APC-related disorder|Hereditary cancer-predisposing syndrome|not provided|Familial adenomatous polyposis 1	VCV000236563	5	112164670	5	112828973	236563	239541	rs761458613	NC_000005.10:112828972:G:A	single nucleotide variant	splice donor variant	Pathogenic/Likely pathogenic	Sep 11, 2026	criteria provided, multiple submitters, no conflicts							
NM_000038.6(APC):c.1743+193G>A	APC		not provided	VCV000083163	5	112164862	5	112829165	83163	94054	rs351772	NC_000005.10:112829164:G:A	single nucleotide variant	intron variant	Benign	Jun 22, 2018	criteria provided, single submitter							
NM_000038.6(APC):c.1744-290G>A	APC		not provided	VCV000083209	5	112170358	5	112834661	83209	94100	rs458967	NC_000005.10:112834660:G:A	single nucleotide variant	intron variant	Benign	Jan 10, 2019	criteria provided, single submitter							
NM_000038.6(APC):c.1744-158A>G	APC		not provided	VCV001238626	5	112170490	5	112834793	1238626	1227754	rs74915204	NC_000005.10:112834792:A:G	single nucleotide variant	intron variant	Benign	Jun 25, 2018	criteria provided, single submitter							
NM_000038.6(APC):c.1744-22C>G	APC		Hereditary cancer-predisposing syndrome	VCV001779246	5	112170626	5	112834929	1779246	1828461	rs2149840516	NC_000005.10:112834928:C:G	single nucleotide variant	intron variant	Pathogenic	Aug 30, 2022	criteria provided, single submitter							
NM_000038.6(APC):c.1744-4C>G	APC		Hereditary cancer-predisposing syndrome|Familial adenomatous polyposis 1	VCV000433625	5	112170644	5	112834947	433625	427262	rs772745309	NC_000005.10:112834946:C:G	single nucleotide variant	intron variant	Pathogenic	Jun 23, 2023	criteria provided, multiple submitters, no conflicts							
NM_000038.6(APC):c.1744-3T>G	APC		Hereditary cancer-predisposing syndrome	VCV000819988	5	112170645	5	112834948	819988	815330	rs760166803	NC_000005.10:112834947:T:G	single nucleotide variant	intron variant	Pathogenic	Nov 7, 2025	criteria provided, single submitter							
NM_000038.6(APC):c.1744-2A>C	APC		Familial adenomatous polyposis 1	VCV002019875	5	112170646	5	112834949	2019875	2086762	rs587783035	NC_000005.10:112834948:A:C	single nucleotide variant	splice acceptor variant	Pathogenic	Jul 27, 2022	criteria provided, single submitter							
NM_000038.6(APC):c.1744-2A>T	APC		not provided|Familial adenomatous polyposis 1	VCV000438868	5	112170646	5	112834949	438868	432578	rs587783035	NC_000005.10:112834948:A:T	single nucleotide variant	splice acceptor variant	Pathogenic/Likely pathogenic	Feb 19, 2022	criteria provided, multiple submitters, no conflicts							
NM_000038.6(APC):c.1744-2A>G	APC		Hereditary cancer-predisposing syndrome|not provided|Familial multiple polyposis syndrome|Familial adenomatous polyposis 1	VCV000156482	5	112170646	5	112834949	156482	166247	rs587783035	NC_000005.10:112834948:A:G	single nucleotide variant	splice acceptor variant	Pathogenic	Dec 16, 2025	criteria provided, multiple submitters, no conflicts							
NM_000038.6(APC):c.1744-1G>A	APC		Hereditary cancer-predisposing syndrome|Familial adenomatous polyposis 1	VCV002452736	5	112170647	5	112834950	2452736	2433718	rs976449430	NC_000005.10:112834949:G:A	single nucleotide variant	splice acceptor variant	Pathogenic	Jan 8, 2026	criteria provided, multiple submitters, no conflicts							
NM_000038.6(APC):c.1744G>T (p.Glu582Ter)	APC	E299*, E422*, E456*, E481*, E491*, E523*, E541*, E554*, E557*, E564*, E582*, E592*, E600*	Familial adenomatous polyposis 1	VCV001012192	5	112170648	5	112834951	1012192	999949	rs1764693751	NC_000005.10:112834950:G:T	single nucleotide variant	nonsense	Pathogenic	Apr 2, 2020	criteria provided, single submitter							
NM_000038.6(APC):c.1746A>G (p.Glu582=)	APC		Familial adenomatous polyposis 1	VCV000231116	5	112170650	5	112834953	231116	233039	rs876658969	NC_000005.10:112834952:A:G	single nucleotide variant	synonymous variant	Benign	Feb 19, 2023	reviewed by expert panel							
NM_000038.6(APC):c.1748C>A (p.Ser583Ter)	APC	S199*, S300*, S423*, S454*, S457*, S482*, S492*, S500*, S524*, S542*, S555*, S558*, S565*, S573*, S576*, S583*, S593*, S601*, S611*	Familial adenomatous polyposis 1|APC-related disorder	VCV002583983	5	112170652	5	112834955	2583983	2751552	rs2149840797	NC_000005.10:112834954:C:A	single nucleotide variant	nonsense|non-coding transcript variant	Pathogenic/Likely pathogenic	Feb 13, 2024	criteria provided, multiple submitters, no conflicts							
NM_000038.6(APC):c.1749A>C (p.Ser583=)	APC		Familial adenomatous polyposis 1|Hereditary cancer-predisposing syndrome	VCV000797754	5	112170653	5	112834956	797754	782075	rs1580603138	NC_000005.10:112834955:A:C	single nucleotide variant	synonymous variant	Benign/Likely benign	Mar 7, 2024	criteria provided, multiple submitters, no conflicts							
NM_000038.6(APC):c.1752C>T (p.Thr584=)	APC		Familial adenomatous polyposis 1|Hereditary cancer-predisposing syndrome	VCV000754531	5	112170656	5	112834959	754531	764690	rs1580603181	NC_000005.10:112834958:C:T	single nucleotide variant	synonymous variant	Benign/Likely benign	Mar 7, 2024	criteria provided, multiple submitters, no conflicts							
NM_000038.6(APC):c.1756A>T (p.Lys586Ter)	APC	K303*, K460*, K576*, K596*, K457*, K527*, K558*, K568*, K579*, K586*, K202*, K426*, K545*, K614*, K485*, K495*, K503*, K561*, K604*	Familial adenomatous polyposis 1	VCV003720639	5	112170660	5	112834963	3720639	3856445		NC_000005.10:112834962:A:T	single nucleotide variant	nonsense|non-coding transcript variant	Pathogenic	Feb 8, 2024	criteria provided, single submitter							
NM_000038.6(APC):c.1758A>G (p.Lys586=)	APC		Familial adenomatous polyposis 1|Hereditary cancer-predisposing syndrome	VCV003148752	5	112170662	5	112834965	3148752	3308000	rs2533332226	NC_000005.10:112834964:A:G	single nucleotide variant	synonymous variant|non-coding transcript variant	Benign/Likely benign	Jul 7, 2025	criteria provided, multiple submitters, no conflicts							
NM_000038.6(APC):c.1761C>T (p.Ser587=)	APC		Classic or attenuated familial adenomatous polyposis|APC-related disorder|Hereditary cancer-predisposing syndrome|not specified|not provided|Familial adenomatous polyposis 1	VCV000381116	5	112170665	5	112834968	381116	369293	rs370783137	NC_000005.10:112834967:C:T	single nucleotide variant	synonymous variant	Benign/Likely benign	Jan 20, 2026	criteria provided, multiple submitters, no conflicts							
NM_000038.6(APC):c.1775T>G (p.Leu592Ter)	APC	L309*, L432*, L466*, L491*, L501*, L533*, L551*, L564*, L567*, L574*, L592*, L602*, L610*	Hereditary cancer-predisposing syndrome|not provided|Familial multiple polyposis syndrome|Familial adenomatous polyposis 1	VCV001330021	5	112170679	5	112834982	1330021	1320704	rs1764700195	NC_000005.10:112834981:T:G	single nucleotide variant	nonsense	Pathogenic	Aug 1, 2024	criteria provided, multiple submitters, no conflicts							
NM_000038.6(APC):c.1776A>G (p.Leu592=)	APC		Hereditary cancer-predisposing syndrome|Familial adenomatous polyposis 1	VCV000628931	5	112170680	5	112834983	628931	617079	rs1554083127	NC_000005.10:112834982:A:G	single nucleotide variant	synonymous variant	Benign/Likely benign	Aug 11, 2025	criteria provided, multiple submitters, no conflicts							
NM_000038.6(APC):c.1778G>A (p.Trp593Ter)	APC	W575*, W593*, W611*, W310*, W433*, W552*, W603*, W467*, W502*, W565*, W492*, W534*, W568*	Familial adenomatous polyposis 1|not provided	VCV000419994	5	112170682	5	112834985	419994	406510	rs1064794226	NC_000005.10:112834984:G:A	single nucleotide variant	nonsense	Pathogenic	Jun 6, 2025	criteria provided, multiple submitters, no conflicts							
NM_000038.6(APC):c.1779G>A (p.Trp593Ter)	APC	W575*, W593*, W502*, W534*, W565*, W568*, W310*, W467*, W552*, W603*, W433*, W492*, W611*	Familial adenomatous polyposis 1|Gastric adenocarcinoma and proximal polyposis of the stomach|Desmoid disease, hereditary|Hepatocellular carcinoma|Gastric cancer|Colorectal cancer|Familial adenomatous polyposis 1|Hereditary cancer-predisposing syndrome	VCV000433627	5	112170683	5	112834986	433627	427264	rs1554083132	NC_000005.10:112834985:G:A	single nucleotide variant	nonsense	Pathogenic	May 3, 2023	criteria provided, multiple submitters, no conflicts							
NM_000038.6(APC):c.1787C>A (p.Ser596Ter)	APC	S212*, S513*, S555*, S568*, S578*, S586*, S467*, S505*, S596*, S470*, S537*, S589*, S614*, S624*, S313*, S436*, S495*, S571*, S606*	Familial adenomatous polyposis 1	VCV002828310	5	112170691	5	112834994	2828310	2990248	rs1554083134	NC_000005.10:112834993:C:A	single nucleotide variant	nonsense|non-coding transcript variant	Pathogenic	Jan 13, 2023	criteria provided, single submitter							
NM_000038.6(APC):c.1787C>G (p.Ser596Ter)	APC	S578*, S596*, S606*, S436*, S470*, S495*, S568*, S614*, S313*, S505*, S555*, S537*, S571*	Hereditary cancer-predisposing syndrome	VCV000433628	5	112170691	5	112834994	433628	427265	rs1554083134	NC_000005.10:112834993:C:G	single nucleotide variant	nonsense	Pathogenic	Jun 5, 2025	criteria provided, single submitter							
NM_000038.6(APC):c.1788A>G (p.Ser596=)	APC		Familial adenomatous polyposis 1	VCV003148099	5	112170692	5	112834995	3148099	3307347	rs2149841451	NC_000005.10:112834994:A:G	single nucleotide variant	synonymous variant|non-coding transcript variant	Benign	Mar 7, 2024	criteria provided, single submitter							
NM_000038.6(APC):c.1797C>A (p.Cys599Ter)	APC	C498*, C540*, C558*, C581*, C609*, C617*, C473*, C439*, C316*, C508*, C571*, C574*, C599*	Familial adenomatous polyposis 1	VCV000937768	5	112170701	5	112835004	937768	932511	rs1764702814	NC_000005.10:112835003:C:A	single nucleotide variant	nonsense	Pathogenic	Jun 15, 2019	criteria provided, single submitter							
NM_000038.6(APC):c.1800T>G (p.Thr600=)	APC		Hereditary cancer-predisposing syndrome|Familial adenomatous polyposis 1	VCV001780400	5	112170704	5	112835007	1780400	1835101	rs2149841655	NC_000005.10:112835006:T:G	single nucleotide variant	synonymous variant|non-coding transcript variant	Benign/Likely benign	Mar 7, 2024	criteria provided, multiple submitters, no conflicts							
NM_000038.6(APC):c.1801G>T (p.Glu601Ter)	APC	E619*, E510*, E601*, E318*, E500*, E542*, E583*, E611*, E441*, E475*, E560*, E573*, E576*	Familial adenomatous polyposis 1	VCV001387554	5	112170705	5	112835008	1387554	1474279	rs2149841665	NC_000005.10:112835007:G:T	single nucleotide variant	nonsense	Pathogenic	Jul 14, 2021	criteria provided, single submitter							
NM_000038.6(APC):c.1806T>C (p.Asn602=)	APC		Familial adenomatous polyposis 1	VCV001080324	5	112170710	5	112835013	1080324	1072017	rs2149841734	NC_000005.10:112835012:T:C	single nucleotide variant	synonymous variant	Benign/Likely benign	Mar 7, 2024	criteria provided, multiple submitters, no conflicts							
NM_000038.6(APC):c.1824T>C (p.Ala608=)	APC		Familial adenomatous polyposis 1	VCV001919188	5	112170728	5	112835031	1919188	1971628	rs1455415709	NC_000005.10:112835030:T:C	single nucleotide variant	synonymous variant|non-coding transcript variant	Benign/Likely benign	Oct 7, 2025	criteria provided, multiple submitters, no conflicts							
NM_000038.6(APC):c.1824T>A (p.Ala608=)	APC		Familial adenomatous polyposis 1|Classic or attenuated familial adenomatous polyposis|Hereditary cancer-predisposing syndrome	VCV000573682	5	112170728	5	112835031	573682	559887	rs1455415709	NC_000005.10:112835030:T:A	single nucleotide variant	synonymous variant	Benign/Likely benign	Jul 1, 2024	criteria provided, multiple submitters, no conflicts							
NM_000038.6(APC):c.1825G>A (p.Val609Ile)	APC	V609I, V591I, V449I, V483I, V568I, V619I, V550I, V326I, V508I, V518I, V627I, V581I, V584I	not provided|not specified|Familial adenomatous polyposis 1|Hereditary cancer-predisposing syndrome	VCV000127278	5	112170729	5	112835032	127278	132735	rs147863331	NC_000005.10:112835031:G:A	single nucleotide variant	missense variant	Benign/Likely benign	Feb 3, 2026	criteria provided, multiple submitters, no conflicts							
NM_000038.6(APC):c.1833T>C (p.Gly611=)	APC		Hereditary cancer-predisposing syndrome|Familial adenomatous polyposis 1	VCV001898668	5	112170737	5	112835040	1898668	1953305	rs1022354979	NC_000005.10:112835039:T:C	single nucleotide variant	synonymous variant|non-coding transcript variant	Benign/Likely benign	Feb 23, 2026	criteria provided, multiple submitters, no conflicts							
NM_000038.6(APC):c.1836A>G (p.Ala612=)	APC		Familial adenomatous polyposis 1|not provided|Hereditary cancer-predisposing syndrome	VCV001198211	5	112170740	5	112835043	1198211	1186802	rs2149842372	NC_000005.10:112835042:A:G	single nucleotide variant	synonymous variant	Benign/Likely benign	Oct 26, 2025	criteria provided, multiple submitters, no conflicts							
NM_000038.6(APC):c.1842A>G (p.Ala614=)	APC		not provided|Classic or attenuated familial adenomatous polyposis|Hereditary cancer-predisposing syndrome|Familial adenomatous polyposis 1	VCV000378943	5	112170746	5	112835049	378943	367764	rs1057520424	NC_000005.10:112835048:A:G	single nucleotide variant	synonymous variant	Benign/Likely benign	Dec 10, 2025	criteria provided, multiple submitters, no conflicts							
NM_000038.6(APC):c.1851T>G (p.Val617=)	APC		Hereditary cancer-predisposing syndrome|Familial adenomatous polyposis 1	VCV000487044	5	112170755	5	112835058	487044	473651	rs1554083163	NC_000005.10:112835057:T:G	single nucleotide variant	synonymous variant	Benign/Likely benign	Oct 26, 2024	criteria provided, multiple submitters, no conflicts							
NM_000038.6(APC):c.1854C>T (p.Gly618=)	APC		Familial adenomatous polyposis 1|Classic or attenuated familial adenomatous polyposis|Hereditary cancer-predisposing syndrome	VCV000469720	5	112170758	5	112835061	469720	454292	rs780188104	NC_000005.10:112835060:C:T	single nucleotide variant	synonymous variant	Benign/Likely benign	Sep 14, 2025	criteria provided, multiple submitters, no conflicts							
NM_000038.6(APC):c.1857T>C (p.Thr619=)	APC		Hereditary cancer-predisposing syndrome|Familial adenomatous polyposis 1	VCV000482309	5	112170761	5	112835064	482309	473678	rs1554083170	NC_000005.10:112835063:T:C	single nucleotide variant	synonymous variant	Benign/Likely benign	May 4, 2024	criteria provided, multiple submitters, no conflicts							
NM_000038.6(APC):c.1860T>A (p.Leu620=)	APC		APC-related disorder|Hereditary cancer-predisposing syndrome|Familial adenomatous polyposis 1	VCV000490228	5	112170764	5	112835067	490228	483850	rs749754970	NC_000005.10:112835066:T:A	single nucleotide variant	synonymous variant	Benign/Likely benign	Sep 25, 2026	criteria provided, multiple submitters, no conflicts							
NM_000038.6(APC):c.1863T>C (p.Thr621=)	APC		Classic or attenuated familial adenomatous polyposis|Hereditary cancer-predisposing syndrome|not specified|not provided|Familial adenomatous polyposis 1|Desmoid disease, hereditary	VCV000135686	5	112170767	5	112835070	135686	139398	rs72541808	NC_000005.10:112835069:T:C	single nucleotide variant	synonymous variant	Benign/Likely benign	Dec 16, 2025	criteria provided, multiple submitters, no conflicts							
NM_000038.6(APC):c.1866C>G (p.Tyr622Ter)	APC	Y604*, Y622*, Y339*, Y462*, Y496*, Y563*, Y640*, Y597*, Y521*, Y531*, Y581*, Y594*, Y632*	Hereditary cancer-predisposing syndrome|not provided|Familial adenomatous polyposis 1|Classic or attenuated familial adenomatous polyposis	VCV000419995	5	112170770	5	112835073	419995	406512	rs876658355	NC_000005.10:112835072:C:G	single nucleotide variant	nonsense	Pathogenic	Oct 23, 2025	criteria provided, multiple submitters, no conflicts							
NM_000038.6(APC):c.1866C>A (p.Tyr622Ter)	APC	Y604*, Y622*, Y496*, Y640*, Y521*, Y462*, Y563*, Y597*, Y339*, Y531*, Y581*, Y594*, Y632*	Hereditary cancer-predisposing syndrome|not provided|Familial adenomatous polyposis 1	VCV000233973	5	112170770	5	112835073	233973	233042	rs876658355	NC_000005.10:112835072:C:A	single nucleotide variant	nonsense	Pathogenic	Dec 15, 2023	criteria provided, multiple submitters, no conflicts							
NM_000038.6(APC):c.1866C>T (p.Tyr622=)	APC		Classic or attenuated familial adenomatous polyposis|Hereditary cancer-predisposing syndrome|Familial adenomatous polyposis 1	VCV000230050	5	112170770	5	112835073	230050	233043	rs876658355	NC_000005.10:112835072:C:T	single nucleotide variant	synonymous variant	Benign/Likely benign	Sep 10, 2025	criteria provided, multiple submitters, no conflicts							
NM_000038.6(APC):c.1873C>T (p.Gln625Ter)	APC	Q607*, Q625*, Q342*, Q465*, Q534*, Q584*, Q524*, Q597*, Q635*, Q499*, Q600*, Q643*, Q566*	Hereditary cancer-predisposing syndrome|Familial multiple polyposis syndrome|Familial adenomatous polyposis 1|not provided	VCV000232045	5	112170777	5	112835080	232045	233044	rs876659517	NC_000005.10:112835079:C:T	single nucleotide variant	nonsense	Pathogenic	Feb 28, 2025	criteria provided, multiple submitters, no conflicts							
NM_000038.6(APC):c.1878A>G (p.Thr626=)	APC		Hereditary cancer-predisposing syndrome|Familial adenomatous polyposis 1	VCV001653955	5	112170782	5	112835085	1653955	1614305	rs2149843208	NC_000005.10:112835084:A:G	single nucleotide variant	synonymous variant	Benign/Likely benign	Mar 7, 2024	criteria provided, multiple submitters, no conflicts							
NM_000038.6(APC):c.1881C>T (p.Asn627=)	APC		APC-related disorder|Hereditary cancer-predisposing syndrome|Familial adenomatous polyposis 1|not provided	VCV001200618	5	112170785	5	112835088	1200618	1190248	rs2149843250	NC_000005.10:112835087:C:T	single nucleotide variant	synonymous variant	Benign/Likely benign	Apr 2, 2026	criteria provided, multiple submitters, no conflicts							
NM_000038.6(APC):c.1886T>A (p.Leu629Ter)	APC	L611*, L629*, L346*, L503*, L588*, L604*, L639*, L469*, L538*, L570*, L601*, L528*, L647*	Familial adenomatous polyposis 1	VCV000584664	5	112170790	5	112835093	584664	575719	rs1019221239	NC_000005.10:112835092:T:A	single nucleotide variant	nonsense	Pathogenic	Mar 6, 2024	criteria provided, multiple submitters, no conflicts							
NM_000038.6(APC):c.1886T>G (p.Leu629Ter)	APC	L611*, L629*, L346*, L503*, L528*, L647*, L469*, L639*, L588*, L604*, L538*, L570*, L601*	Hereditary cancer-predisposing syndrome|Familial adenomatous polyposis 1	VCV000429049	5	112170790	5	112835093	429049	421027	rs1019221239	NC_000005.10:112835092:T:G	single nucleotide variant	nonsense	Pathogenic	May 3, 2023	criteria provided, multiple submitters, no conflicts							
NM_000038.6(APC):c.1897G>T (p.Glu633Ter)	APC	E350*, E473*, E507*, E532*, E542*, E574*, E592*, E605*, E608*, E615*, E633*, E643*, E651*	not provided|Neoplasm	VCV000988281	5	112170801	5	112835104	988281	976265	rs1764730705	NC_000005.10:112835103:G:T	single nucleotide variant	nonsense	Pathogenic	Jan 15, 2015	criteria provided, single submitter				Likely oncogenic	Dec 29, 2025	criteria provided, single submitter	
NM_000038.6(APC):c.1902T>C (p.Ser634=)	APC		Familial adenomatous polyposis 1	VCV003148055	5	112170806	5	112835109	3148055	3307303	rs876659460	NC_000005.10:112835108:T:C	single nucleotide variant	synonymous variant|non-coding transcript variant	Benign	Mar 7, 2024	criteria provided, single submitter							
NM_000038.6(APC):c.1903G>T (p.Gly635Ter)	APC	G617*, G635*, G544*, G576*, G645*, G352*, G475*, G607*, G610*, G653*, G509*, G534*, G594*	Hereditary cancer-predisposing syndrome|Familial adenomatous polyposis 1	VCV000537470	5	112170807	5	112835110	537470	520735	rs1554083205	NC_000005.10:112835109:G:T	single nucleotide variant	nonsense	Pathogenic	Apr 19, 2024	criteria provided, multiple submitters, no conflicts							
NM_000038.6(APC):c.1905A>C (p.Gly635=)	APC		Hereditary cancer-predisposing syndrome|Familial adenomatous polyposis 1	VCV001782364	5	112170809	5	112835112	1782364	1842748	rs1580604886	NC_000005.10:112835111:A:C	single nucleotide variant	synonymous variant|non-coding transcript variant	Benign/Likely benign	Mar 7, 2024	criteria provided, multiple submitters, no conflicts							
NM_000038.6(APC):c.1908T>C (p.Gly636=)	APC		Hereditary cancer-predisposing syndrome|Familial adenomatous polyposis 1	VCV000186647	5	112170812	5	112835115	186647	182354	rs79015778	NC_000005.10:112835114:T:C	single nucleotide variant	synonymous variant	Benign/Likely benign	Mar 7, 2024	criteria provided, multiple submitters, no conflicts							
NM_000038.6(APC):c.1909G>A (p.Gly637Arg)	APC	G619R, G637R, G578R, G655R, G536R, G546R, G609R, G477R, G511R, G596R, G612R, G354R, G647R	Hereditary cancer-predisposing syndrome|Familial adenomatous polyposis 1	VCV000486780	5	112170813	5	112835116	486780	473655	rs1554083227	NC_000005.10:112835115:G:A	single nucleotide variant	missense variant	Pathogenic	Oct 2, 2025	criteria provided, multiple submitters, no conflicts							
NM_000038.6(APC):c.1911G>A (p.Gly637=)	APC		Familial adenomatous polyposis 1|Hereditary cancer-predisposing syndrome	VCV003148778	5	112170815	5	112835118	3148778	3308026	rs2149843760	NC_000005.10:112835117:G:A	single nucleotide variant	synonymous variant|non-coding transcript variant	Benign/Likely benign	Mar 31, 2025	criteria provided, multiple submitters, no conflicts							
NM_000038.6(APC):c.1923T>C (p.Asn641=)	APC		Familial adenomatous polyposis 1|Hereditary cancer-predisposing syndrome	VCV000490230	5	112170827	5	112835130	490230	483920	rs1554083238	NC_000005.10:112835129:T:C	single nucleotide variant	synonymous variant	Benign/Likely benign	Mar 7, 2024	criteria provided, multiple submitters, no conflicts							
NM_000038.6(APC):c.1926G>A (p.Val642=)	APC		Hereditary cancer-predisposing syndrome|Classic or attenuated familial adenomatous polyposis|Familial adenomatous polyposis 1	VCV000927250	5	112170830	5	112835133	927250	909875	rs1764737441	NC_000005.10:112835132:G:A	single nucleotide variant	synonymous variant	Benign/Likely benign	Sep 26, 2025	criteria provided, multiple submitters, no conflicts							
NM_000038.6(APC):c.1941T>A (p.Ala647=)	APC		Familial adenomatous polyposis 1|Hereditary cancer-predisposing syndrome	VCV000789381	5	112170845	5	112835148	789381	709560	rs1554083247	NC_000005.10:112835147:T:A	single nucleotide variant	synonymous variant	Benign/Likely benign	Mar 20, 2025	criteria provided, multiple submitters, no conflicts							
NM_000038.6(APC):c.1957A>C (p.Arg653=)	APC		Hereditary cancer-predisposing syndrome|Familial adenomatous polyposis 1	VCV000482311	5	112170861	5	112835164	482311	473924	rs1114167580	NC_000005.10:112835163:A:C	single nucleotide variant	synonymous variant	Pathogenic	May 3, 2023	criteria provided, multiple submitters, no conflicts							
NM_000038.6(APC):c.1957A>G (p.Arg653Gly)	APC	R635G, R653G, R370G, R527G, R671G, R493G, R562G, R612G, R663G, R594G, R625G, R552G, R628G	Hereditary cancer-predisposing syndrome|Familial adenomatous polyposis 1	VCV000428139	5	112170861	5	112835164	428139	419617	rs1114167580	NC_000005.10:112835163:A:G	single nucleotide variant	missense variant	Pathogenic	Nov 27, 2024	criteria provided, multiple submitters, no conflicts							
NM_000038.6(APC):c.1958G>C (p.Arg653Thr)	APC	R552T, R562T, R570T, R594T, R612T, R625T, R628T, R635T, R643T, R646T, R653T, R663T, R671T, R681T, R269T, R370T, R493T, R524T, R527T	Hereditary cancer-predisposing syndrome	VCV003222705	5	112170862	5	112835165	3222705	3386344	rs1060503318	NC_000005.10:112835164:G:C	single nucleotide variant	missense variant|non-coding transcript variant	Pathogenic	Dec 27, 2023	criteria provided, single submitter							
NM_000038.6(APC):c.1958G>A (p.Arg653Lys)	APC	R635K, R653K, R370K, R552K, R628K, R594K, R625K, R663K, R671K, R612K, R493K, R527K, R562K	Hereditary cancer-predisposing syndrome|not provided|Familial adenomatous polyposis 1	VCV000428128	5	112170862	5	112835165	428128	419618	rs1060503318	NC_000005.10:112835164:G:A	single nucleotide variant	missense variant	Pathogenic	Nov 14, 2025	criteria provided, multiple submitters, no conflicts							
NM_000038.6(APC):c.1958G>T (p.Arg653Met)	APC	R635M, R653M, R370M, R594M, R671M, R663M, R527M, R562M, R625M, R628M, R493M, R552M, R612M	Hereditary cancer-predisposing syndrome|Familial adenomatous polyposis 1	VCV000411463	5	112170862	5	112835165	411463	394463	rs1060503318	NC_000005.10:112835164:G:T	single nucleotide variant	missense variant	Pathogenic	Jan 19, 2026	criteria provided, multiple submitters, no conflicts							
NM_000038.6(APC):c.1958+1G>T	APC		Hereditary cancer-predisposing syndrome|Familial adenomatous polyposis 1	VCV001783340	5	112170863	5	112835166	1783340	1843285	rs1114167569	NC_000005.10:112835165:G:T	single nucleotide variant	splice donor variant	Pathogenic	Jun 25, 2025	criteria provided, multiple submitters, no conflicts							
NM_000038.6(APC):c.1958+1G>A	APC		Hereditary cancer-predisposing syndrome|Familial adenomatous polyposis 1|not provided	VCV000428125	5	112170863	5	112835166	428125	419619	rs1114167569	NC_000005.10:112835165:G:A	single nucleotide variant	splice donor variant	Pathogenic	Dec 26, 2024	criteria provided, multiple submitters, no conflicts							
NM_000038.6(APC):c.1958+2T>C	APC		Familial adenomatous polyposis 1	VCV002584043	5	112170864	5	112835167	2584043	2751611	rs2149844646	NC_000005.10:112835166:T:C	single nucleotide variant	splice donor variant	Pathogenic	May 3, 2023	criteria provided, single submitter							
NM_000038.6(APC):c.1958+2T>A	APC		Hereditary cancer-predisposing syndrome|Familial adenomatous polyposis 1	VCV001783341	5	112170864	5	112835167	1783341	1843286	rs2149844646	NC_000005.10:112835166:T:A	single nucleotide variant	splice donor variant	Pathogenic	May 3, 2023	criteria provided, multiple submitters, no conflicts							
NM_000038.6(APC):c.1958+2T>G	APC		not provided|Familial multiple polyposis syndrome|Familial adenomatous polyposis 1	VCV001070046	5	112170864	5	112835167	1070046	1060128	rs2149844646	NC_000005.10:112835166:T:G	single nucleotide variant	splice donor variant	Pathogenic/Likely pathogenic	Feb 6, 2026	criteria provided, multiple submitters, no conflicts							
NM_000038.6(APC):c.1958+3A>T	APC		Familial adenomatous polyposis 1|Hereditary cancer-predisposing syndrome|not provided	VCV000265560	5	112170865	5	112835168	265560	259796	rs879254032	NC_000005.10:112835167:A:T	single nucleotide variant	intron variant	Pathogenic/Likely pathogenic	Sep 28, 2022	criteria provided, multiple submitters, no conflicts							
NM_000038.6(APC):c.1958+3A>G	APC		Hereditary cancer-predisposing syndrome|not provided|Familial multiple polyposis syndrome|Familial adenomatous polyposis 1	VCV000245982	5	112170865	5	112835168	245982	244423	rs879254032	NC_000005.10:112835167:A:G	single nucleotide variant	intron variant	Pathogenic	Nov 23, 2025	criteria provided, multiple submitters, no conflicts							
NM_000038.6(APC):c.1958+5A>G	APC		Hereditary cancer-predisposing syndrome|not provided|Familial adenomatous polyposis 1	VCV000391021	5	112170867	5	112835170	391021	369295	rs762899641	NC_000005.10:112835169:A:G	single nucleotide variant	intron variant	Benign/Likely benign	Feb 3, 2026	criteria provided, multiple submitters, no conflicts							
NM_000038.6(APC):c.1958+8T>C	APC		APC-Associated Polyposis Disorders|Hereditary cancer-predisposing syndrome|not specified|not provided|Familial adenomatous polyposis 1	VCV000082616	5	112170870	5	112835173	82616	93507	rs62626346	NC_000005.10:112835172:T:C	single nucleotide variant	intron variant	Benign	Feb 4, 2026	criteria provided, multiple submitters, no conflicts							
NM_000038.6(APC):c.1958+10G>T	APC		Hereditary cancer-predisposing syndrome|Familial adenomatous polyposis 1|APC-Associated Polyposis Disorders|not provided|not specified	VCV000350410	5	112170872	5	112835175	350410	296697	rs375175370	NC_000005.10:112835174:G:T	single nucleotide variant	intron variant	Benign/Likely benign	Jan 26, 2026	criteria provided, multiple submitters, no conflicts							
NM_000038.6(APC):c.1958+11A>T	APC		Familial adenomatous polyposis 1	VCV003148616	5	112170873	5	112835176	3148616	3307864	rs2533345928	NC_000005.10:112835175:A:T	single nucleotide variant	intron variant	Benign	Mar 7, 2024	criteria provided, single submitter							
NM_000038.6(APC):c.1958+17A>G	APC		Hereditary cancer-predisposing syndrome|Familial adenomatous polyposis 1	VCV000628231	5	112170879	5	112835182	628231	619279	rs753968575	NC_000005.10:112835181:A:G	single nucleotide variant	intron variant	Benign/Likely benign	Jun 1, 2025	criteria provided, multiple submitters, no conflicts							
NM_000038.6(APC):c.1958+22A>C	APC		Familial adenomatous polyposis 1	VCV003148052	5	112170884	5	112835187	3148052	3307300	rs1246211345	NC_000005.10:112835186:A:C	single nucleotide variant	intron variant	Benign	Mar 8, 2024	criteria provided, single submitter							
NM_000038.6(APC):c.1958+22A>G	APC		Familial adenomatous polyposis 1	VCV003148028	5	112170884	5	112835187	3148028	3307276	rs1246211345	NC_000005.10:112835186:A:G	single nucleotide variant	intron variant	Benign	Mar 8, 2024	criteria provided, single submitter							
NM_000038.6(APC):c.1958+23C>T	APC		Familial adenomatous polyposis 1	VCV003148067	5	112170885	5	112835188	3148067	3307315	rs755446528	NC_000005.10:112835187:C:T	single nucleotide variant	intron variant	Benign	Mar 8, 2024	criteria provided, single submitter							
NM_000038.6(APC):c.1958+24T>C	APC		Familial adenomatous polyposis 1	VCV003148813	5	112170886	5	112835189	3148813	3308061	rs2533346529	NC_000005.10:112835188:T:C	single nucleotide variant	intron variant	Benign	Mar 8, 2024	criteria provided, single submitter							
NM_000038.6(APC):c.1958+25T>A	APC		Familial adenomatous polyposis 1	VCV003148468	5	112170887	5	112835190	3148468	3307716	rs779459996	NC_000005.10:112835189:T:A	single nucleotide variant	intron variant	Benign	Mar 8, 2024	criteria provided, single submitter							
NM_000038.6(APC):c.1958+27T>G	APC		Familial adenomatous polyposis 1	VCV003148202	5	112170889	5	112835192	3148202	3307450	rs748495382	NC_000005.10:112835191:T:G	single nucleotide variant	intron variant	Benign	Mar 8, 2024	criteria provided, single submitter							
NM_000038.6(APC):c.1958+29A>C	APC		Familial adenomatous polyposis 1	VCV003148026	5	112170891	5	112835194	3148026	3307274	rs373783930	NC_000005.10:112835193:A:C	single nucleotide variant	intron variant	Benign	Mar 8, 2024	criteria provided, single submitter							
NM_000038.6(APC):c.1958+31G>A	APC		Familial adenomatous polyposis 1	VCV003148201	5	112170893	5	112835196	3148201	3307449	rs1561569812	NC_000005.10:112835195:G:A	single nucleotide variant	intron variant	Benign	Mar 8, 2024	criteria provided, single submitter							
NM_000038.6(APC):c.1958+33A>G	APC		not specified|not provided|Familial adenomatous polyposis 1	VCV001187146	5	112170895	5	112835198	1187146	1176522	rs141414393	NC_000005.10:112835197:A:G	single nucleotide variant	intron variant	Benign/Likely benign	Mar 4, 2025	criteria provided, multiple submitters, no conflicts							
NM_000038.6(APC):c.1958+34C>T	APC		Familial adenomatous polyposis 1	VCV003147984	5	112170896	5	112835199	3147984	3307233	rs746596997	NC_000005.10:112835198:C:T	single nucleotide variant	intron variant	Benign	Mar 8, 2024	criteria provided, single submitter							
NM_000038.6(APC):c.1958+35A>G	APC		Familial adenomatous polyposis 1	VCV003148137	5	112170897	5	112835200	3148137	3307385	rs1179400538	NC_000005.10:112835199:A:G	single nucleotide variant	intron variant	Benign	Mar 8, 2024	criteria provided, single submitter							
NM_000038.6(APC):c.1958+36G>T	APC		Familial adenomatous polyposis 1	VCV003148746	5	112170898	5	112835201	3148746	3307994	rs201721607	NC_000005.10:112835200:G:T	single nucleotide variant	intron variant	Benign	Mar 8, 2024	criteria provided, single submitter							
NM_000038.6(APC):c.1958+42A>G	APC		Familial adenomatous polyposis 1	VCV003148803	5	112170904	5	112835207	3148803	3308051	rs1445491467	NC_000005.10:112835206:A:G	single nucleotide variant	intron variant	Benign	Mar 8, 2024	criteria provided, single submitter							
NM_000038.6(APC):c.1958+43T>C	APC		Familial adenomatous polyposis 1	VCV003148779	5	112170905	5	112835208	3148779	3308027	rs2149845102	NC_000005.10:112835207:T:C	single nucleotide variant	intron variant	Benign	Mar 8, 2024	criteria provided, single submitter							
NM_000038.6(APC):c.1958+44A>G	APC		Familial adenomatous polyposis 1	VCV003148060	5	112170906	5	112835209	3148060	3307308	rs1764753256	NC_000005.10:112835208:A:G	single nucleotide variant	intron variant	Benign	Mar 8, 2024	criteria provided, single submitter							
NM_000038.6(APC):c.1958+54A>C	APC		not provided	VCV001224125	5	112170916	5	112835219	1224125	1213228	rs17164137	NC_000005.10:112835218:A:C	single nucleotide variant	intron variant	Benign	Mar 3, 2015	criteria provided, single submitter							
NM_000038.6(APC):c.1958+126G>T	APC		Familial adenomatous polyposis 1	VCV000223418	5	112170988	5	112835291	223418	225146	rs368368751	NC_000005.10:112835290:G:T	single nucleotide variant	intron variant	Benign	Feb 1, 2025	criteria provided, single submitter							
NM_000038.6(APC):c.1958+235A>G	APC		not provided	VCV000083213	5	112171097	5	112835400	83213	94104	rs6899169	NC_000005.10:112835399:A:G	single nucleotide variant	intron variant	Benign	Mar 1, 2019	criteria provided, single submitter							
NM_000038.6(APC):c.1958+428G>A	APC		Hereditary cancer-predisposing syndrome	VCV003127709	5	112171290	5	112835593	3127709	3289599	rs2533353179	NC_000005.10:112835592:G:A	single nucleotide variant	intron variant	Pathogenic	Feb 6, 2026	criteria provided, single submitter							
NM_000038.6(APC):c.1959-1G>A	APC		Familial adenomatous polyposis 1|Hereditary cancer-predisposing syndrome	VCV000217939	5	112173249	5	112837552	217939	214694	rs863225321	NC_000005.10:112837551:G:A	single nucleotide variant	splice acceptor variant	Pathogenic/Likely pathogenic	Dec 23, 2025	criteria provided, multiple submitters, no conflicts							
NM_000038.6(APC):c.1959G>A (p.Arg653=)	APC		APC-Associated Polyposis Disorders|Hereditary cancer-predisposing syndrome|not specified|not provided|Familial multiple polyposis syndrome|Familial adenomatous polyposis 1	VCV000133524	5	112173250	5	112837553	133524	137263	rs72541809	NC_000005.10:112837552:G:A	single nucleotide variant	synonymous variant	Benign/Likely benign	May 1, 2026	criteria provided, multiple submitters, no conflicts							
NM_000038.6(APC):c.1960C>T (p.Gln654Ter)	APC	Q270*, Q371*, Q494*, Q525*, Q528*, Q553*, Q563*, Q571*, Q595*, Q613*, Q626*, Q629*, Q636*, Q644*, Q647*, Q654*, Q664*, Q672*, Q682*	Familial adenomatous polyposis 1	VCV002584136	5	112173251	5	112837554	2584136	2751704	rs755105138	NC_000005.10:112837553:C:T	single nucleotide variant	nonsense|non-coding transcript variant	Pathogenic	Feb 24, 2024	criteria provided, multiple submitters, no conflicts							
NM_000038.6(APC):c.1965C>A (p.Ile655=)	APC		Familial adenomatous polyposis 1	VCV003148189	5	112173256	5	112837559	3148189	3307437	rs765309567	NC_000005.10:112837558:C:A	single nucleotide variant	synonymous variant|non-coding transcript variant	Benign	Mar 8, 2024	criteria provided, single submitter							
NM_000038.6(APC):c.1965C>T (p.Ile655=)	APC		not provided|Familial adenomatous polyposis 1|Classic or attenuated familial adenomatous polyposis|Hereditary cancer-predisposing syndrome|not specified	VCV000416727	5	112173256	5	112837559	416727	394772	rs765309567	NC_000005.10:112837558:C:T	single nucleotide variant	synonymous variant	Benign/Likely benign	Jan 28, 2026	criteria provided, multiple submitters, no conflicts							
NM_000038.6(APC):c.1966C>T (p.Leu656=)	APC		Hereditary cancer-predisposing syndrome|Familial adenomatous polyposis 1	VCV000928048	5	112173257	5	112837560	928048	909877	rs577466163	NC_000005.10:112837559:C:T	single nucleotide variant	synonymous variant	Benign/Likely benign	Mar 8, 2024	criteria provided, multiple submitters, no conflicts							
NM_000038.6(APC):c.1968A>G (p.Leu656=)	APC		Familial adenomatous polyposis 1	VCV003148154	5	112173259	5	112837562	3148154	3307402	rs1451500350	NC_000005.10:112837561:A:G	single nucleotide variant	synonymous variant|non-coding transcript variant	Benign	Mar 8, 2024	criteria provided, single submitter							
NM_000038.6(APC):c.1971A>G (p.Arg657=)	APC		Hereditary cancer-predisposing syndrome|Familial adenomatous polyposis 1	VCV000627713	5	112173262	5	112837565	627713	617082	rs1561574114	NC_000005.10:112837564:A:G	single nucleotide variant	synonymous variant	Benign/Likely benign	Mar 8, 2024	criteria provided, multiple submitters, no conflicts							
NM_000038.6(APC):c.1974G>A (p.Glu658=)	APC		Hereditary cancer-predisposing syndrome|Familial adenomatous polyposis 1|Classic or attenuated familial adenomatous polyposis	VCV000469725	5	112173265	5	112837568	469725	453910	rs747442953	NC_000005.10:112837567:G:A	single nucleotide variant	synonymous variant	Benign/Likely benign	May 13, 2025	criteria provided, multiple submitters, no conflicts							
NM_000038.6(APC):c.1977C>T (p.Asn659=)	APC		Familial adenomatous polyposis 1	VCV003148219	5	112173268	5	112837571	3148219	3307467	rs1561574172	NC_000005.10:112837570:C:T	single nucleotide variant	synonymous variant|non-coding transcript variant	Benign	Mar 8, 2024	criteria provided, single submitter							
NM_000038.6(APC):c.1980C>T (p.Asn660=)	APC		Hereditary cancer-predisposing syndrome|Familial adenomatous polyposis 1|Classic or attenuated familial adenomatous polyposis	VCV000469726	5	112173271	5	112837574	469726	454313	rs1554083856	NC_000005.10:112837573:C:T	single nucleotide variant	synonymous variant	Benign/Likely benign	Jan 7, 2026	criteria provided, multiple submitters, no conflicts							
NM_000038.6(APC):c.1983T>A (p.Cys661Ter)	APC	C643*, C661*, C378*, C620*, C636*, C671*, C501*, C602*, C535*, C633*, C560*, C570*, C679*	Familial adenomatous polyposis 1	VCV000469727	5	112173274	5	112837577	469727	454091	rs1554083862	NC_000005.10:112837576:T:A	single nucleotide variant	nonsense	Pathogenic	Jul 23, 2017	criteria provided, single submitter							
NM_000038.6(APC):c.1986A>G (p.Leu662=)	APC		Familial adenomatous polyposis 1	VCV001147073	5	112173277	5	112837580	1147073	1136104	rs2149858182	NC_000005.10:112837579:A:G	single nucleotide variant	synonymous variant	Benign/Likely benign	Mar 8, 2024	criteria provided, multiple submitters, no conflicts							
NM_000038.6(APC):c.1987C>T (p.Gln663Ter)	APC	Q645*, Q663*, Q562*, Q380*, Q572*, Q638*, Q503*, Q622*, Q635*, Q673*, Q681*, Q537*, Q604*	APC-related disorder|Hereditary cancer-predisposing syndrome|not provided|Familial adenomatous polyposis 1	VCV000181792	5	112173278	5	112837581	181792	180185	rs730881240	NC_000005.10:112837580:C:T	single nucleotide variant	nonsense	Pathogenic	Jan 6, 2025	criteria provided, multiple submitters, no conflicts							
NM_000038.6(APC):c.1989A>G (p.Gln663=)	APC		Hereditary cancer-predisposing syndrome|not specified|Familial adenomatous polyposis 1	VCV000220470	5	112173280	5	112837583	220470	221494	rs864622539	NC_000005.10:112837582:A:G	single nucleotide variant	synonymous variant	Benign/Likely benign	Mar 26, 2025	criteria provided, multiple submitters, no conflicts							
NM_000038.6(APC):c.1992T>G (p.Thr664=)	APC		Familial adenomatous polyposis 1|Hereditary cancer-predisposing syndrome	VCV001107039	5	112173283	5	112837586	1107039	1093632	rs2149858311	NC_000005.10:112837585:T:G	single nucleotide variant	synonymous variant	Benign/Likely benign	Jan 20, 2026	criteria provided, multiple submitters, no conflicts							
NM_000038.6(APC):c.1994T>G (p.Leu665Ter)	APC	L505*, L539*, L624*, L564*, L574*, L606*, L647*, L382*, L640*, L665*, L675*, L683*, L637*	Familial adenomatous polyposis 1|Hereditary cancer-predisposing syndrome	VCV000940857	5	112173285	5	112837588	940857	932513	rs1765084859	NC_000005.10:112837587:T:G	single nucleotide variant	nonsense	Pathogenic	Jan 29, 2025	criteria provided, multiple submitters, no conflicts							
NM_000038.6(APC):c.1995A>G (p.Leu665=)	APC		not specified|Hereditary cancer-predisposing syndrome|Familial adenomatous polyposis 1|Classic or attenuated familial adenomatous polyposis	VCV000482464	5	112173286	5	112837589	482464	473647	rs1023818848	NC_000005.10:112837588:A:G	single nucleotide variant	synonymous variant	Benign/Likely benign	Dec 30, 2025	criteria provided, multiple submitters, no conflicts							
NM_000038.6(APC):c.1997T>G (p.Leu666Ter)	APC	L282*, L575*, L641*, L506*, L537*, L607*, L666*, L694*, L383*, L540*, L565*, L656*, L676*, L684*, L583*, L625*, L638*, L648*, L659*	Hereditary cancer-predisposing syndrome	VCV001784078	5	112173288	5	112837591	1784078	1849637	rs2533390096	NC_000005.10:112837590:T:G	single nucleotide variant	nonsense	Pathogenic	Aug 4, 2023	criteria provided, single submitter							
NM_000038.6(APC):c.1998A>G (p.Leu666=)	APC		Familial adenomatous polyposis 1|Hereditary cancer-predisposing syndrome	VCV003148814	5	112173289	5	112837592	3148814	3308062	rs2149858412	NC_000005.10:112837591:A:G	single nucleotide variant	synonymous variant|non-coding transcript variant	Benign/Likely benign	Jun 22, 2025	criteria provided, multiple submitters, no conflicts							
NM_000038.6(APC):c.1999C>T (p.Gln667Ter)	APC	Q649*, Q667*, Q384*, Q541*, Q566*, Q576*, Q626*, Q642*, Q507*, Q639*, Q608*, Q685*, Q677*	APC-related disorder|Hereditary cancer-predisposing syndrome|Familial adenomatous polyposis 1	VCV000233010	5	112173290	5	112837593	233010	233049	rs876660130	NC_000005.10:112837592:C:T	single nucleotide variant	nonsense	Pathogenic	Oct 17, 2025	criteria provided, multiple submitters, no conflicts							
NM_000038.6(APC):c.2001A>G (p.Gln667=)	APC		Familial adenomatous polyposis 1	VCV000654829	5	112173292	5	112837595	654829	632639	rs1580617421	NC_000005.10:112837594:A:G	single nucleotide variant	synonymous variant	Benign/Likely benign	Mar 8, 2024	criteria provided, multiple submitters, no conflicts							
NM_000038.6(APC):c.2004C>T (p.His668=)	APC		Familial adenomatous polyposis 1	VCV001555144	5	112173295	5	112837598	1555144	1564888	rs1380127485	NC_000005.10:112837597:C:T	single nucleotide variant	synonymous variant	Benign/Likely benign	Mar 8, 2024	criteria provided, multiple submitters, no conflicts							
NM_000038.6(APC):c.2006T>G (p.Leu669Ter)	APC	L386*, L509*, L543*, L568*, L578*, L610*, L628*, L641*, L644*, L651*, L669*, L679*, L687*	not provided	VCV000988399	5	112173297	5	112837600	988399	976266	rs1765088338	NC_000005.10:112837599:T:G	single nucleotide variant	nonsense	Pathogenic	Nov 3, 2022	criteria provided, multiple submitters, no conflicts							
NM_000038.6(APC):c.2013T>G (p.Ser671=)	APC		Hereditary cancer-predisposing syndrome|Classic or attenuated familial adenomatous polyposis|Familial adenomatous polyposis 1	VCV000697715	5	112173304	5	112837607	697715	686569	rs145356265	NC_000005.10:112837606:T:G	single nucleotide variant	synonymous variant	Benign/Likely benign	Apr 18, 2025	criteria provided, multiple submitters, no conflicts							
NM_000038.6(APC):c.2016T>C (p.His672=)	APC		Familial adenomatous polyposis 1|Hereditary cancer-predisposing syndrome	VCV000490235	5	112173307	5	112837610	490235	483784	rs1554083892	NC_000005.10:112837609:T:C	single nucleotide variant	synonymous variant	Benign/Likely benign	Dec 1, 2025	criteria provided, multiple submitters, no conflicts							
NM_000038.6(APC):c.2021T>A (p.Leu674Ter)	APC	L656*, L674*, L391*, L633*, L684*, L514*, L583*, L646*, L649*, L692*, L548*, L573*, L615*	Familial adenomatous polyposis 1	VCV000537472	5	112173312	5	112837615	537472	520753	rs1554083898	NC_000005.10:112837614:T:A	single nucleotide variant	nonsense	Pathogenic	Sep 5, 2017	criteria provided, single submitter							
NM_000038.6(APC):c.2022G>A (p.Leu674=)	APC		Familial adenomatous polyposis 1	VCV003148794	5	112173313	5	112837616	3148794	3308042	rs2149858941	NC_000005.10:112837615:G:A	single nucleotide variant	synonymous variant|non-coding transcript variant	Benign	Mar 8, 2024	criteria provided, single submitter							
NM_000038.6(APC):c.2025A>T (p.Thr675=)	APC		Familial adenomatous polyposis 1	VCV003148378	5	112173316	5	112837619	3148378	3307626	rs2149859027	NC_000005.10:112837618:A:T	single nucleotide variant	synonymous variant|non-coding transcript variant	Benign	Mar 8, 2024	criteria provided, single submitter							
NM_000038.6(APC):c.2031C>T (p.Val677=)	APC		Classic or attenuated familial adenomatous polyposis|Hereditary cancer-predisposing syndrome|not specified|not provided|Familial adenomatous polyposis 1	VCV000236569	5	112173322	5	112837625	236569	239545	rs769363082	NC_000005.10:112837624:C:T	single nucleotide variant	synonymous variant	Benign/Likely benign	Jan 18, 2026	criteria provided, multiple submitters, no conflicts							
NM_000038.6(APC):c.2034T>C (p.Ser678=)	APC		Familial adenomatous polyposis 1	VCV003148825	5	112173325	5	112837628	3148825	3308073	rs2533392460	NC_000005.10:112837627:T:C	single nucleotide variant	synonymous variant|non-coding transcript variant	Benign	Mar 8, 2024	criteria provided, single submitter							
NM_000038.6(APC):c.2040A>C (p.Ala680=)	APC		Familial adenomatous polyposis 1|Hereditary cancer-predisposing syndrome	VCV000820586	5	112173331	5	112837634	820586	807919	rs1276616448	NC_000005.10:112837633:A:C	single nucleotide variant	synonymous variant	Benign/Likely benign	Feb 6, 2025	criteria provided, multiple submitters, no conflicts							
NM_000038.6(APC):c.2040A>G (p.Ala680=)	APC		Familial adenomatous polyposis 1|Hereditary cancer-predisposing syndrome	VCV000469729	5	112173331	5	112837634	469729	454316	rs1276616448	NC_000005.10:112837633:A:G	single nucleotide variant	synonymous variant	Benign/Likely benign	Mar 8, 2024	criteria provided, multiple submitters, no conflicts							
NM_000038.6(APC):c.2043T>C (p.Cys681=)	APC		Hereditary cancer-predisposing syndrome|Familial adenomatous polyposis 1	VCV000186679	5	112173334	5	112837637	186679	182356	rs786203136	NC_000005.10:112837636:T:C	single nucleotide variant	synonymous variant	Benign/Likely benign	Sep 24, 2024	criteria provided, multiple submitters, no conflicts							
NM_000038.6(APC):c.2046A>G (p.Gly682=)	APC		Familial adenomatous polyposis 1	VCV003148824	5	112173337	5	112837640	3148824	3308072	rs2149859413	NC_000005.10:112837639:A:G	single nucleotide variant	synonymous variant|non-coding transcript variant	Benign	Mar 8, 2024	criteria provided, single submitter							
NM_000038.6(APC):c.2050T>C (p.Leu684=)	APC		Hereditary cancer-predisposing syndrome|Familial adenomatous polyposis 1	VCV002074094	5	112173341	5	112837644	2074094	2120742	rs2149859493	NC_000005.10:112837643:T:C	single nucleotide variant	synonymous variant|non-coding transcript variant	Benign/Likely benign	Mar 31, 2025	criteria provided, multiple submitters, no conflicts							
NM_000038.6(APC):c.2051T>A (p.Leu684Ter)	APC	L300*, L401*, L524*, L555*, L558*, L583*, L593*, L601*, L625*, L643*, L656*, L659*, L666*, L674*, L677*, L684*, L694*, L702*, L712*	Familial adenomatous polyposis 1|Hereditary cancer-predisposing syndrome	VCV002584297	5	112173342	5	112837645	2584297	2751863	rs2149859509	NC_000005.10:112837644:T:A	single nucleotide variant	nonsense|non-coding transcript variant	Pathogenic	Mar 6, 2024	criteria provided, multiple submitters, no conflicts							
NM_000038.6(APC):c.2054G>A (p.Trp685Ter)	APC	W402*, W525*, W559*, W584*, W594*, W626*, W644*, W657*, W660*, W667*, W685*, W695*, W703*	Familial adenomatous polyposis 1	VCV001339059	5	112173345	5	112837648	1339059	1330102	rs2149859555	NC_000005.10:112837647:G:A	single nucleotide variant	nonsense	Pathogenic/Likely pathogenic	May 3, 2023	criteria provided, multiple submitters, no conflicts							
NM_000038.6(APC):c.2055G>A (p.Trp685Ter)	APC	W301*, W402*, W525*, W556*, W559*, W584*, W594*, W602*, W626*, W644*, W657*, W660*, W667*, W675*, W678*, W685*, W695*, W703*, W713*	Familial adenomatous polyposis 1	VCV002583893	5	112173346	5	112837649	2583893	2751462	rs2149859582	NC_000005.10:112837648:G:A	single nucleotide variant	nonsense|non-coding transcript variant	Pathogenic/Likely pathogenic	Feb 11, 2025	criteria provided, multiple submitters, no conflicts							
NM_000038.6(APC):c.2061C>G (p.Leu687=)	APC		Familial adenomatous polyposis 1	VCV003148480	5	112173352	5	112837655	3148480	3307728	rs2149859680	NC_000005.10:112837654:C:G	single nucleotide variant	synonymous variant|non-coding transcript variant	Benign	Mar 8, 2024	criteria provided, single submitter							
NM_000038.6(APC):c.2063C>G (p.Ser688Ter)	APC	S304*, S405*, S528*, S559*, S562*, S587*, S597*, S605*, S629*, S647*, S660*, S663*, S670*, S678*, S681*, S688*, S698*, S706*, S716*	Familial adenomatous polyposis 1	VCV002583891	5	112173354	5	112837657	2583891	2751460	rs1554083930	NC_000005.10:112837656:C:G	single nucleotide variant	nonsense|non-coding transcript variant	Pathogenic	May 3, 2023	criteria provided, single submitter							
NM_000038.6(APC):c.2063C>A (p.Ser688Ter)	APC	S670*, S688*, S528*, S660*, S405*, S663*, S587*, S647*, S706*, S562*, S597*, S629*, S698*	Familial adenomatous polyposis 1	VCV000545723	5	112173354	5	112837657	545723	536215	rs1554083930	NC_000005.10:112837656:C:A	single nucleotide variant	nonsense	Pathogenic	Jan 30, 2018	criteria provided, single submitter							
NM_000038.6(APC):c.2068A>T (p.Arg690Ter)	APC	R564*, R649*, R683*, R306*, R589*, R607*, R631*, R665*, R690*, R407*, R530*, R599*, R662*, R680*, R561*, R672*, R700*, R708*, R718*	Hereditary cancer-predisposing syndrome	VCV002452724	5	112173359	5	112837662	2452724	2433706	rs1561574634	NC_000005.10:112837661:A:T	single nucleotide variant	nonsense|non-coding transcript variant	Pathogenic	Feb 6, 2023	criteria provided, single submitter							
NM_000038.6(APC):c.2073T>C (p.Asn691=)	APC		Hereditary cancer-predisposing syndrome|Familial adenomatous polyposis 1|not provided	VCV000537691	5	112173364	5	112837667	537691	520737	rs768685742	NC_000005.10:112837666:T:C	single nucleotide variant	synonymous variant	Benign/Likely benign	Dec 18, 2024	criteria provided, multiple submitters, no conflicts							
NM_000038.6(APC):c.2077A>T (p.Lys693Ter)	APC	K675*, K693*, K592*, K533*, K602*, K668*, K703*, K410*, K567*, K634*, K652*, K665*, K711*	not provided	VCV000449333	5	112173368	5	112837671	449333	443648	rs773985321	NC_000005.10:112837670:A:T	single nucleotide variant	nonsense	Pathogenic	Jun 27, 2017	criteria provided, single submitter							
NM_000038.6(APC):c.2082C>T (p.Asp694=)	APC		Familial adenomatous polyposis 1	VCV003148030	5	112173373	5	112837676	3148030	3307278	rs2149860111	NC_000005.10:112837675:C:T	single nucleotide variant	synonymous variant|non-coding transcript variant	Benign	Mar 8, 2024	criteria provided, single submitter							
NM_000038.6(APC):c.2083C>T (p.Gln695Ter)	APC	Q569*, Q636*, Q654*, Q667*, Q695*, Q713*, Q594*, Q604*, Q677*, Q412*, Q670*, Q535*, Q705*	Hereditary cancer-predisposing syndrome|Familial adenomatous polyposis 1	VCV001458215	5	112173374	5	112837677	1458215	1467930	rs1439772141	NC_000005.10:112837676:C:T	single nucleotide variant	nonsense	Pathogenic	Aug 14, 2025	criteria provided, multiple submitters, no conflicts							
NM_000038.6(APC):c.2085G>A (p.Gln695=)	APC		not specified|Hereditary cancer-predisposing syndrome|Classic or attenuated familial adenomatous polyposis|not provided|Familial adenomatous polyposis 1	VCV001092088	5	112173376	5	112837679	1092088	1072019	rs2149860192	NC_000005.10:112837678:G:A	single nucleotide variant	synonymous variant	Benign/Likely benign	Jan 6, 2026	criteria provided, multiple submitters, no conflicts							
NM_000038.6(APC):c.2088A>G (p.Glu696=)	APC		Familial adenomatous polyposis 1	VCV001639200	5	112173379	5	112837682	1639200	1525929	rs2149860260	NC_000005.10:112837681:A:G	single nucleotide variant	synonymous variant	Benign/Likely benign	Mar 8, 2024	criteria provided, multiple submitters, no conflicts							
NM_000038.6(APC):c.2091A>G (p.Ala697=)	APC		not specified|Familial adenomatous polyposis 1|Classic or attenuated familial adenomatous polyposis|Hereditary cancer-predisposing syndrome	VCV000231286	5	112173382	5	112837685	231286	233051	rs541317651	NC_000005.10:112837684:A:G	single nucleotide variant	synonymous variant	Benign/Likely benign	May 19, 2025	criteria provided, multiple submitters, no conflicts							
NM_000038.6(APC):c.2093T>G (p.Leu698Ter)	APC	L680*, L698*, L538*, L657*, L597*, L607*, L673*, L716*, L572*, L639*, L670*, L708*, L415*	Hereditary cancer-predisposing syndrome|Familial adenomatous polyposis 1	VCV000433631	5	112173384	5	112837687	433631	427268	rs137854582	NC_000005.10:112837686:T:G	single nucleotide variant	nonsense	Pathogenic	May 4, 2023	criteria provided, multiple submitters, no conflicts							
NM_000038.6(APC):c.2093T>A (p.Leu698Ter)	APC	L698*, L680*, L572*, L639*, L657*, L716*, L415*, L597*, L607*, L670*, L708*, L673*, L538*	Familial adenomatous polyposis 1	VCV000000832	5	112173384	5	112837687	832	15871	rs137854582	NC_000005.10:112837686:T:A	single nucleotide variant	nonsense	Pathogenic	Apr 2, 2020	criteria provided, single submitter							
NM_000038.6(APC):c.2096G>A (p.Trp699Ter)	APC	W681*, W699*, W539*, W598*, W709*, W416*, W640*, W717*, W608*, W674*, W573*, W658*, W671*	Hereditary cancer-predisposing syndrome|Familial adenomatous polyposis 1	VCV000411494	5	112173387	5	112837690	411494	394257	rs1060503336	NC_000005.10:112837689:G:A	single nucleotide variant	nonsense	Pathogenic	Nov 13, 2025	criteria provided, multiple submitters, no conflicts							
NM_000038.6(APC):c.2097G>A (p.Trp699Ter)	APC	W681*, W699*, W416*, W671*, W717*, W539*, W598*, W608*, W674*, W709*, W573*, W640*, W658*	Familial adenomatous polyposis 1|not provided|Hereditary cancer-predisposing syndrome	VCV000411387	5	112173388	5	112837691	411387	394464	rs1060503282	NC_000005.10:112837690:G:A	single nucleotide variant	nonsense	Pathogenic	Oct 16, 2023	criteria provided, multiple submitters, no conflicts							
NM_000038.6(APC):c.2100C>T (p.Asp700=)	APC		Familial adenomatous polyposis 1|Classic or attenuated familial adenomatous polyposis|Hereditary cancer-predisposing syndrome	VCV000820719	5	112173391	5	112837694	820719	807921	rs376487701	NC_000005.10:112837693:C:T	single nucleotide variant	synonymous variant	Benign/Likely benign	Aug 27, 2025	criteria provided, multiple submitters, no conflicts							
NM_000038.6(APC):c.2121C>T (p.Leu707=)	APC		Familial adenomatous polyposis 1|Hereditary cancer-predisposing syndrome	VCV003148274	5	112173412	5	112837715	3148274	3307522	rs1174765539	NC_000005.10:112837714:C:T	single nucleotide variant	synonymous variant|non-coding transcript variant	Benign/Likely benign	Jun 12, 2024	criteria provided, multiple submitters, no conflicts							
NM_000038.6(APC):c.2121C>G (p.Leu707=)	APC		Hereditary cancer-predisposing syndrome|Familial adenomatous polyposis 1	VCV001561533	5	112173412	5	112837715	1561533	1554958	rs1174765539	NC_000005.10:112837714:C:G	single nucleotide variant	synonymous variant	Benign/Likely benign	Mar 8, 2024	criteria provided, multiple submitters, no conflicts							
NM_000038.6(APC):c.2122A>T (p.Lys708Ter)	APC	K324*, K425*, K548*, K579*, K582*, K607*, K617*, K625*, K649*, K667*, K680*, K683*, K690*, K698*, K701*, K708*, K718*, K726*, K736*	Familial adenomatous polyposis 1	VCV003379108	5	112173413	5	112837716	3379108	3538287		NC_000005.10:112837715:A:T	single nucleotide variant	nonsense|non-coding transcript variant	Pathogenic	Sep 24, 2024	criteria provided, single submitter							
NM_000038.6(APC):c.2124G>A (p.Lys708=)	APC		Familial adenomatous polyposis 1|Hereditary cancer-predisposing syndrome	VCV000820763	5	112173415	5	112837718	820763	807922	rs1454608873	NC_000005.10:112837717:G:A	single nucleotide variant	synonymous variant	Benign/Likely benign	Jun 16, 2025	criteria provided, multiple submitters, no conflicts							
NM_000038.6(APC):c.2127C>T (p.Asn709=)	APC		Familial adenomatous polyposis 1|Hereditary cancer-predisposing syndrome	VCV002452768	5	112173418	5	112837721	2452768	2433750	rs2149861241	NC_000005.10:112837720:C:T	single nucleotide variant	synonymous variant|non-coding transcript variant	Benign/Likely benign	Feb 2, 2025	criteria provided, multiple submitters, no conflicts							
NM_000038.6(APC):c.2130C>G (p.Leu710=)	APC		Familial adenomatous polyposis 1	VCV003148507	5	112173421	5	112837724	3148507	3307755	rs1057521787	NC_000005.10:112837723:C:G	single nucleotide variant	synonymous variant|non-coding transcript variant	Benign	Mar 8, 2024	criteria provided, single submitter							
NM_000038.6(APC):c.2130C>T (p.Leu710=)	APC		Hereditary cancer-predisposing syndrome|Classic or attenuated familial adenomatous polyposis|not specified|Familial adenomatous polyposis 1	VCV000383935	5	112173421	5	112837724	383935	369296	rs1057521787	NC_000005.10:112837723:C:T	single nucleotide variant	synonymous variant	Benign/Likely benign	Sep 17, 2025	criteria provided, multiple submitters, no conflicts							
NM_000038.6(APC):c.2138C>A (p.Ser713Ter)	APC	S612*, S630*, S672*, S685*, S723*, S430*, S587*, S622*, S695*, S706*, S731*, S329*, S553*, S654*, S688*, S713*, S584*, S703*, S741*	Hereditary cancer-predisposing syndrome	VCV004843517	5	112173429	5	112837732	4843517	4950235		NC_000005.10:112837731:C:A	single nucleotide variant	nonsense|non-coding transcript variant	Pathogenic	Dec 19, 2025	criteria provided, single submitter							
NM_000038.6(APC):c.2138C>G (p.Ser713Ter)	APC	S713*, S695*, S587*, S612*, S731*, S430*, S553*, S654*, S622*, S685*, S672*, S688*, S723*	Familial adenomatous polyposis 1|Hereditary cancer-predisposing syndrome	VCV000000800	5	112173429	5	112837732	800	15839	rs137854570	NC_000005.10:112837731:C:G	single nucleotide variant	nonsense	Pathogenic	May 4, 2023	criteria provided, multiple submitters, no conflicts							
NM_000038.6(APC):c.2142G>A (p.Lys714=)	APC		Hereditary cancer-predisposing syndrome|Familial adenomatous polyposis 1	VCV000628140	5	112173433	5	112837736	628140	617084	rs1561575161	NC_000005.10:112837735:G:A	single nucleotide variant	synonymous variant	Benign/Likely benign	Apr 20, 2025	criteria provided, multiple submitters, no conflicts							
NM_000038.6(APC):c.2148A>G (p.Lys716=)	APC		Classic or attenuated familial adenomatous polyposis|Hereditary cancer-predisposing syndrome|not specified|Familial adenomatous polyposis 1	VCV000185647	5	112173439	5	112837742	185647	182358	rs764733890	NC_000005.10:112837741:A:G	single nucleotide variant	synonymous variant	Benign/Likely benign	Nov 19, 2025	criteria provided, multiple submitters, no conflicts							
NM_000038.6(APC):c.2154T>C (p.Ile718=)	APC		Familial adenomatous polyposis 1|Hereditary cancer-predisposing syndrome	VCV003148786	5	112173445	5	112837748	3148786	3308034	rs372725652	NC_000005.10:112837747:T:C	single nucleotide variant	synonymous variant|non-coding transcript variant	Benign/Likely benign	Nov 1, 2025	criteria provided, multiple submitters, no conflicts							
NM_000038.6(APC):c.2154T>A (p.Ile718=)	APC		Hereditary cancer-predisposing syndrome|Familial adenomatous polyposis 1	VCV001087658	5	112173445	5	112837748	1087658	1072020	rs372725652	NC_000005.10:112837747:T:A	single nucleotide variant	synonymous variant	Benign/Likely benign	Nov 5, 2025	criteria provided, multiple submitters, no conflicts							
NM_000038.6(APC):c.2157T>C (p.Ala719=)	APC		Familial adenomatous polyposis 1|Hereditary cancer-predisposing syndrome	VCV002452696	5	112173448	5	112837751	2452696	2433678	rs2149861938	NC_000005.10:112837750:T:C	single nucleotide variant	synonymous variant|non-coding transcript variant	Benign/Likely benign	Mar 8, 2024	criteria provided, multiple submitters, no conflicts							
NM_000038.6(APC):c.2161G>T (p.Gly721Ter)	APC	G561*, G592*, G620*, G662*, G703*, G731*, G595*, G680*, G696*, G721*, G749*, G711*, G337*, G438*, G630*, G638*, G693*, G714*, G739*	Hereditary cancer-predisposing syndrome|Familial adenomatous polyposis 1	VCV001786925	5	112173452	5	112837755	1786925	1840446	rs2149862031	NC_000005.10:112837754:G:T	single nucleotide variant	nonsense	Pathogenic	May 4, 2023	criteria provided, multiple submitters, no conflicts							
NM_000038.6(APC):c.2163A>G (p.Gly721=)	APC		Familial adenomatous polyposis 1	VCV003148288	5	112173454	5	112837757	3148288	3307536	rs2149862090	NC_000005.10:112837756:A:G	single nucleotide variant	synonymous variant|non-coding transcript variant	Benign	Mar 8, 2024	criteria provided, single submitter							
NM_000038.6(APC):c.2172A>T (p.Ala724=)	APC		Familial adenomatous polyposis 1|Hereditary cancer-predisposing syndrome	VCV000796803	5	112173463	5	112837766	796803	782076	rs1580618948	NC_000005.10:112837765:A:T	single nucleotide variant	synonymous variant	Benign/Likely benign	Mar 8, 2024	criteria provided, multiple submitters, no conflicts							
NM_000038.6(APC):c.2176T>C (p.Leu726=)	APC		Hereditary cancer-predisposing syndrome|Familial adenomatous polyposis 1	VCV001104523	5	112173467	5	112837770	1104523	1093633	rs2149862426	NC_000005.10:112837769:T:C	single nucleotide variant	synonymous variant	Benign/Likely benign	Mar 8, 2024	criteria provided, multiple submitters, no conflicts							
NM_000038.6(APC):c.2177T>G (p.Leu726Ter)	APC	L566*, L701*, L685*, L698*, L726*, L443*, L600*, L708*, L736*, L625*, L635*, L667*, L744*	Hereditary cancer-predisposing syndrome|Familial adenomatous polyposis 1	VCV001454461	5	112173468	5	112837771	1454461	1444804	rs2149862441	NC_000005.10:112837770:T:G	single nucleotide variant	nonsense	Pathogenic	Mar 25, 2024	criteria provided, multiple submitters, no conflicts							
NM_000038.6(APC):c.2187C>T (p.Leu729=)	APC		Classic or attenuated familial adenomatous polyposis|Hereditary cancer-predisposing syndrome|Familial adenomatous polyposis 1	VCV000706281	5	112173478	5	112837781	706281	691645	rs376015279	NC_000005.10:112837780:C:T	single nucleotide variant	synonymous variant	Benign/Likely benign	Jan 4, 2026	criteria provided, multiple submitters, no conflicts							
NM_000038.6(APC):c.2196T>C (p.Asn732=)	APC		Classic or attenuated familial adenomatous polyposis|Hereditary cancer-predisposing syndrome|Familial adenomatous polyposis 1	VCV000216155	5	112173487	5	112837790	216155	212410	rs781693283	NC_000005.10:112837789:T:C	single nucleotide variant	synonymous variant	Benign/Likely benign	Jan 18, 2026	criteria provided, multiple submitters, no conflicts							
NM_000038.6(APC):c.2199G>A (p.Arg733=)	APC		Familial adenomatous polyposis 1	VCV003148787	5	112173490	5	112837793	3148787	3308035	rs2149863061	NC_000005.10:112837792:G:A	single nucleotide variant	synonymous variant|non-coding transcript variant	Benign	Mar 8, 2024	criteria provided, single submitter							
NM_000038.6(APC):c.2204C>T (p.Ala735Val)	APC	A735V, A717V, A452V, A676V, A745V, A609V, A634V, A644V, A710V, A575V, A694V, A707V, A753V	Hereditary cancer|Hereditary cancer-predisposing syndrome|not specified|not provided|Familial adenomatous polyposis 1|Colorectal cancer, susceptibility to	VCV000041521	5	112173495	5	112837798	41521	49960	rs147655929	NC_000005.10:112837797:C:T	single nucleotide variant	missense variant	Benign/Likely benign	Jan 31, 2026	criteria provided, multiple submitters, no conflicts							
NM_000038.6(APC):c.2211C>T (p.Tyr737=)	APC		Hereditary cancer-predisposing syndrome|Familial adenomatous polyposis 1	VCV001595105	5	112173502	5	112837805	1595105	1590745	rs1765131004	NC_000005.10:112837804:C:T	single nucleotide variant	synonymous variant	Benign/Likely benign	Mar 3, 2025	criteria provided, multiple submitters, no conflicts							
NM_000038.6(APC):c.2211C>G (p.Tyr737Ter)	APC	Y696*, Y709*, Y712*, Y737*, Y747*, Y755*, Y454*, Y611*, Y678*, Y577*, Y636*, Y646*, Y719*	Hereditary cancer-predisposing syndrome|Classic or attenuated familial adenomatous polyposis|Familial adenomatous polyposis 1	VCV000968084	5	112173502	5	112837805	968084	953892	rs1765131004	NC_000005.10:112837804:C:G	single nucleotide variant	nonsense	Pathogenic	Apr 4, 2025	criteria provided, multiple submitters, no conflicts							
NM_000038.6(APC):c.2211C>A (p.Tyr737Ter)	APC	Y709*, Y712*, Y737*, Y755*, Y454*, Y611*, Y678*, Y696*, Y577*, Y719*, Y636*, Y646*, Y747*	Familial adenomatous polyposis 1	VCV000942080	5	112173502	5	112837805	942080	932516	rs1765131004	NC_000005.10:112837804:C:A	single nucleotide variant	nonsense	Pathogenic	May 4, 2023	criteria provided, multiple submitters, no conflicts							
NM_000038.6(APC):c.2212A>T (p.Lys738Ter)	APC	K455*, K578*, K609*, K697*, K713*, K738*, K748*, K612*, K647*, K720*, K728*, K731*, K354*, K655*, K710*, K766*, K637*, K679*, K756*	Hereditary cancer-predisposing syndrome|Familial adenomatous polyposis 1|Neoplasm	VCV001787783	5	112173503	5	112837806	1787783	1847226	rs2149863411	NC_000005.10:112837805:A:T	single nucleotide variant	nonsense	Pathogenic	May 4, 2023	criteria provided, multiple submitters, no conflicts				Likely oncogenic	Mar 4, 2025	criteria provided, single submitter	
NM_000038.6(APC):c.2238C>T (p.Gly746=)	APC		Hereditary cancer-predisposing syndrome|Familial adenomatous polyposis 1	VCV001152606	5	112173529	5	112837832	1152606	1136105	rs1304466462	NC_000005.10:112837831:C:T	single nucleotide variant	synonymous variant	Benign/Likely benign	Mar 11, 2024	criteria provided, multiple submitters, no conflicts							
NM_000038.6(APC):c.2240C>A (p.Ser747Ter)	APC	S688*, S618*, S737*, S740*, S747*, S363*, S664*, S706*, S719*, S722*, S765*, S775*, S464*, S587*, S621*, S646*, S656*, S729*, S757*	Hereditary cancer-predisposing syndrome|Familial adenomatous polyposis 1	VCV001788273	5	112173531	5	112837834	1788273	1844336	rs773020689	NC_000005.10:112837833:C:A	single nucleotide variant	nonsense	Pathogenic	May 4, 2023	criteria provided, multiple submitters, no conflicts							
NM_000038.6(APC):c.2240C>G (p.Ser747Ter)	APC	S729*, S747*, S464*, S646*, S688*, S722*, S765*, S587*, S621*, S656*, S706*, S719*, S757*	Familial adenomatous polyposis 1	VCV000411368	5	112173531	5	112837834	411368	394375	rs773020689	NC_000005.10:112837833:C:G	single nucleotide variant	nonsense	Pathogenic	May 19, 2025	reviewed by expert panel							
NM_000038.6(APC):c.2245T>C (p.Leu749=)	APC		Hereditary cancer-predisposing syndrome|Familial adenomatous polyposis 1	VCV000485152	5	112173536	5	112837839	485152	473939	rs976000214	NC_000005.10:112837838:T:C	single nucleotide variant	synonymous variant	Benign/Likely benign	Sep 6, 2025	criteria provided, multiple submitters, no conflicts							
NM_000038.6(APC):c.2250A>C (p.Pro750=)	APC		Familial adenomatous polyposis 1	VCV003148759	5	112173541	5	112837844	3148759	3308007	rs376526724	NC_000005.10:112837843:A:C	single nucleotide variant	synonymous variant|non-coding transcript variant	Benign	Mar 11, 2024	criteria provided, single submitter							
NM_000038.6(APC):c.2256T>G (p.Leu752=)	APC		Familial adenomatous polyposis 1	VCV003148190	5	112173547	5	112837850	3148190	3307438	rs2149864677	NC_000005.10:112837849:T:G	single nucleotide variant	synonymous variant|non-coding transcript variant	Benign	Mar 11, 2024	criteria provided, single submitter							
NM_000038.6(APC):c.2259T>C (p.His753=)	APC		Hereditary cancer-predisposing syndrome|Familial adenomatous polyposis 1	VCV002130209	5	112173550	5	112837853	2130209	2178941	rs763155470	NC_000005.10:112837852:T:C	single nucleotide variant	synonymous variant|non-coding transcript variant	Benign/Likely benign	May 21, 2024	criteria provided, multiple submitters, no conflicts							
NM_000038.6(APC):c.2262T>C (p.Val754=)	APC		Hereditary cancer-predisposing syndrome|Classic or attenuated familial adenomatous polyposis|not provided|Familial adenomatous polyposis 1	VCV000469740	5	112173553	5	112837856	469740	454332	rs148987776	NC_000005.10:112837855:T:C	single nucleotide variant	synonymous variant	Benign/Likely benign	Dec 13, 2025	criteria provided, multiple submitters, no conflicts							
NM_000038.6(APC):c.2262T>G (p.Val754=)	APC		Classic or attenuated familial adenomatous polyposis|Hereditary cancer-predisposing syndrome|not specified|not provided|Familial adenomatous polyposis 1|Desmoid disease, hereditary	VCV000135687	5	112173553	5	112837856	135687	139399	rs148987776	NC_000005.10:112837855:T:G	single nucleotide variant	synonymous variant	Benign/Likely benign	Jan 28, 2026	criteria provided, multiple submitters, no conflicts							
NM_000038.6(APC):c.2268A>G (p.Lys756=)	APC		Hereditary cancer-predisposing syndrome|Familial adenomatous polyposis 1	VCV001926558	5	112173559	5	112837862	1926558	1980706	rs1306997303	NC_000005.10:112837861:A:G	single nucleotide variant	synonymous variant|non-coding transcript variant	Benign/Likely benign	Oct 23, 2025	criteria provided, multiple submitters, no conflicts							
NM_000038.6(APC):c.2269C>T (p.Gln757Ter)	APC	Q373*, Q474*, Q597*, Q628*, Q631*, Q656*, Q666*, Q674*, Q698*, Q716*, Q729*, Q732*, Q739*, Q747*, Q750*, Q757*, Q767*, Q775*, Q785*	Familial adenomatous polyposis 1|Hereditary cancer-predisposing syndrome	VCV002584216	5	112173560	5	112837863	2584216	2751782	rs2533408880	NC_000005.10:112837862:C:T	single nucleotide variant	nonsense|non-coding transcript variant	Pathogenic	Jun 4, 2025	criteria provided, multiple submitters, no conflicts							
NM_000038.6(APC):c.2277C>G (p.Ala759=)	APC		Hereditary cancer-predisposing syndrome|Familial adenomatous polyposis 1	VCV000757914	5	112173568	5	112837871	757914	764694	rs762441650	NC_000005.10:112837870:C:G	single nucleotide variant	synonymous variant	Benign/Likely benign	Oct 26, 2025	criteria provided, multiple submitters, no conflicts							
NM_000038.6(APC):c.2277C>T (p.Ala759=)	APC		Desmoid disease, hereditary|Familial adenomatous polyposis 1|Hereditary cancer-predisposing syndrome|Familial adenomatous polyposis 1|Classic or attenuated familial adenomatous polyposis|not provided	VCV000215554	5	112173568	5	112837871	215554	212411	rs762441650	NC_000005.10:112837870:C:T	single nucleotide variant	synonymous variant	Benign/Likely benign	Jan 18, 2026	criteria provided, multiple submitters, no conflicts							
NM_000038.6(APC):c.2278C>T (p.Leu760=)	APC		Familial adenomatous polyposis 1	VCV003148206	5	112173569	5	112837872	3148206	3307454	rs1048798213	NC_000005.10:112837871:C:T	single nucleotide variant	synonymous variant|non-coding transcript variant	Benign	Mar 11, 2024	criteria provided, single submitter							
NM_000038.6(APC):c.2280A>T (p.Leu760=)	APC		not specified|Familial adenomatous polyposis 1	VCV002575455	5	112173571	5	112837874	2575455	2740353	rs767947015	NC_000005.10:112837873:A:T	single nucleotide variant	synonymous variant|non-coding transcript variant	Benign/Likely benign	Mar 4, 2025	criteria provided, multiple submitters, no conflicts							
NM_000038.6(APC):c.2280A>G (p.Leu760=)	APC		not specified|not provided|Familial adenomatous polyposis 1|Hereditary cancer-predisposing syndrome|Classic or attenuated familial adenomatous polyposis	VCV000469741	5	112173571	5	112837874	469741	454101	rs767947015	NC_000005.10:112837873:A:G	single nucleotide variant	synonymous variant	Benign/Likely benign	Jan 31, 2026	criteria provided, multiple submitters, no conflicts							
NM_000038.6(APC):c.2286A>G (p.Ala762=)	APC		Familial adenomatous polyposis 1|Hereditary cancer-predisposing syndrome	VCV001132448	5	112173577	5	112837880	1132448	1115164	rs1424396565	NC_000005.10:112837879:A:G	single nucleotide variant	synonymous variant	Benign/Likely benign	Dec 12, 2024	criteria provided, multiple submitters, no conflicts							
NM_000038.6(APC):c.2287G>T (p.Glu763Ter)	APC	E603*, E704*, E745*, E763*, E773*, E738*, E480*, E637*, E662*, E722*, E672*, E735*, E781*	Hereditary cancer-predisposing syndrome|APC-related disorder	VCV000821036	5	112173578	5	112837881	821036	807930	rs1580620163	NC_000005.10:112837880:G:T	single nucleotide variant	nonsense	Pathogenic/Likely pathogenic	Apr 14, 2018	criteria provided, multiple submitters, no conflicts							
NM_000038.6(APC):c.2292A>G (p.Leu764=)	APC		Hereditary cancer-predisposing syndrome|Familial adenomatous polyposis 1	VCV000629439	5	112173583	5	112837886	629439	617088	rs1561575949	NC_000005.10:112837885:A:G	single nucleotide variant	synonymous variant	Benign/Likely benign	Jul 24, 2025	criteria provided, multiple submitters, no conflicts							
NM_000038.6(APC):c.2298T>C (p.Ala766=)	APC		Hereditary cancer-predisposing syndrome|Familial adenomatous polyposis 1	VCV003148498	5	112173589	5	112837892	3148498	3307746	rs2149865705	NC_000005.10:112837891:T:C	single nucleotide variant	synonymous variant|non-coding transcript variant	Benign/Likely benign	Mar 11, 2024	criteria provided, multiple submitters, no conflicts							
NM_000038.6(APC):c.2299C>T (p.Gln767Ter)	APC	Q767*, Q749*, Q607*, Q641*, Q666*, Q676*, Q726*, Q708*, Q777*, Q484*, Q739*, Q742*, Q785*	Classic or attenuated familial adenomatous polyposis|Familial adenomatous polyposis 1|Hereditary cancer-predisposing syndrome	VCV000567334	5	112173590	5	112837893	567334	562382	rs1561575998	NC_000005.10:112837892:C:T	single nucleotide variant	nonsense	Pathogenic	May 1, 2024	criteria provided, multiple submitters, no conflicts							
NM_000038.6(APC):c.2301G>A (p.Gln767=)	APC		Familial adenomatous polyposis 1|Hereditary cancer-predisposing syndrome	VCV001161754	5	112173592	5	112837895	1161754	1136106	rs2149865790	NC_000005.10:112837894:G:A	single nucleotide variant	synonymous variant	Benign/Likely benign	Mar 11, 2024	criteria provided, multiple submitters, no conflicts							
NM_000038.6(APC):c.2304C>T (p.His768=)	APC		Hereditary cancer-predisposing syndrome|Familial adenomatous polyposis 1	VCV002483704	5	112173595	5	112837898	2483704	2462846	rs1580620349	NC_000005.10:112837897:C:T	single nucleotide variant	synonymous variant|non-coding transcript variant	Benign/Likely benign	Mar 11, 2024	criteria provided, multiple submitters, no conflicts							
NM_000038.6(APC):c.2307A>G (p.Leu769=)	APC		Hereditary cancer-predisposing syndrome|Familial adenomatous polyposis 1	VCV001105837	5	112173598	5	112837901	1105837	1093635	rs1561576071	NC_000005.10:112837900:A:G	single nucleotide variant	synonymous variant	Benign/Likely benign	Mar 11, 2024	criteria provided, multiple submitters, no conflicts							
NM_000038.6(APC):c.2309C>A (p.Ser770Ter)	APC	S386*, S487*, S610*, S641*, S644*, S669*, S679*, S687*, S711*, S729*, S742*, S745*, S752*, S760*, S763*, S770*, S780*, S788*, S798*	Familial adenomatous polyposis 1	VCV002584243	5	112173600	5	112837903	2584243	2751809	rs1060503310	NC_000005.10:112837902:C:A	single nucleotide variant	nonsense|non-coding transcript variant	Pathogenic	May 4, 2023	criteria provided, single submitter							
NM_000038.6(APC):c.2309C>G (p.Ser770Ter)	APC	S770*, S752*, S644*, S669*, S711*, S729*, S745*, S742*, S487*, S610*, S679*, S780*, S788*	Hereditary cancer-predisposing syndrome|Familial adenomatous polyposis 1	VCV000411447	5	112173600	5	112837903	411447	394272	rs1060503310	NC_000005.10:112837902:C:G	single nucleotide variant	nonsense	Pathogenic	May 25, 2023	criteria provided, multiple submitters, no conflicts							
NM_000038.6(APC):c.2310A>G (p.Ser770=)	APC		Familial adenomatous polyposis 1|Hereditary cancer-predisposing syndrome	VCV000821072	5	112173601	5	112837904	821072	807933	rs201019009	NC_000005.10:112837903:A:G	single nucleotide variant	synonymous variant	Benign/Likely benign	May 23, 2024	criteria provided, multiple submitters, no conflicts							
NM_000038.6(APC):c.2311G>T (p.Glu771Ter)	APC	E387*, E488*, E712*, E688*, E743*, E764*, E781*, E611*, E642*, E680*, E730*, E753*, E771*, E789*, E799*, E645*, E670*, E746*, E761*	Hereditary cancer-predisposing syndrome	VCV001789450	5	112173602	5	112837905	1789450	1851120	rs2149866092	NC_000005.10:112837904:G:T	single nucleotide variant	nonsense	Pathogenic	Jun 14, 2023	criteria provided, single submitter							
NM_000038.6(APC):c.2322C>T (p.Asp774=)	APC		APC-Associated Polyposis Disorders|Hereditary cancer-predisposing syndrome|not specified|not provided|Familial adenomatous polyposis 1	VCV000136407	5	112173613	5	112837916	136407	140110	rs145792879	NC_000005.10:112837915:C:T	single nucleotide variant	synonymous variant	Benign/Likely benign	Feb 2, 2026	criteria provided, multiple submitters, no conflicts							
NM_000038.6(APC):c.2325T>C (p.Asn775=)	APC		Familial adenomatous polyposis 1|Classic or attenuated familial adenomatous polyposis|Hereditary cancer-predisposing syndrome	VCV000490242	5	112173616	5	112837919	490242	483857	rs779918968	NC_000005.10:112837918:T:C	single nucleotide variant	synonymous variant	Benign/Likely benign	Jan 31, 2026	criteria provided, multiple submitters, no conflicts							
NM_000038.6(APC):c.2328A>C (p.Ile776=)	APC		Hereditary cancer-predisposing syndrome|Familial adenomatous polyposis 1	VCV002161665	5	112173619	5	112837922	2161665	1887444	rs2149866464	NC_000005.10:112837921:A:C	single nucleotide variant	synonymous variant|non-coding transcript variant	Benign/Likely benign	Nov 14, 2024	criteria provided, multiple submitters, no conflicts							
NM_000038.6(APC):c.2331C>T (p.Asp777=)	APC		Hereditary cancer-predisposing syndrome|Familial adenomatous polyposis 1	VCV001532836	5	112173622	5	112837925	1532836	1605391	rs1765155954	NC_000005.10:112837924:C:T	single nucleotide variant	synonymous variant	Benign/Likely benign	Mar 11, 2024	criteria provided, multiple submitters, no conflicts							
NM_000038.6(APC):c.2336T>G (p.Leu779Ter)	APC	L779*, L761*, L653*, L720*, L754*, L789*, L496*, L688*, L738*, L619*, L678*, L751*, L797*	Familial adenomatous polyposis 1	VCV000578074	5	112173627	5	112837930	578074	562386	rs1561576302	NC_000005.10:112837929:T:G	single nucleotide variant	nonsense	Pathogenic	Jun 4, 2018	criteria provided, single submitter							
NM_000038.6(APC):c.2340T>C (p.Ser780=)	APC		Familial adenomatous polyposis 1	VCV003147996	5	112173631	5	112837934	3147996	3307244	rs2533413466	NC_000005.10:112837933:T:C	single nucleotide variant	synonymous variant|non-coding transcript variant	Benign	Mar 12, 2024	criteria provided, single submitter							
NM_000038.6(APC):c.2343C>G (p.Pro781=)	APC		Familial adenomatous polyposis 1|Hereditary cancer-predisposing syndrome	VCV002115637	5	112173634	5	112837937	2115637	2182576	rs754449949	NC_000005.10:112837936:C:G	single nucleotide variant	synonymous variant|non-coding transcript variant	Benign/Likely benign	Dec 7, 2025	criteria provided, multiple submitters, no conflicts							
NM_000038.6(APC):c.2349A>G (p.Ala783=)	APC		Familial adenomatous polyposis 1|Hereditary cancer-predisposing syndrome	VCV000793791	5	112173640	5	112837943	793791	782077	rs1580620884	NC_000005.10:112837942:A:G	single nucleotide variant	synonymous variant	Benign/Likely benign	Jul 7, 2025	criteria provided, multiple submitters, no conflicts							
NM_000038.6(APC):c.2352T>G (p.Ser784=)	APC		Familial adenomatous polyposis 1	VCV001088862	5	112173643	5	112837946	1088862	1072021	rs2149867123	NC_000005.10:112837945:T:G	single nucleotide variant	synonymous variant	Benign/Likely benign	May 29, 2024	criteria provided, multiple submitters, no conflicts							
NM_000038.6(APC):c.2362A>T (p.Lys788Ter)	APC	K404*, K505*, K628*, K659*, K662*, K687*, K697*, K705*, K729*, K747*, K760*, K763*, K770*, K778*, K781*, K788*, K798*, K806*, K816*	Familial adenomatous polyposis 1	VCV002583396	5	112173653	5	112837956	2583396	2750967	rs1765163287	NC_000005.10:112837955:A:T	single nucleotide variant	nonsense|non-coding transcript variant	Pathogenic	May 4, 2023	criteria provided, single submitter							
NM_000038.6(APC):c.2365C>T (p.Gln789Ter)	APC	Q771*, Q789*, Q506*, Q629*, Q663*, Q761*, Q764*, Q807*, Q698*, Q748*, Q799*, Q688*, Q730*	Hereditary cancer-predisposing syndrome|not provided|Familial adenomatous polyposis 1|Neoplasm	VCV000092341	5	112173656	5	112837959	92341	98252	rs398123117	NC_000005.10:112837958:C:T	single nucleotide variant	nonsense	Pathogenic	Jul 17, 2025	criteria provided, multiple submitters, no conflicts				Likely oncogenic	Mar 4, 2025	criteria provided, single submitter	
NM_000038.6(APC):c.2373C>T (p.His791=)	APC		Classic or attenuated familial adenomatous polyposis|Hereditary cancer-predisposing syndrome|Familial adenomatous polyposis 1|not provided	VCV001215736	5	112173664	5	112837967	1215736	1205717	rs2149867589	NC_000005.10:112837966:C:T	single nucleotide variant	synonymous variant	Benign/Likely benign	Nov 9, 2025	criteria provided, multiple submitters, no conflicts							
NM_000038.6(APC):c.2377C>T (p.Gln793Ter)	APC	Q633*, Q692*, Q765*, Q793*, Q667*, Q768*, Q510*, Q702*, Q734*, Q752*, Q775*, Q803*, Q811*	Familial adenomatous polyposis 1|not provided|Hereditary cancer-predisposing syndrome|Familial multiple polyposis syndrome	VCV001451499	5	112173668	5	112837971	1451499	1425901	rs2149867683	NC_000005.10:112837970:C:T	single nucleotide variant	nonsense	Pathogenic	May 1, 2026	criteria provided, multiple submitters, no conflicts							
NM_000038.6(APC):c.2379A>G (p.Gln793=)	APC		Hereditary cancer-predisposing syndrome|Familial adenomatous polyposis 1	VCV000537587	5	112173670	5	112837973	537587	520760	rs1554084111	NC_000005.10:112837972:A:G	single nucleotide variant	synonymous variant	Benign/Likely benign	Feb 3, 2026	criteria provided, multiple submitters, no conflicts							
NM_000038.6(APC):c.2382T>C (p.Ser794=)	APC		Familial adenomatous polyposis 1	VCV003148048	5	112173673	5	112837976	3148048	3307296	rs2149867862	NC_000005.10:112837975:T:C	single nucleotide variant	synonymous variant|non-coding transcript variant	Benign	Mar 12, 2024	criteria provided, single submitter							
NM_000038.6(APC):c.2385C>T (p.Leu795=)	APC		Classic or attenuated familial adenomatous polyposis|Hereditary cancer-predisposing syndrome|not provided|Familial adenomatous polyposis 1	VCV000083234	5	112173676	5	112837979	83234	94125	rs80188155	NC_000005.10:112837978:C:T	single nucleotide variant	synonymous variant	Benign/Likely benign	Jan 7, 2026	criteria provided, multiple submitters, no conflicts							
NM_000038.6(APC):c.2388T>G (p.Tyr796Ter)	APC	Y705*, Y778*, Y806*, Y636*, Y737*, Y755*, Y771*, Y814*, Y513*, Y670*, Y695*, Y768*, Y796*	Hereditary cancer-predisposing syndrome|not provided	VCV000926508	5	112173679	5	112837982	926508	909886	rs1554084124	NC_000005.10:112837981:T:G	single nucleotide variant	nonsense	Pathogenic	May 9, 2025	criteria provided, multiple submitters, no conflicts							
NM_000038.6(APC):c.2388T>C (p.Tyr796=)	APC		Hereditary cancer-predisposing syndrome|Familial adenomatous polyposis 1	VCV000490243	5	112173679	5	112837982	490243	483889	rs1554084124	NC_000005.10:112837981:T:C	single nucleotide variant	synonymous variant	Benign/Likely benign	Mar 12, 2024	criteria provided, multiple submitters, no conflicts							
NM_000038.6(APC):c.2391T>C (p.Gly797=)	APC		Hereditary cancer-predisposing syndrome|Familial adenomatous polyposis 1	VCV001152115	5	112173682	5	112837985	1152115	1136107	rs535294819	NC_000005.10:112837984:T:C	single nucleotide variant	synonymous variant	Benign/Likely benign	Sep 11, 2025	criteria provided, multiple submitters, no conflicts							
NM_000038.6(APC):c.2391T>A (p.Gly797=)	APC		Familial adenomatous polyposis 1|Classic or attenuated familial adenomatous polyposis|Hereditary cancer-predisposing syndrome	VCV000821199	5	112173682	5	112837985	821199	807936	rs535294819	NC_000005.10:112837984:T:A	single nucleotide variant	synonymous variant	Benign/Likely benign	Jul 31, 2025	criteria provided, multiple submitters, no conflicts							
NM_000038.6(APC):c.2397T>A (p.Tyr799Ter)	APC	Y716*, Y774*, Y799*, Y516*, Y639*, Y670*, Y673*, Y740*, Y809*, Y708*, Y758*, Y771*, Y781*, Y789*, Y817*, Y827*, Y415*, Y698*, Y792*	Hereditary cancer-predisposing syndrome|Familial adenomatous polyposis 1	VCV001790641	5	112173688	5	112837991	1790641	1841542	rs1765170817	NC_000005.10:112837990:T:A	single nucleotide variant	nonsense	Pathogenic	Sep 15, 2022	criteria provided, multiple submitters, no conflicts							
NM_000038.6(APC):c.2397T>C (p.Tyr799=)	APC		Hereditary cancer-predisposing syndrome|Familial adenomatous polyposis 1	VCV001133916	5	112173688	5	112837991	1133916	1115165	rs1765170817	NC_000005.10:112837990:T:C	single nucleotide variant	synonymous variant	Benign/Likely benign	Mar 12, 2024	criteria provided, multiple submitters, no conflicts							
NM_000038.6(APC):c.2397T>G (p.Tyr799Ter)	APC	Y639*, Y698*, Y809*, Y771*, Y781*, Y799*, Y740*, Y758*, Y774*, Y516*, Y673*, Y708*, Y817*	Familial adenomatous polyposis 1	VCV000938906	5	112173688	5	112837991	938906	932520	rs1765170817	NC_000005.10:112837990:T:G	single nucleotide variant	nonsense	Pathogenic	Jun 2, 2019	criteria provided, single submitter							
NM_000038.6(APC):c.2406C>T (p.Asp802=)	APC		Hereditary cancer-predisposing syndrome|Familial adenomatous polyposis 1	VCV003147991	5	112173697	5	112838000	3147991	3307239	rs2149868534	NC_000005.10:112837999:C:T	single nucleotide variant	synonymous variant|non-coding transcript variant	Benign/Likely benign	May 29, 2024	criteria provided, multiple submitters, no conflicts							
NM_000038.6(APC):c.2413C>T (p.Arg805Ter)	APC	R805*, R787*, R679*, R714*, R746*, R777*, R823*, R522*, R704*, R780*, R645*, R764*, R815*	Hereditary cancer-predisposing syndrome|Classic or attenuated familial adenomatous polyposis|not provided|Familial multiple polyposis syndrome|Familial adenomatous polyposis 1|Desmoid disease, hereditary|Neoplasm	VCV000127281	5	112173704	5	112838007	127281	132738	rs587779783	NC_000005.10:112838006:C:T	single nucleotide variant	nonsense	Pathogenic	Jun 25, 2025	criteria provided, multiple submitters, no conflicts				Oncogenic	Mar 4, 2025	criteria provided, single submitter	
NM_000038.6(APC):c.2427T>C (p.Asn809=)	APC		Hereditary cancer-predisposing syndrome|Familial adenomatous polyposis 1	VCV001052745	5	112173718	5	112838021	1052745	1043120	rs1035293450	NC_000005.10:112838020:T:C	single nucleotide variant	synonymous variant	Benign/Likely benign	Jan 20, 2025	criteria provided, multiple submitters, no conflicts							
NM_000038.6(APC):c.2432C>G (p.Ser811Ter)	APC	S728*, S752*, S786*, S793*, S804*, S682*, S685*, S770*, S528*, S651*, S720*, S821*, S829*, S783*, S801*, S811*, S839*, S427*, S710*	Familial adenomatous polyposis 1	VCV002203685	5	112173723	5	112838026	2203685	1934975	rs2149869230	NC_000005.10:112838025:C:G	single nucleotide variant	nonsense	Pathogenic	Jun 7, 2022	criteria provided, single submitter							
NM_000038.6(APC):c.2433A>G (p.Ser811=)	APC		Hereditary cancer-predisposing syndrome|Familial adenomatous polyposis 1|not specified|not provided	VCV000229992	5	112173724	5	112838027	229992	233056	rs768177978	NC_000005.10:112838026:A:G	single nucleotide variant	synonymous variant	Benign/Likely benign	Nov 10, 2025	criteria provided, multiple submitters, no conflicts							
NM_000038.6(APC):c.2436C>T (p.Asp812=)	APC		Familial adenomatous polyposis 1|Hereditary cancer-predisposing syndrome	VCV003148741	5	112173727	5	112838030	3148741	3307989	rs1358289363	NC_000005.10:112838029:C:T	single nucleotide variant	synonymous variant|non-coding transcript variant	Benign/Likely benign	Feb 21, 2025	criteria provided, multiple submitters, no conflicts							
NM_000038.6(APC):c.2439T>C (p.Asn813=)	APC		Hereditary cancer-predisposing syndrome|Familial adenomatous polyposis 1	VCV000799288	5	112173730	5	112838033	799288	782078	rs1554084165	NC_000005.10:112838032:T:C	single nucleotide variant	synonymous variant	Benign/Likely benign	Aug 28, 2024	criteria provided, multiple submitters, no conflicts							
NM_000038.6(APC):c.2442T>C (p.Phe814=)	APC		Familial adenomatous polyposis 1|Hereditary cancer-predisposing syndrome	VCV003148797	5	112173733	5	112838036	3148797	3308045	rs587782495	NC_000005.10:112838035:T:C	single nucleotide variant	synonymous variant|non-coding transcript variant	Benign/Likely benign	Jun 14, 2024	criteria provided, multiple submitters, no conflicts							
NM_000038.6(APC):c.2445T>C (p.Asn815=)	APC		Familial adenomatous polyposis 1|Hereditary cancer-predisposing syndrome	VCV003148783	5	112173736	5	112838039	3148783	3308031	rs2149869638	NC_000005.10:112838038:T:C	single nucleotide variant	synonymous variant|non-coding transcript variant	Benign/Likely benign	Mar 7, 2026	criteria provided, multiple submitters, no conflicts							
NM_000038.6(APC):c.2448T>C (p.Thr816=)	APC		Familial adenomatous polyposis 1	VCV001541266	5	112173739	5	112838042	1541266	1661760	rs2149869717	NC_000005.10:112838041:T:C	single nucleotide variant	synonymous variant	Benign/Likely benign	Mar 12, 2024	criteria provided, multiple submitters, no conflicts							
NM_000038.6(APC):c.2451C>T (p.Gly817=)	APC		Familial adenomatous polyposis 1	VCV003148021	5	112173742	5	112838045	3148021	3307269	rs1169381951	NC_000005.10:112838044:C:T	single nucleotide variant	synonymous variant|non-coding transcript variant	Benign	Mar 12, 2024	criteria provided, single submitter							
NM_000038.6(APC):c.2454C>T (p.Asn818=)	APC		Hereditary cancer-predisposing syndrome|not provided|Familial adenomatous polyposis 1	VCV000518080	5	112173745	5	112838048	518080	500923	rs1554084178	NC_000005.10:112838047:C:T	single nucleotide variant	synonymous variant	Benign/Likely benign	Aug 11, 2025	criteria provided, multiple submitters, no conflicts							
NM_000038.6(APC):c.2463C>T (p.Val821=)	APC		not specified|Familial adenomatous polyposis 1|Classic or attenuated familial adenomatous polyposis|Hereditary cancer-predisposing syndrome	VCV000230739	5	112173754	5	112838057	230739	233057	rs876658738	NC_000005.10:112838056:C:T	single nucleotide variant	synonymous variant	Benign/Likely benign	Nov 6, 2025	criteria provided, multiple submitters, no conflicts							
NM_000038.6(APC):c.2468C>A (p.Ser823Ter)	APC	S439*, S540*, S663*, S694*, S697*, S722*, S732*, S740*, S764*, S782*, S795*, S798*, S805*, S813*, S816*, S823*, S833*, S841*, S851*	Familial adenomatous polyposis 1	VCV002583937	5	112173759	5	112838062	2583937	2751506	rs1580622630	NC_000005.10:112838061:C:A	single nucleotide variant	nonsense|non-coding transcript variant	Pathogenic	May 4, 2023	criteria provided, single submitter							
NM_000038.6(APC):c.2468C>G (p.Ser823Ter)	APC	S439*, S732*, S782*, S813*, S823*, S740*, S764*, S833*, S697*, S722*, S795*, S798*, S851*, S805*, S816*, S841*, S540*, S663*, S694*	Hereditary cancer-predisposing syndrome|not provided|Familial adenomatous polyposis 1	VCV001791715	5	112173759	5	112838062	1791715	1845148	rs1580622630	NC_000005.10:112838061:C:G	single nucleotide variant	nonsense	Pathogenic	Dec 29, 2025	criteria provided, multiple submitters, no conflicts							
NM_000038.6(APC):c.2469A>G (p.Ser823=)	APC		Hereditary cancer-predisposing syndrome|not provided|Familial adenomatous polyposis 1	VCV001791727	5	112173760	5	112838063	1791727	1845160	rs1765189659	NC_000005.10:112838062:A:G	single nucleotide variant	synonymous variant|non-coding transcript variant	Benign/Likely benign	Jan 26, 2025	criteria provided, multiple submitters, no conflicts							
NM_000038.6(APC):c.2469A>C (p.Ser823=)	APC		Hereditary cancer-predisposing syndrome|Familial adenomatous polyposis 1	VCV001120801	5	112173760	5	112838063	1120801	1115166	rs1765189659	NC_000005.10:112838062:A:C	single nucleotide variant	synonymous variant	Benign/Likely benign	Nov 11, 2025	criteria provided, multiple submitters, no conflicts							
NM_000038.6(APC):c.2472A>T (p.Pro824=)	APC		Classic or attenuated familial adenomatous polyposis|Hereditary cancer-predisposing syndrome|Familial adenomatous polyposis 1|not provided	VCV000482458	5	112173763	5	112838066	482458	473681	rs746965994	NC_000005.10:112838065:A:T	single nucleotide variant	synonymous variant	Benign/Likely benign	Dec 8, 2025	criteria provided, multiple submitters, no conflicts							
NM_000038.6(APC):c.2472A>G (p.Pro824=)	APC		Hereditary cancer-predisposing syndrome|Familial adenomatous polyposis 1|not provided	VCV000469748	5	112173763	5	112838066	469748	454107	rs746965994	NC_000005.10:112838065:A:G	single nucleotide variant	synonymous variant	Benign/Likely benign	Nov 3, 2025	criteria provided, multiple submitters, no conflicts							
NM_000038.6(APC):c.2475T>G (p.Tyr825Ter)	APC	Y542*, Y665*, Y734*, Y784*, Y825*, Y699*, Y800*, Y807*, Y835*, Y843*, Y724*, Y766*, Y797*	Familial adenomatous polyposis 1	VCV000840815	5	112173766	5	112838069	840815	829656	rs1554084195	NC_000005.10:112838068:T:G	single nucleotide variant	nonsense	Pathogenic	Jan 13, 2019	criteria provided, single submitter							
NM_000038.6(APC):c.2475T>C (p.Tyr825=)	APC		Familial adenomatous polyposis 1|Hereditary cancer-predisposing syndrome	VCV000490245	5	112173766	5	112838069	490245	483927	rs1554084195	NC_000005.10:112838068:T:C	single nucleotide variant	synonymous variant	Benign/Likely benign	Nov 21, 2025	criteria provided, multiple submitters, no conflicts							
NM_000038.6(APC):c.2476T>C (p.Leu826=)	APC		Familial adenomatous polyposis 1|Hereditary cancer-predisposing syndrome	VCV002452730	5	112173767	5	112838070	2452730	2433712	rs145245264	NC_000005.10:112838069:T:C	single nucleotide variant	synonymous variant|non-coding transcript variant	Benign/Likely benign	Apr 25, 2024	criteria provided, multiple submitters, no conflicts							
NM_000038.6(APC):c.2476T>G (p.Leu826Val)	APC	L808V, L826V, L735V, L725V, L767V, L798V, L801V, L836V, L543V, L666V, L700V, L785V, L844V	Familial adenomatous polyposis 1	VCV000142010	5	112173767	5	112838070	142010	151724	rs145245264	NC_000005.10:112838069:T:G	single nucleotide variant	missense variant	Benign	Feb 25, 2023	reviewed by expert panel							
NM_000038.6(APC):c.2478G>A (p.Leu826=)	APC		Familial adenomatous polyposis 1	VCV002199732	5	112173769	5	112838072	2199732	1924578	rs1765191275	NC_000005.10:112838071:G:A	single nucleotide variant	synonymous variant|non-coding transcript variant	Benign/Likely benign	Jul 22, 2025	criteria provided, multiple submitters, no conflicts							
NM_000038.6(APC):c.2481T>C (p.Asn827=)	APC		Hereditary cancer-predisposing syndrome|Familial adenomatous polyposis 1|APC-Associated Polyposis Disorders	VCV000469749	5	112173772	5	112838075	469749	454355	rs749477816	NC_000005.10:112838074:T:C	single nucleotide variant	synonymous variant	Benign/Likely benign	Nov 3, 2025	criteria provided, multiple submitters, no conflicts							
NM_000038.6(APC):c.2487A>C (p.Thr829=)	APC		Familial adenomatous polyposis 1	VCV003148069	5	112173778	5	112838081	3148069	3307317	rs774460348	NC_000005.10:112838080:A:C	single nucleotide variant	synonymous variant|non-coding transcript variant	Benign	Mar 14, 2024	criteria provided, single submitter							
NM_000038.6(APC):c.2487A>G (p.Thr829=)	APC		Hereditary cancer-predisposing syndrome|Familial adenomatous polyposis 1	VCV001791997	5	112173778	5	112838081	1791997	1845430	rs774460348	NC_000005.10:112838080:A:G	single nucleotide variant	synonymous variant|non-coding transcript variant	Benign/Likely benign	Oct 16, 2025	criteria provided, multiple submitters, no conflicts							
NM_000038.6(APC):c.2493A>G (p.Leu831=)	APC		Hereditary cancer-predisposing syndrome|Familial adenomatous polyposis 1	VCV001792097	5	112173784	5	112838087	1792097	1845529	rs2149870884	NC_000005.10:112838086:A:G	single nucleotide variant	synonymous variant|non-coding transcript variant	Benign/Likely benign	Mar 14, 2024	criteria provided, multiple submitters, no conflicts							
NM_000038.6(APC):c.2496C>G (p.Pro832=)	APC		Familial adenomatous polyposis 1	VCV003148471	5	112173787	5	112838090	3148471	3307719	rs2149870996	NC_000005.10:112838089:C:G	single nucleotide variant	synonymous variant|non-coding transcript variant	Benign	Mar 14, 2024	criteria provided, single submitter							
NM_000038.6(APC):c.2496C>T (p.Pro832=)	APC		Familial adenomatous polyposis 1	VCV003148046	5	112173787	5	112838090	3148046	3307294	rs2149870996	NC_000005.10:112838089:C:T	single nucleotide variant	synonymous variant|non-coding transcript variant	Benign/Likely benign	Apr 13, 2025	criteria provided, multiple submitters, no conflicts							
NM_000038.6(APC):c.2502C>T (p.Ser834=)	APC		Familial adenomatous polyposis 1|Hereditary cancer-predisposing syndrome	VCV003148072	5	112173793	5	112838096	3148072	3307320	rs1326266013	NC_000005.10:112838095:C:T	single nucleotide variant	synonymous variant|non-coding transcript variant	Benign/Likely benign	Mar 14, 2024	criteria provided, multiple submitters, no conflicts							
NM_000038.6(APC):c.2505T>C (p.Ser835=)	APC		Familial adenomatous polyposis 1	VCV001092110	5	112173796	5	112838099	1092110	1072023	rs905866396	NC_000005.10:112838098:T:C	single nucleotide variant	synonymous variant	Benign/Likely benign	Mar 14, 2024	criteria provided, multiple submitters, no conflicts							
NM_000038.6(APC):c.2507C>G (p.Ser836Ter)	APC	S452*, S553*, S676*, S707*, S710*, S735*, S745*, S753*, S777*, S795*, S808*, S811*, S818*, S826*, S829*, S836*, S846*, S854*, S864*	Familial adenomatous polyposis 1	VCV002583262	5	112173798	5	112838101	2583262	2750833	rs1580623270	NC_000005.10:112838100:C:G	single nucleotide variant	nonsense|non-coding transcript variant	Pathogenic	May 4, 2023	criteria provided, single submitter							
NM_000038.6(APC):c.2507C>A (p.Ser836Ter)	APC	S553*, S676*, S710*, S735*, S745*, S777*, S795*, S808*, S811*, S818*, S836*, S846*, S854*	Hereditary cancer-predisposing syndrome|Familial adenomatous polyposis 1	VCV001072880	5	112173798	5	112838101	1072880	1060133	rs1580623270	NC_000005.10:112838100:C:A	single nucleotide variant	nonsense	Pathogenic	May 4, 2023	criteria provided, multiple submitters, no conflicts							
NM_000038.6(APC):c.2508A>T (p.Ser836=)	APC		Familial adenomatous polyposis 1	VCV003148176	5	112173799	5	112838102	3148176	3307424	rs1580623312	NC_000005.10:112838101:A:T	single nucleotide variant	synonymous variant|non-coding transcript variant	Benign	Mar 14, 2024	criteria provided, single submitter							
NM_000038.6(APC):c.2508A>C (p.Ser836=)	APC		Hereditary cancer-predisposing syndrome|Familial adenomatous polyposis 1|Classic or attenuated familial adenomatous polyposis	VCV000793947	5	112173799	5	112838102	793947	782080	rs1580623312	NC_000005.10:112838101:A:C	single nucleotide variant	synonymous variant	Benign/Likely benign	Jun 8, 2025	criteria provided, multiple submitters, no conflicts							
NM_000038.6(APC):c.2510C>G (p.Ser837Ter)	APC	S819*, S837*, S711*, S736*, S677*, S778*, S812*, S847*, S554*, S746*, S809*, S796*, S855*	Familial adenomatous polyposis 1|Hereditary cancer-predisposing syndrome	VCV000082631	5	112173801	5	112838104	82631	93522	rs79512956	NC_000005.10:112838103:C:G	single nucleotide variant	nonsense	Pathogenic	Dec 28, 2023	criteria provided, multiple submitters, no conflicts							
NM_000038.6(APC):c.2511A>C (p.Ser837=)	APC		Hereditary cancer-predisposing syndrome|Familial adenomatous polyposis 1	VCV001500672	5	112173802	5	112838105	1500672	1501595	rs79909810	NC_000005.10:112838104:A:C	single nucleotide variant	synonymous variant	Benign/Likely benign	Mar 14, 2024	criteria provided, multiple submitters, no conflicts							
NM_000038.6(APC):c.2520C>T (p.Ser840=)	APC		not provided|Hereditary cancer-predisposing syndrome|Familial adenomatous polyposis 1	VCV000487007	5	112173811	5	112838114	487007	473705	rs1460612068	NC_000005.10:112838113:C:T	single nucleotide variant	synonymous variant	Benign/Likely benign	Jul 7, 2025	criteria provided, multiple submitters, no conflicts							
NM_000038.6(APC):c.2522T>G (p.Leu841Ter)	APC	L457*, L715*, L740*, L800*, L816*, L823*, L681*, L869*, L712*, L750*, L758*, L782*, L831*, L859*, L558*, L813*, L834*, L841*, L851*	Classic or attenuated familial adenomatous polyposis|Familial adenomatous polyposis 1	VCV002203686	5	112173813	5	112838116	2203686	1934976	rs2149871600	NC_000005.10:112838115:T:G	single nucleotide variant	nonsense	Pathogenic	Aug 23, 2024	criteria provided, multiple submitters, no conflicts							
NM_000038.6(APC):c.2523A>G (p.Leu841=)	APC		Familial adenomatous polyposis 1	VCV002085051	5	112173814	5	112838117	2085051	2140394	rs1554084238	NC_000005.10:112838116:A:G	single nucleotide variant	synonymous variant|non-coding transcript variant	Benign/Likely benign	Nov 10, 2025	criteria provided, multiple submitters, no conflicts							
NM_000038.6(APC):c.2538T>C (p.Ser846=)	APC		Familial adenomatous polyposis 1|Hereditary cancer-predisposing syndrome	VCV003148109	5	112173829	5	112838132	3148109	3307357	rs759201675	NC_000005.10:112838131:T:C	single nucleotide variant	synonymous variant|non-coding transcript variant	Benign/Likely benign	Mar 15, 2024	criteria provided, multiple submitters, no conflicts							
NM_000038.6(APC):c.2538T>A (p.Ser846=)	APC		Familial adenomatous polyposis 1|Hereditary cancer-predisposing syndrome	VCV000469752	5	112173829	5	112838132	469752	454693	rs759201675	NC_000005.10:112838131:T:A	single nucleotide variant	synonymous variant	Benign/Likely benign	Sep 3, 2025	criteria provided, multiple submitters, no conflicts							
NM_000038.6(APC):c.2541A>G (p.Glu847=)	APC		Hereditary cancer-predisposing syndrome|Familial adenomatous polyposis 1	VCV001792824	5	112173832	5	112838135	1792824	1851873	rs2149872002	NC_000005.10:112838134:A:G	single nucleotide variant	synonymous variant|non-coding transcript variant	Benign/Likely benign	Mar 14, 2024	criteria provided, multiple submitters, no conflicts							
NM_000038.6(APC):c.2544A>G (p.Lys848=)	APC		Classic or attenuated familial adenomatous polyposis|Hereditary cancer-predisposing syndrome|Familial adenomatous polyposis 1	VCV000576096	5	112173835	5	112838138	576096	562393	rs764867930	NC_000005.10:112838137:A:G	single nucleotide variant	synonymous variant	Benign/Likely benign	Dec 3, 2025	criteria provided, multiple submitters, no conflicts							
NM_000038.6(APC):c.2548A>C (p.Arg850=)	APC		Familial adenomatous polyposis 1|Hereditary cancer-predisposing syndrome	VCV000821470	5	112173839	5	112838142	821470	807950	rs1176934059	NC_000005.10:112838141:A:C	single nucleotide variant	synonymous variant	Benign/Likely benign	Jun 11, 2024	criteria provided, multiple submitters, no conflicts							
NM_000038.6(APC):c.2555T>A (p.Leu852Ter)	APC	L569*, L692*, L726*, L751*, L761*, L793*, L811*, L824*, L827*, L834*, L852*, L862*, L870*	Hereditary cancer-predisposing syndrome|not provided|Familial adenomatous polyposis 1	VCV000988522	5	112173846	5	112838149	988522	976267	rs1405022793	NC_000005.10:112838148:T:A	single nucleotide variant	nonsense	Pathogenic	Dec 17, 2024	criteria provided, multiple submitters, no conflicts							
NM_000038.6(APC):c.2556G>A (p.Leu852=)	APC		Hereditary cancer-predisposing syndrome|Familial adenomatous polyposis 1	VCV000759469	5	112173847	5	112838150	759469	764695	rs1580623889	NC_000005.10:112838149:G:A	single nucleotide variant	synonymous variant	Benign/Likely benign	Nov 5, 2025	criteria provided, multiple submitters, no conflicts							
NM_000038.6(APC):c.2557G>T (p.Glu853Ter)	APC	E570*, E693*, E727*, E752*, E762*, E794*, E812*, E825*, E828*, E835*, E853*, E863*, E871*	Familial adenomatous polyposis 1	VCV001071632	5	112173848	5	112838151	1071632	1060134	rs876659738	NC_000005.10:112838150:G:T	single nucleotide variant	nonsense	Pathogenic	Apr 1, 2020	criteria provided, single submitter							
NM_000038.6(APC):c.2562A>G (p.Arg854=)	APC		Hereditary cancer-predisposing syndrome|Familial adenomatous polyposis 1	VCV000924333	5	112173853	5	112838156	924333	909894	rs1765211338	NC_000005.10:112838155:A:G	single nucleotide variant	synonymous variant	Benign/Likely benign	Mar 14, 2024	criteria provided, multiple submitters, no conflicts							
NM_000038.6(APC):c.2563G>T (p.Glu855Ter)	APC	E471*, E572*, E695*, E726*, E729*, E754*, E764*, E772*, E796*, E814*, E827*, E830*, E837*, E845*, E848*, E855*, E865*, E873*, E883*	Familial adenomatous polyposis 1|not provided	VCV002583945	5	112173854	5	112838157	2583945	2751514	rs1320581229	NC_000005.10:112838156:G:T	single nucleotide variant	nonsense|non-coding transcript variant	Pathogenic	Feb 5, 2024	criteria provided, multiple submitters, no conflicts							
NM_000038.6(APC):c.2565A>G (p.Glu855=)	APC		Hereditary cancer-predisposing syndrome|Familial adenomatous polyposis 1	VCV001078511	5	112173856	5	112838159	1078511	1072024	rs763603183	NC_000005.10:112838158:A:G	single nucleotide variant	synonymous variant	Benign/Likely benign	Mar 14, 2024	criteria provided, multiple submitters, no conflicts							
NM_000038.6(APC):c.2568C>A (p.Arg856=)	APC		Hereditary cancer-predisposing syndrome|Familial adenomatous polyposis 1	VCV001136764	5	112173859	5	112838162	1136764	1115167	rs751433216	NC_000005.10:112838161:C:A	single nucleotide variant	synonymous variant	Benign/Likely benign	Mar 14, 2024	criteria provided, multiple submitters, no conflicts							
NM_000038.6(APC):c.2568C>T (p.Arg856=)	APC		Classic or attenuated familial adenomatous polyposis|Hereditary cancer-predisposing syndrome|not specified|not provided|Familial adenomatous polyposis 1	VCV000236576	5	112173859	5	112838162	236576	239552	rs751433216	NC_000005.10:112838161:C:T	single nucleotide variant	synonymous variant	Benign/Likely benign	Feb 3, 2026	criteria provided, multiple submitters, no conflicts							
NM_000038.6(APC):c.2569G>T (p.Gly857Ter)	APC	G473*, G697*, G728*, G731*, G756*, G774*, G857*, G832*, G850*, G766*, G816*, G867*, G885*, G574*, G798*, G829*, G839*, G847*, G875*	Familial adenomatous polyposis 1	VCV003727564	5	112173860	5	112838163	3727564	3858187		NC_000005.10:112838162:G:T	single nucleotide variant	nonsense|non-coding transcript variant	Pathogenic	Dec 18, 2024	criteria provided, single submitter							
NM_000038.6(APC):c.2571A>G (p.Gly857=)	APC		Hereditary cancer-predisposing syndrome|Familial adenomatous polyposis 1	VCV000628966	5	112173862	5	112838165	628966	617094	rs1561578068	NC_000005.10:112838164:A:G	single nucleotide variant	synonymous variant	Benign/Likely benign	May 15, 2025	criteria provided, multiple submitters, no conflicts							
NM_000038.6(APC):c.2577T>C (p.Gly859=)	APC		Hereditary cancer-predisposing syndrome|Familial adenomatous polyposis 1	VCV000629424	5	112173868	5	112838171	629424	617095	rs1561578087	NC_000005.10:112838170:T:C	single nucleotide variant	synonymous variant	Benign/Likely benign	Jul 30, 2025	criteria provided, multiple submitters, no conflicts							
NM_000038.6(APC):c.2578C>T (p.Leu860=)	APC		Hereditary cancer-predisposing syndrome|Familial adenomatous polyposis 1	VCV001561716	5	112173869	5	112838172	1561716	1608255	rs1422929581	NC_000005.10:112838171:C:T	single nucleotide variant	synonymous variant	Benign/Likely benign	Mar 14, 2024	criteria provided, multiple submitters, no conflicts							
NM_000038.6(APC):c.2580A>G (p.Leu860=)	APC		Hereditary cancer-predisposing syndrome|Familial adenomatous polyposis 1	VCV001653378	5	112173871	5	112838174	1653378	1547951	rs2149872897	NC_000005.10:112838173:A:G	single nucleotide variant	synonymous variant	Benign/Likely benign	Nov 15, 2025	criteria provided, multiple submitters, no conflicts							
NM_000038.6(APC):c.2583C>T (p.Gly861=)	APC		Hereditary cancer-predisposing syndrome|Familial adenomatous polyposis 1	VCV000919960	5	112173874	5	112838177	919960	909896	rs1580624343	NC_000005.10:112838176:C:T	single nucleotide variant	synonymous variant	Benign/Likely benign	Mar 14, 2024	criteria provided, multiple submitters, no conflicts							
NM_000038.6(APC):c.2583C>A (p.Gly861=)	APC		Hereditary cancer-predisposing syndrome|Familial adenomatous polyposis 1	VCV000755226	5	112173874	5	112838177	755226	764696	rs1580624343	NC_000005.10:112838176:C:A	single nucleotide variant	synonymous variant	Benign/Likely benign	May 18, 2025	criteria provided, multiple submitters, no conflicts							
NM_000038.6(APC):c.2586C>T (p.Asn862=)	APC		Familial adenomatous polyposis 1|Hereditary cancer-predisposing syndrome	VCV001131881	5	112173877	5	112838180	1131881	1115168	rs147972247	NC_000005.10:112838179:C:T	single nucleotide variant	synonymous variant	Benign/Likely benign	Jul 14, 2025	criteria provided, multiple submitters, no conflicts							
NM_000038.6(APC):c.2586C>G (p.Asn862Lys)	APC	N844K, N862K, N736K, N821K, N872K, N579K, N761K, N771K, N702K, N803K, N880K, N834K, N837K	APC-Associated Polyposis Disorders|Classic or attenuated familial adenomatous polyposis|not specified|Hereditary cancer-predisposing syndrome|not provided|Familial adenomatous polyposis 1	VCV000133517	5	112173877	5	112838180	133517	137256	rs147972247	NC_000005.10:112838179:C:G	single nucleotide variant	missense variant	Benign/Likely benign	Feb 1, 2026	criteria provided, multiple submitters, no conflicts							
NM_000038.6(APC):c.2589C>A (p.Tyr863Ter)	APC	Y845*, Y863*, Y580*, Y737*, Y772*, Y804*, Y835*, Y838*, Y881*, Y703*, Y762*, Y822*, Y873*	not provided|Familial adenomatous polyposis 1	VCV000618529	5	112173880	5	112838183	618529	609564	rs1561578229	NC_000005.10:112838182:C:A	single nucleotide variant	nonsense	Pathogenic	Feb 29, 2020	criteria provided, multiple submitters, no conflicts							
NM_000038.6(APC):c.2601A>G (p.Thr867=)	APC		Familial adenomatous polyposis 1	VCV003148096	5	112173892	5	112838195	3148096	3307344	rs2149873392	NC_000005.10:112838194:A:G	single nucleotide variant	synonymous variant|non-coding transcript variant	Benign	Mar 14, 2024	criteria provided, single submitter							
NM_000038.6(APC):c.2608C>T (p.Pro870Ser)	APC	P870S, P852S, P710S, P744S, P769S, P811S, P880S, P587S, P845S, P829S, P842S, P779S, P888S	APC-Associated Polyposis Disorders|Hereditary cancer-predisposing syndrome|not specified|not provided|Familial multiple polyposis syndrome|Familial adenomatous polyposis 1	VCV000041500	5	112173899	5	112838202	41500	49939	rs33974176	NC_000005.10:112838201:C:T	single nucleotide variant	missense variant	Benign/Likely benign	Apr 1, 2026	criteria provided, multiple submitters, no conflicts							
NM_000038.6(APC):c.2613A>C (p.Gly871=)	APC		Hereditary cancer-predisposing syndrome|not specified|not provided|Familial adenomatous polyposis 1|Classic or attenuated familial adenomatous polyposis	VCV000215556	5	112173904	5	112838207	215556	212413	rs36046448	NC_000005.10:112838206:A:C	single nucleotide variant	synonymous variant	Benign/Likely benign	Jan 20, 2026	criteria provided, multiple submitters, no conflicts							
NM_000038.6(APC):c.2621C>G (p.Ser874Ter)	APC	S856*, S874*, S815*, S833*, S884*, S591*, S773*, S783*, S714*, S748*, S846*, S849*, S892*	Familial adenomatous polyposis 1|not provided	VCV000469762	5	112173912	5	112838215	469762	454700	rs1554084318	NC_000005.10:112838214:C:G	single nucleotide variant	nonsense	Pathogenic	May 4, 2023	criteria provided, multiple submitters, no conflicts							
NM_000038.6(APC):c.2622A>G (p.Ser874=)	APC		Hereditary cancer-predisposing syndrome|Familial adenomatous polyposis 1	VCV001793962	5	112173913	5	112838216	1793962	1842242	rs1765225650	NC_000005.10:112838215:A:G	single nucleotide variant	synonymous variant|non-coding transcript variant	Benign/Likely benign	Nov 11, 2024	criteria provided, multiple submitters, no conflicts							
NM_000038.6(APC):c.2623A>T (p.Lys875Ter)	APC	K491*, K592*, K715*, K746*, K749*, K774*, K784*, K792*, K816*, K834*, K847*, K850*, K857*, K865*, K868*, K875*, K885*, K893*, K903*	Familial adenomatous polyposis 1	VCV002583992	5	112173914	5	112838217	2583992	2751561	rs1580624931	NC_000005.10:112838216:A:T	single nucleotide variant	nonsense|non-coding transcript variant	Pathogenic	May 4, 2023	criteria provided, single submitter							
NM_000038.6(APC):c.2625G>A (p.Lys875=)	APC		Hereditary cancer-predisposing syndrome|Familial adenomatous polyposis 1	VCV003000105	5	112173916	5	112838219	3000105	3160401	rs2149873941	NC_000005.10:112838218:G:A	single nucleotide variant	synonymous variant|non-coding transcript variant	Benign/Likely benign	Jul 30, 2024	criteria provided, multiple submitters, no conflicts							
NM_000038.6(APC):c.2626C>A (p.Arg876=)	APC		Hereditary cancer-predisposing syndrome|Familial adenomatous polyposis 1|Classic or attenuated familial adenomatous polyposis	VCV000469763	5	112173917	5	112838220	469763	454702	rs121913333	NC_000005.10:112838219:C:A	single nucleotide variant	synonymous variant	Benign/Likely benign	Dec 2, 2025	criteria provided, multiple submitters, no conflicts							
NM_000038.6(APC):c.2626C>T (p.Arg876Ter)	APC	R858*, R876*, R785*, R894*, R593*, R775*, R848*, R886*, R835*, R716*, R750*, R817*, R851*	Hereditary cancer-predisposing syndrome|not provided|not specified|Familial multiple polyposis syndrome|Familial adenomatous polyposis 1|Neoplasm	VCV000216014	5	112173917	5	112838220	216014	212414	rs121913333	NC_000005.10:112838219:C:T	single nucleotide variant	nonsense	Pathogenic	Dec 10, 2025	criteria provided, multiple submitters, no conflicts				Oncogenic	Dec 29, 2025	criteria provided, single submitter	
NM_000038.6(APC):c.2631T>A (p.Gly877=)	APC		Hereditary cancer-predisposing syndrome|Classic or attenuated familial adenomatous polyposis|not provided|Familial adenomatous polyposis 1|not specified	VCV000184116	5	112173922	5	112838225	184116	182365	rs762629631	NC_000005.10:112838224:T:A	single nucleotide variant	synonymous variant	Benign/Likely benign	Feb 3, 2026	criteria provided, multiple submitters, no conflicts							
NM_000038.6(APC):c.2632T>C (p.Leu878=)	APC		Familial adenomatous polyposis 1|Classic or attenuated familial adenomatous polyposis|Hereditary cancer-predisposing syndrome	VCV000490246	5	112173923	5	112838226	490246	483931	rs1476958808	NC_000005.10:112838225:T:C	single nucleotide variant	synonymous variant	Benign/Likely benign	Sep 14, 2025	criteria provided, multiple submitters, no conflicts							
NM_000038.6(APC):c.2634G>A (p.Leu878=)	APC		Familial adenomatous polyposis 1|Hereditary cancer-predisposing syndrome	VCV000749144	5	112173925	5	112838228	749144	749130	rs1160075832	NC_000005.10:112838227:G:A	single nucleotide variant	synonymous variant	Benign/Likely benign	Dec 12, 2025	criteria provided, multiple submitters, no conflicts							
NM_000038.6(APC):c.2635C>T (p.Gln879Ter)	APC	Q861*, Q879*, Q778*, Q838*, Q788*, Q889*, Q897*, Q753*, Q820*, Q851*, Q854*, Q596*, Q719*	Hereditary cancer-predisposing syndrome|Familial adenomatous polyposis 1	VCV000411399	5	112173926	5	112838229	411399	394478	rs1060503287	NC_000005.10:112838228:C:T	single nucleotide variant	nonsense	Pathogenic	Nov 24, 2025	criteria provided, multiple submitters, no conflicts							
NM_000038.6(APC):c.2637G>A (p.Gln879=)	APC		Familial adenomatous polyposis 1|Hereditary cancer-predisposing syndrome	VCV001560594	5	112173928	5	112838231	1560594	1576085	rs763546422	NC_000005.10:112838230:G:A	single nucleotide variant	synonymous variant	Benign/Likely benign	Jun 30, 2025	criteria provided, multiple submitters, no conflicts							
NM_000038.6(APC):c.2640C>A (p.Ile880=)	APC		Hereditary cancer-predisposing syndrome|Familial adenomatous polyposis 1|not specified	VCV000515751	5	112173931	5	112838234	515751	500924	rs200184105	NC_000005.10:112838233:C:A	single nucleotide variant	synonymous variant	Benign/Likely benign	Nov 20, 2025	criteria provided, multiple submitters, no conflicts							
NM_000038.6(APC):c.2640C>T (p.Ile880=)	APC		Familial adenomatous polyposis 1|Hereditary cancer-predisposing syndrome|not specified|not provided	VCV000135693	5	112173931	5	112838234	135693	139405	rs200184105	NC_000005.10:112838233:C:T	single nucleotide variant	synonymous variant	Benign/Likely benign	Feb 4, 2026	criteria provided, multiple submitters, no conflicts							
NM_000038.6(APC):c.2643C>A (p.Ser881=)	APC		Hereditary cancer-predisposing syndrome|Familial adenomatous polyposis 1	VCV001794215	5	112173934	5	112838237	1794215	1842495	rs2149874351	NC_000005.10:112838236:C:A	single nucleotide variant	synonymous variant|non-coding transcript variant	Benign/Likely benign	Aug 7, 2025	criteria provided, multiple submitters, no conflicts							
NM_000038.6(APC):c.2649T>C (p.Thr883=)	APC		Familial adenomatous polyposis 1	VCV003148760	5	112173940	5	112838243	3148760	3308008	rs2149874479	NC_000005.10:112838242:T:C	single nucleotide variant	synonymous variant|non-coding transcript variant	Benign	Mar 15, 2024	criteria provided, single submitter							
NM_000038.6(APC):c.2652A>T (p.Ala884=)	APC		Hereditary cancer-predisposing syndrome|Familial adenomatous polyposis 1	VCV001794338	5	112173943	5	112838246	1794338	1852084	rs1554084343	NC_000005.10:112838245:A:T	single nucleotide variant	synonymous variant|non-coding transcript variant	Benign/Likely benign	May 22, 2024	criteria provided, multiple submitters, no conflicts							
NM_000038.6(APC):c.2652A>C (p.Ala884=)	APC		Familial adenomatous polyposis 1|Hereditary cancer-predisposing syndrome|Classic or attenuated familial adenomatous polyposis	VCV000490247	5	112173943	5	112838246	490247	483796	rs1554084343	NC_000005.10:112838245:A:C	single nucleotide variant	synonymous variant	Benign/Likely benign	Apr 9, 2024	criteria provided, multiple submitters, no conflicts							
NM_000038.6(APC):c.2655C>T (p.Ala885=)	APC		Familial adenomatous polyposis 1|Hereditary cancer-predisposing syndrome|Classic or attenuated familial adenomatous polyposis|not specified|not provided	VCV000490248	5	112173946	5	112838249	490248	483890	rs1554084348	NC_000005.10:112838248:C:T	single nucleotide variant	synonymous variant	Benign/Likely benign	Mar 5, 2025	criteria provided, multiple submitters, no conflicts							
NM_000038.6(APC):c.2656C>T (p.Gln886Ter)	APC	Q868*, Q886*, Q603*, Q845*, Q858*, Q861*, Q726*, Q785*, Q795*, Q896*, Q904*, Q760*, Q827*	Hereditary cancer-predisposing syndrome|Familial adenomatous polyposis 1	VCV000486755	5	112173947	5	112838250	486755	473713	rs755806668	NC_000005.10:112838249:C:T	single nucleotide variant	nonsense	Pathogenic	Apr 15, 2023	criteria provided, multiple submitters, no conflicts							
NM_000038.6(APC):c.2658G>A (p.Gln886=)	APC		Hereditary cancer-predisposing syndrome|Familial adenomatous polyposis 1	VCV000482306	5	112173949	5	112838252	482306	473974	rs587780593	NC_000005.10:112838251:G:A	single nucleotide variant	synonymous variant	Benign/Likely benign	Jun 24, 2025	criteria provided, multiple submitters, no conflicts							
NM_000038.6(APC):c.2661T>C (p.Ile887=)	APC		Familial adenomatous polyposis 1	VCV003148744	5	112173952	5	112838255	3148744	3307992	rs2533440124	NC_000005.10:112838254:T:C	single nucleotide variant	synonymous variant|non-coding transcript variant	Benign	Mar 15, 2024	criteria provided, single submitter							
NM_000038.6(APC):c.2664C>A (p.Ala888=)	APC		Hereditary cancer-predisposing syndrome|Classic or attenuated familial adenomatous polyposis|Familial adenomatous polyposis 1	VCV000925158	5	112173955	5	112838258	925158	909902	rs939537800	NC_000005.10:112838257:C:A	single nucleotide variant	synonymous variant	Benign/Likely benign	May 30, 2024	criteria provided, multiple submitters, no conflicts							
NM_000038.6(APC):c.2674G>T (p.Glu892Ter)	APC	E874*, E892*, E801*, E864*, E867*, E902*, E766*, E791*, E609*, E732*, E833*, E851*, E910*	not provided|Familial adenomatous polyposis 1	VCV000577670	5	112173965	5	112838268	577670	562395	rs1561578889	NC_000005.10:112838267:G:T	single nucleotide variant	nonsense	Pathogenic	Oct 19, 2023	criteria provided, multiple submitters, no conflicts							
NM_000038.6(APC):c.2676A>G (p.Glu892=)	APC		Familial adenomatous polyposis 1|Hereditary cancer-predisposing syndrome	VCV000821659	5	112173967	5	112838270	821659	807959	rs1580625658	NC_000005.10:112838269:A:G	single nucleotide variant	synonymous variant	Benign/Likely benign	Dec 28, 2025	criteria provided, multiple submitters, no conflicts							
NM_000038.6(APC):c.2677G>T (p.Glu893Ter)	APC	E875*, E893*, E834*, E868*, E802*, E865*, E733*, E767*, E911*, E610*, E792*, E852*, E903*	Hereditary cancer-predisposing syndrome|not provided|Familial adenomatous polyposis 1	VCV000419997	5	112173968	5	112838271	419997	406522	rs199740875	NC_000005.10:112838270:G:T	single nucleotide variant	nonsense	Pathogenic/Likely pathogenic	May 5, 2023	criteria provided, multiple submitters, no conflicts							
NM_000038.6(APC):c.2684C>G (p.Ser895Ter)	APC	S612*, S735*, S769*, S794*, S804*, S836*, S854*, S867*, S870*, S877*, S895*, S905*, S913*	Hereditary cancer-predisposing syndrome|Familial adenomatous polyposis 1	VCV001210113	5	112173975	5	112838278	1210113	1200113	rs2149875189	NC_000005.10:112838277:C:G	single nucleotide variant	nonsense	Pathogenic/Likely pathogenic	Mar 9, 2026	criteria provided, multiple submitters, no conflicts							
NM_000038.6(APC):c.2685A>G (p.Ser895=)	APC		Hereditary cancer-predisposing syndrome|Familial adenomatous polyposis 1	VCV001146714	5	112173976	5	112838279	1146714	1136109	rs1554084377	NC_000005.10:112838278:A:G	single nucleotide variant	synonymous variant	Benign/Likely benign	Sep 27, 2025	criteria provided, multiple submitters, no conflicts							
NM_000038.6(APC):c.2685A>C (p.Ser895=)	APC		Familial adenomatous polyposis 1|Hereditary cancer-predisposing syndrome	VCV000490250	5	112173976	5	112838279	490250	483934	rs1554084377	NC_000005.10:112838278:A:C	single nucleotide variant	synonymous variant	Benign/Likely benign	Apr 3, 2024	criteria provided, multiple submitters, no conflicts							
NM_000038.6(APC):c.2697C>T (p.Thr899=)	APC		Familial adenomatous polyposis 1|Classic or attenuated familial adenomatous polyposis|not specified|Hereditary cancer-predisposing syndrome	VCV000485107	5	112173988	5	112838291	485107	473714	rs1183756347	NC_000005.10:112838290:C:T	single nucleotide variant	synonymous variant	Benign/Likely benign	Apr 4, 2025	criteria provided, multiple submitters, no conflicts							
NM_000038.6(APC):c.2700T>C (p.Ser900=)	APC		Familial adenomatous polyposis 1	VCV000469767	5	112173991	5	112838294	469767	454704	rs1554084399	NC_000005.10:112838293:T:C	single nucleotide variant	synonymous variant	Benign/Likely benign	Mar 15, 2024	criteria provided, multiple submitters, no conflicts							
NM_000038.6(APC):c.2701C>T (p.Gln901Ter)	APC	Q883*, Q901*, Q873*, Q911*, Q775*, Q810*, Q842*, Q860*, Q618*, Q741*, Q800*, Q876*, Q919*	Familial adenomatous polyposis 1|Hereditary cancer-predisposing syndrome	VCV000428111	5	112173992	5	112838295	428111	419629	rs1114167559	NC_000005.10:112838294:C:T	single nucleotide variant	nonsense	Pathogenic	May 5, 2023	criteria provided, multiple submitters, no conflicts							
NM_000038.6(APC):c.2703G>A (p.Gln901=)	APC		Familial adenomatous polyposis 1	VCV003148266	5	112173994	5	112838297	3148266	3307514	rs2149875632	NC_000005.10:112838296:G:A	single nucleotide variant	synonymous variant|non-coding transcript variant	Benign/Likely benign	Dec 21, 2025	criteria provided, multiple submitters, no conflicts							
NM_000038.6(APC):c.2715T>C (p.Ser905=)	APC		Familial adenomatous polyposis 1	VCV003148013	5	112174006	5	112838309	3148013	3307261	rs2149875887	NC_000005.10:112838308:T:C	single nucleotide variant	synonymous variant|non-coding transcript variant	Benign	Mar 15, 2024	criteria provided, single submitter							
NM_000038.6(APC):c.2718T>C (p.Ser906=)	APC		Familial adenomatous polyposis 1	VCV001083244	5	112174009	5	112838312	1083244	1072025	rs2149875934	NC_000005.10:112838311:T:C	single nucleotide variant	synonymous variant	Benign/Likely benign	May 20, 2024	criteria provided, multiple submitters, no conflicts							
NM_000038.6(APC):c.2721G>A (p.Gly907=)	APC		Familial adenomatous polyposis 1	VCV003148208	5	112174012	5	112838315	3148208	3307456	rs2149875988	NC_000005.10:112838314:G:A	single nucleotide variant	synonymous variant|non-coding transcript variant	Benign	Mar 15, 2024	criteria provided, single submitter							
NM_000038.6(APC):c.2730T>G (p.Thr910=)	APC		Hereditary cancer-predisposing syndrome|Familial adenomatous polyposis 1	VCV001657377	5	112174021	5	112838324	1657377	1628541	rs2149876172	NC_000005.10:112838323:T:G	single nucleotide variant	synonymous variant	Benign/Likely benign	Mar 15, 2024	criteria provided, multiple submitters, no conflicts							
NM_000038.6(APC):c.2731G>T (p.Glu911Ter)	APC	E893*, E911*, E852*, E929*, E870*, E883*, E886*, E921*, E751*, E785*, E810*, E820*, E628*	not provided	VCV000092343	5	112174022	5	112838325	92343	98254	rs398123119	NC_000005.10:112838324:G:T	single nucleotide variant	nonsense	Pathogenic	Mar 14, 2013	criteria provided, single submitter							
NM_000038.6(APC):c.2734T>C (p.Leu912=)	APC		Hereditary cancer-predisposing syndrome|Familial adenomatous polyposis 1	VCV001795323	5	112174025	5	112838328	1795323	1853984	rs1389210454	NC_000005.10:112838327:T:C	single nucleotide variant	synonymous variant|non-coding transcript variant	Benign/Likely benign	Mar 15, 2024	criteria provided, multiple submitters, no conflicts							
NM_000038.6(APC):c.2735T>A (p.Leu912Ter)	APC	L528*, L786*, L853*, L884*, L922*, L871*, L894*, L752*, L783*, L811*, L821*, L887*, L902*, L912*, L629*, L829*, L905*, L930*, L940*	Hereditary cancer-predisposing syndrome|Familial adenomatous polyposis 1	VCV003572907	5	112174026	5	112838329	3572907	3731805		NC_000005.10:112838328:T:A	single nucleotide variant	nonsense|non-coding transcript variant	Pathogenic	Jun 25, 2025	criteria provided, multiple submitters, no conflicts							
NM_000038.6(APC):c.2735T>G (p.Leu912Ter)	APC	L528*, L629*, L752*, L783*, L786*, L811*, L821*, L829*, L853*, L871*, L884*, L887*, L894*, L902*, L905*, L912*, L922*, L930*, L940*	Familial adenomatous polyposis 1	VCV002584166	5	112174026	5	112838329	2584166	2751733	rs2149876241	NC_000005.10:112838328:T:G	single nucleotide variant	nonsense|non-coding transcript variant	Pathogenic	May 5, 2023	criteria provided, single submitter							
NM_000038.6(APC):c.2739T>C (p.His913=)	APC		Classic or attenuated familial adenomatous polyposis|Hereditary cancer-predisposing syndrome|not specified|not provided|Familial adenomatous polyposis 1	VCV000185738	5	112174030	5	112838333	185738	182367	rs553363502	NC_000005.10:112838332:T:C	single nucleotide variant	synonymous variant	Benign/Likely benign	Dec 15, 2025	criteria provided, multiple submitters, no conflicts							
NM_000038.6(APC):c.2742T>C (p.Cys914=)	APC		Hereditary cancer-predisposing syndrome|Familial adenomatous polyposis 1	VCV001636608	5	112174033	5	112838336	1636608	1558515	rs2149876401	NC_000005.10:112838335:T:C	single nucleotide variant	synonymous variant	Benign/Likely benign	May 22, 2024	criteria provided, multiple submitters, no conflicts							
NM_000038.6(APC):c.2745G>A (p.Val915=)	APC		not specified|Classic or attenuated familial adenomatous polyposis|Hereditary cancer-predisposing syndrome|not provided|Familial adenomatous polyposis 1	VCV000379579	5	112174036	5	112838339	379579	368114	rs761286097	NC_000005.10:112838338:G:A	single nucleotide variant	synonymous variant	Benign/Likely benign	Dec 29, 2025	criteria provided, multiple submitters, no conflicts							
NM_000038.6(APC):c.2752G>T (p.Glu918Ter)	APC	E534*, E635*, E758*, E789*, E792*, E817*, E827*, E835*, E859*, E877*, E890*, E893*, E900*, E908*, E911*, E918*, E928*, E936*, E946*	Familial adenomatous polyposis 1	VCV002584248	5	112174043	5	112838346	2584248	2751814	rs1765256327	NC_000005.10:112838345:G:T	single nucleotide variant	nonsense|non-coding transcript variant	Pathogenic	May 5, 2023	criteria provided, single submitter							
NM_000038.6(APC):c.2754G>A (p.Glu918=)	APC		Hereditary cancer-predisposing syndrome|Familial adenomatous polyposis 1|Classic or attenuated familial adenomatous polyposis	VCV000469770	5	112174045	5	112838348	469770	454713	rs767066195	NC_000005.10:112838347:G:A	single nucleotide variant	synonymous variant	Benign/Likely benign	Nov 27, 2025	criteria provided, multiple submitters, no conflicts							
NM_000038.6(APC):c.2760T>C (p.Asn920=)	APC		not specified|Familial adenomatous polyposis 1|Hereditary cancer-predisposing syndrome	VCV000512425	5	112174051	5	112838354	512425	501088	rs1554084427	NC_000005.10:112838353:T:C	single nucleotide variant	synonymous variant	Benign/Likely benign	Apr 29, 2024	criteria provided, multiple submitters, no conflicts							
NM_000038.6(APC):c.2763A>T (p.Ala921=)	APC		Hereditary cancer-predisposing syndrome|Familial adenomatous polyposis 1	VCV002567040	5	112174054	5	112838357	2567040	2732701	rs750259615	NC_000005.10:112838356:A:T	single nucleotide variant	synonymous variant|non-coding transcript variant	Benign/Likely benign	Mar 15, 2024	criteria provided, multiple submitters, no conflicts							
NM_000038.6(APC):c.2763A>G (p.Ala921=)	APC		Hereditary cancer-predisposing syndrome|not specified|Familial adenomatous polyposis 1|Classic or attenuated familial adenomatous polyposis|not provided	VCV000215557	5	112174054	5	112838357	215557	212416	rs750259615	NC_000005.10:112838356:A:G	single nucleotide variant	synonymous variant	Benign/Likely benign	Feb 2, 2026	criteria provided, multiple submitters, no conflicts							
NM_000038.6(APC):c.2767A>T (p.Arg923Ter)	APC	R539*, R640*, R763*, R794*, R797*, R822*, R832*, R840*, R864*, R882*, R895*, R898*, R905*, R913*, R916*, R923*, R933*, R941*, R951*	Familial adenomatous polyposis 1	VCV002584259	5	112174058	5	112838361	2584259	2751825	rs1765259490	NC_000005.10:112838360:A:T	single nucleotide variant	nonsense|non-coding transcript variant	Pathogenic	May 5, 2023	criteria provided, single submitter							
NM_000038.6(APC):c.2775C>T (p.Ser925=)	APC		not specified|Familial adenomatous polyposis 1|Hereditary cancer-predisposing syndrome	VCV000230742	5	112174066	5	112838369	230742	233065	rs864622701	NC_000005.10:112838368:C:T	single nucleotide variant	synonymous variant	Benign/Likely benign	Jul 31, 2025	criteria provided, multiple submitters, no conflicts							
NM_000038.6(APC):c.2778T>C (p.Ser926=)	APC		Familial adenomatous polyposis 1|not specified|not provided|Classic or attenuated familial adenomatous polyposis|Hereditary cancer-predisposing syndrome	VCV000231542	5	112174069	5	112838372	231542	233066	rs371526966	NC_000005.10:112838371:T:C	single nucleotide variant	synonymous variant	Benign/Likely benign	Dec 21, 2025	criteria provided, multiple submitters, no conflicts							
NM_000038.6(APC):c.2781T>C (p.Ala927=)	APC		Familial adenomatous polyposis 1	VCV003148661	5	112174072	5	112838375	3148661	3307909	rs2149877263	NC_000005.10:112838374:T:C	single nucleotide variant	synonymous variant|non-coding transcript variant	Benign	Mar 15, 2024	criteria provided, single submitter							
NM_000038.6(APC):c.2781T>G (p.Ala927=)	APC		Hereditary cancer-predisposing syndrome|not specified|Familial adenomatous polyposis 1	VCV002566967	5	112174072	5	112838375	2566967	2732628	rs2149877263	NC_000005.10:112838374:T:G	single nucleotide variant	synonymous variant|non-coding transcript variant	Benign/Likely benign	Jun 23, 2025	criteria provided, multiple submitters, no conflicts							
NM_000038.6(APC):c.2784C>T (p.Ala928=)	APC		Familial adenomatous polyposis 1	VCV003147987	5	112174075	5	112838378	3147987	3307236	rs2149877311	NC_000005.10:112838377:C:T	single nucleotide variant	synonymous variant|non-coding transcript variant	Benign	Mar 15, 2024	criteria provided, single submitter							
NM_000038.6(APC):c.2787T>C (p.His929=)	APC		Hereditary cancer-predisposing syndrome|Familial adenomatous polyposis 1	VCV001083162	5	112174078	5	112838381	1083162	1072026	rs1476420580	NC_000005.10:112838380:T:C	single nucleotide variant	synonymous variant	Benign/Likely benign	Jun 25, 2025	criteria provided, multiple submitters, no conflicts							
NM_000038.6(APC):c.2790A>G (p.Thr930=)	APC		Familial adenomatous polyposis 1	VCV003148140	5	112174081	5	112838384	3148140	3307388	rs2149877460	NC_000005.10:112838383:A:G	single nucleotide variant	synonymous variant|non-coding transcript variant	Benign/Likely benign	Sep 13, 2025	criteria provided, multiple submitters, no conflicts							
NM_000038.6(APC):c.2795C>A (p.Ser932Ter)	APC	S914*, S932*, S841*, S942*, S649*, S772*, S806*, S891*, S904*, S907*, S831*, S873*, S950*	Familial adenomatous polyposis 1|not provided|Hereditary cancer-predisposing syndrome	VCV000411362	5	112174086	5	112838389	411362	394299	rs878853432	NC_000005.10:112838388:C:A	single nucleotide variant	nonsense	Pathogenic	May 5, 2023	criteria provided, multiple submitters, no conflicts							
NM_000038.6(APC):c.2795C>G (p.Ser932Ter)	APC	S914*, S932*, S806*, S841*, S891*, S907*, S831*, S873*, S942*, S950*, S649*, S772*, S904*	Familial adenomatous polyposis 1	VCV000236581	5	112174086	5	112838389	236581	239556	rs878853432	NC_000005.10:112838388:C:G	single nucleotide variant	nonsense	Pathogenic	Jan 8, 2025	criteria provided, multiple submitters, no conflicts							
NM_000038.6(APC):c.2802T>G (p.Thr934=)	APC		Classic or attenuated familial adenomatous polyposis|Hereditary cancer-predisposing syndrome|not provided|Familial adenomatous polyposis 1	VCV000747865	5	112174093	5	112838396	747865	749131	rs1007581628	NC_000005.10:112838395:T:G	single nucleotide variant	synonymous variant	Benign/Likely benign	Nov 21, 2025	criteria provided, multiple submitters, no conflicts							
NM_000038.6(APC):c.2805C>G (p.Tyr935Ter)	APC	Y917*, Y935*, Y652*, Y775*, Y834*, Y907*, Y945*, Y809*, Y844*, Y876*, Y910*, Y894*, Y953*	Gastric adenocarcinoma and proximal polyposis of the stomach|Hereditary cancer-predisposing syndrome|not provided|Familial multiple polyposis syndrome|Familial adenomatous polyposis 1	VCV000186058	5	112174096	5	112838399	186058	182368	rs137854575	NC_000005.10:112838398:C:G	single nucleotide variant	nonsense	Pathogenic	Jul 8, 2025	criteria provided, multiple submitters, no conflicts							
NM_000038.6(APC):c.2805C>T (p.Tyr935=)	APC		APC-Associated Polyposis Disorders|Hereditary cancer-predisposing syndrome|not specified|not provided|Familial multiple polyposis syndrome|Familial adenomatous polyposis 1	VCV000136408	5	112174096	5	112838399	136408	140111	rs137854575	NC_000005.10:112838398:C:T	single nucleotide variant	synonymous variant	Benign/Likely benign	May 5, 2026	criteria provided, multiple submitters, no conflicts							
NM_000038.6(APC):c.2805C>A (p.Tyr935Ter)	APC	Y935*, Y917*, Y775*, Y809*, Y876*, Y953*, Y652*, Y834*, Y907*, Y945*, Y844*, Y894*, Y910*	APC-related disorder|Hereditary cancer-predisposing syndrome|Familial adenomatous polyposis 1|Neoplasm of stomach|Carcinoma of colon|Hepatocellular carcinoma|Desmoid disease, hereditary|not provided|Familial multiple polyposis syndrome|Familial adenomatous polyposis 1|Colorectal cancer, susceptibility to|Neoplasm	VCV000000810	5	112174096	5	112838399	810	15849	rs137854575	NC_000005.10:112838398:C:A	single nucleotide variant	nonsense	Pathogenic	Mar 31, 2026	criteria provided, multiple submitters, no conflicts				Oncogenic	Dec 29, 2025	criteria provided, single submitter	
NM_000038.6(APC):c.2808T>C (p.Asn936=)	APC		Hereditary cancer-predisposing syndrome|Familial adenomatous polyposis 1	VCV001118118	5	112174099	5	112838402	1118118	1093637	rs757221580	NC_000005.10:112838401:T:C	single nucleotide variant	synonymous variant	Benign/Likely benign	May 23, 2025	criteria provided, multiple submitters, no conflicts							
NM_000038.6(APC):c.2811C>T (p.Phe937=)	APC		Hereditary cancer-predisposing syndrome|Familial adenomatous polyposis 1|not specified	VCV001079732	5	112174102	5	112838405	1079732	1072027	rs781367306	NC_000005.10:112838404:C:T	single nucleotide variant	synonymous variant	Benign/Likely benign	Mar 21, 2024	criteria provided, multiple submitters, no conflicts							
NM_000038.6(APC):c.2814T>C (p.Thr938=)	APC		Familial adenomatous polyposis 1|Hereditary cancer-predisposing syndrome	VCV000485121	5	112174105	5	112838408	485121	473688	rs1554084501	NC_000005.10:112838407:T:C	single nucleotide variant	synonymous variant	Benign/Likely benign	Mar 15, 2024	criteria provided, multiple submitters, no conflicts							
NM_000038.6(APC):c.2815A>T (p.Lys939Ter)	APC	K656*, K779*, K838*, K848*, K880*, K911*, K921*, K939*, K949*, K813*, K898*, K914*, K957*	Familial adenomatous polyposis 1	VCV000952619	5	112174106	5	112838409	952619	923652	rs1765271867	NC_000005.10:112838408:A:T	single nucleotide variant	nonsense	Pathogenic	Feb 17, 2021	criteria provided, single submitter							
NM_000038.6(APC):c.2817G>A (p.Lys939=)	APC		Hereditary cancer-predisposing syndrome|Familial adenomatous polyposis 1	VCV001591828	5	112174108	5	112838411	1591828	1577944	rs756662900	NC_000005.10:112838410:G:A	single nucleotide variant	synonymous variant	Benign/Likely benign	May 1, 2026	criteria provided, multiple submitters, no conflicts							
NM_000038.6(APC):c.2820G>A (p.Ser940=)	APC		Hereditary cancer-predisposing syndrome|not provided|Desmoid disease, hereditary|Familial adenomatous polyposis 1|Familial adenomatous polyposis 1|not specified|Classic or attenuated familial adenomatous polyposis	VCV000469774	5	112174111	5	112838414	469774	454715	rs780366551	NC_000005.10:112838413:G:A	single nucleotide variant	synonymous variant	Benign/Likely benign	Jan 25, 2026	criteria provided, multiple submitters, no conflicts							
NM_000038.6(APC):c.2821G>T (p.Glu941Ter)	APC	E557*, E658*, E781*, E812*, E815*, E840*, E850*, E858*, E882*, E900*, E913*, E916*, E923*, E931*, E934*, E941*, E951*, E959*, E969*	Familial adenomatous polyposis 1|Hereditary cancer-predisposing syndrome	VCV002584055	5	112174112	5	112838415	2584055	2751623	rs2149878177	NC_000005.10:112838414:G:T	single nucleotide variant	nonsense|non-coding transcript variant	Pathogenic	Feb 27, 2025	criteria provided, multiple submitters, no conflicts							
NM_000038.6(APC):c.2828C>G (p.Ser943Ter)	APC	S918*, S961*, S660*, S842*, S915*, S953*, S817*, S852*, S902*, S783*, S884*, S925*, S943*	Familial adenomatous polyposis 1|Hereditary cancer-predisposing syndrome	VCV000821863	5	112174119	5	112838422	821863	807969	rs1554084512	NC_000005.10:112838421:C:G	single nucleotide variant	nonsense	Pathogenic	Jul 1, 2024	criteria provided, multiple submitters, no conflicts							
NM_000038.6(APC):c.2828C>A (p.Ser943Ter)	APC	S925*, S943*, S842*, S918*, S961*, S660*, S817*, S852*, S884*, S902*, S783*, S915*, S953*	Classic or attenuated familial adenomatous polyposis	VCV000559961	5	112174119	5	112838422	559961	550680	rs1554084512	NC_000005.10:112838421:C:A	single nucleotide variant	nonsense	Pathogenic	Mar 10, 2023	criteria provided, single submitter							
NM_000038.6(APC):c.2829A>C (p.Ser943=)	APC		Familial adenomatous polyposis 1	VCV000761817	5	112174120	5	112838423	761817	764697	rs1338601411	NC_000005.10:112838422:A:C	single nucleotide variant	synonymous variant	Benign/Likely benign	Mar 15, 2024	criteria provided, multiple submitters, no conflicts							
NM_000038.6(APC):c.2832T>C (p.Asn944=)	APC		Hereditary cancer-predisposing syndrome|Familial adenomatous polyposis 1	VCV001154959	5	112174123	5	112838426	1154959	1136111	rs768286117	NC_000005.10:112838425:T:C	single nucleotide variant	synonymous variant	Benign/Likely benign	Jan 29, 2026	criteria provided, multiple submitters, no conflicts							
NM_000038.6(APC):c.2833A>C (p.Arg945=)	APC		Familial adenomatous polyposis 1	VCV003148420	5	112174124	5	112838427	3148420	3307668	rs1322051434	NC_000005.10:112838426:A:C	single nucleotide variant	synonymous variant|non-coding transcript variant	Benign	Mar 15, 2024	criteria provided, single submitter							
NM_000038.6(APC):c.2838A>G (p.Thr946=)	APC		Classic or attenuated familial adenomatous polyposis|APC-related disorder|Hereditary cancer-predisposing syndrome|not provided|not specified|Familial adenomatous polyposis 1	VCV000183962	5	112174129	5	112838432	183962	182369	rs142835322	NC_000005.10:112838431:A:G	single nucleotide variant	synonymous variant	Benign/Likely benign	Apr 1, 2026	criteria provided, multiple submitters, no conflicts							
NM_000038.6(APC):c.2841T>A (p.Cys947Ter)	APC	C563*, C664*, C787*, C818*, C821*, C846*, C856*, C864*, C888*, C906*, C919*, C922*, C929*, C937*, C940*, C947*, C957*, C965*, C975*	Familial adenomatous polyposis 1	VCV002584083	5	112174132	5	112838435	2584083	2751651	rs2149878625	NC_000005.10:112838434:T:A	single nucleotide variant	nonsense|non-coding transcript variant	Pathogenic	May 5, 2023	criteria provided, single submitter							
NM_000038.6(APC):c.2847G>A (p.Met949Ile)	APC	M820I, M890I, M908I, M921I, M939I, M977I, M666I, M931I, M949I, M848I, M866I, M942I, M959I, M565I, M789I, M823I, M858I, M924I, M967I	Familial adenomatous polyposis 1	VCV003713342	5	112174138	5	112838441	3713342	3837727		NC_000005.10:112838440:G:A	single nucleotide variant	missense variant|non-coding transcript variant	Benign	Nov 17, 2025	criteria provided, single submitter							
NM_000038.6(APC):c.2853T>G (p.Tyr951Ter)	APC	Y923*, Y961*, Y969*, Y668*, Y850*, Y910*, Y926*, Y951*, Y825*, Y860*, Y892*, Y791*, Y933*	Hereditary cancer-predisposing syndrome|Familial adenomatous polyposis 1	VCV001452409	5	112174144	5	112838447	1452409	1364130	rs575406600	NC_000005.10:112838446:T:G	single nucleotide variant	nonsense	Pathogenic	Mar 26, 2025	criteria provided, multiple submitters, no conflicts							
NM_000038.6(APC):c.2853T>C (p.Tyr951=)	APC		Hereditary cancer-predisposing syndrome|Familial adenomatous polyposis 1|Classic or attenuated familial adenomatous polyposis	VCV000428145	5	112174144	5	112838447	428145	419632	rs575406600	NC_000005.10:112838446:T:C	single nucleotide variant	synonymous variant	Benign/Likely benign	Jun 25, 2025	criteria provided, multiple submitters, no conflicts							
NM_000038.6(APC):c.2856C>T (p.Ala952=)	APC		Hereditary cancer-predisposing syndrome|Familial adenomatous polyposis 1	VCV002567042	5	112174147	5	112838450	2567042	2732703	rs2533454825	NC_000005.10:112838449:C:T	single nucleotide variant	synonymous variant|non-coding transcript variant	Benign/Likely benign	Mar 15, 2024	criteria provided, multiple submitters, no conflicts							
NM_000038.6(APC):c.2859A>G (p.Lys953=)	APC		Hereditary cancer-predisposing syndrome|Familial adenomatous polyposis 1	VCV000233866	5	112174150	5	112838453	233866	233067	rs759348312	NC_000005.10:112838452:A:G	single nucleotide variant	synonymous variant	Benign/Likely benign	Dec 19, 2024	criteria provided, multiple submitters, no conflicts							
NM_000038.6(APC):c.2860T>C (p.Leu954=)	APC		not specified|Hereditary cancer-predisposing syndrome|Familial adenomatous polyposis 1|Classic or attenuated familial adenomatous polyposis	VCV000215559	5	112174151	5	112838454	215559	212417	rs863224278	NC_000005.10:112838453:T:C	single nucleotide variant	synonymous variant	Benign/Likely benign	Nov 5, 2025	criteria provided, multiple submitters, no conflicts							
NM_000038.6(APC):c.2861T>G (p.Leu954Ter)	APC	L570*, L828*, L936*, L954*, L794*, L825*, L972*, L671*, L853*, L913*, L964*, L863*, L871*, L895*, L926*, L929*, L944*, L947*, L982*	Hereditary cancer-predisposing syndrome|Familial adenomatous polyposis 1	VCV001796971	5	112174152	5	112838455	1796971	1855546	rs2149878966	NC_000005.10:112838454:T:G	single nucleotide variant	nonsense	Pathogenic	Oct 7, 2025	criteria provided, multiple submitters, no conflicts							
NM_000038.6(APC):c.2863G>T (p.Glu955Ter)	APC	E571*, E672*, E795*, E826*, E829*, E854*, E864*, E872*, E896*, E914*, E927*, E930*, E937*, E945*, E948*, E955*, E965*, E973*, E983*	Familial adenomatous polyposis 1	VCV002584048	5	112174154	5	112838457	2584048	2751616	rs2149879006	NC_000005.10:112838456:G:T	single nucleotide variant	nonsense|non-coding transcript variant	Pathogenic	May 5, 2023	criteria provided, single submitter							
NM_000038.6(APC):c.2865A>G (p.Glu955=)	APC		Hereditary cancer-predisposing syndrome|Familial adenomatous polyposis 1	VCV002787669	5	112174156	5	112838459	2787669	2942332	rs2149879057	NC_000005.10:112838458:A:G	single nucleotide variant	synonymous variant|non-coding transcript variant	Benign/Likely benign	Aug 4, 2024	criteria provided, multiple submitters, no conflicts							
NM_000038.6(APC):c.2868C>A (p.Tyr956Ter)	APC	Y572*, Y673*, Y796*, Y827*, Y830*, Y855*, Y865*, Y873*, Y897*, Y915*, Y928*, Y931*, Y938*, Y946*, Y949*, Y956*, Y966*, Y974*, Y984*	Hereditary cancer-predisposing syndrome	VCV003226657	5	112174159	5	112838462	3226657	3384093	rs2149879114	NC_000005.10:112838461:C:A	single nucleotide variant	nonsense|non-coding transcript variant	Pathogenic	Dec 28, 2023	criteria provided, single submitter							
NM_000038.6(APC):c.2868C>T (p.Tyr956=)	APC		Hereditary cancer-predisposing syndrome|Familial adenomatous polyposis 1	VCV001797013	5	112174159	5	112838462	1797013	1855587	rs2149879114	NC_000005.10:112838461:C:T	single nucleotide variant	synonymous variant|non-coding transcript variant	Benign/Likely benign	Jul 17, 2025	criteria provided, multiple submitters, no conflicts							
NM_000038.6(APC):c.2868C>G (p.Tyr956Ter)	APC	Y673*, Y796*, Y830*, Y855*, Y865*, Y897*, Y915*, Y928*, Y931*, Y938*, Y956*, Y966*, Y974*	Familial adenomatous polyposis 1	VCV001074001	5	112174159	5	112838462	1074001	1060139	rs2149879114	NC_000005.10:112838461:C:G	single nucleotide variant	nonsense	Pathogenic	Nov 6, 2024	criteria provided, multiple submitters, no conflicts							
NM_000038.6(APC):c.2869A>T (p.Lys957Ter)	APC	K573*, K674*, K797*, K828*, K831*, K856*, K866*, K874*, K898*, K916*, K929*, K932*, K939*, K947*, K950*, K957*, K967*, K975*, K985*	Familial adenomatous polyposis 1	VCV002583278	5	112174160	5	112838463	2583278	2750849	rs2149879138	NC_000005.10:112838462:A:T	single nucleotide variant	nonsense|non-coding transcript variant	Pathogenic	May 5, 2023	criteria provided, single submitter							
NM_000038.6(APC):c.2871G>A (p.Lys957=)	APC		Hereditary cancer-predisposing syndrome|Familial adenomatous polyposis 1	VCV001797059	5	112174162	5	112838465	1797059	1855633	rs1765285772	NC_000005.10:112838464:G:A	single nucleotide variant	synonymous variant|non-coding transcript variant	Benign/Likely benign	Dec 23, 2025	criteria provided, multiple submitters, no conflicts							
NM_000038.6(APC):c.2877T>C (p.Ser959=)	APC		Hereditary cancer-predisposing syndrome|Familial adenomatous polyposis 1	VCV000794710	5	112174168	5	112838471	794710	782083	rs1580628428	NC_000005.10:112838470:T:C	single nucleotide variant	synonymous variant	Benign/Likely benign	Jan 2, 2025	criteria provided, multiple submitters, no conflicts							
NM_000038.6(APC):c.2879C>G (p.Ser960Ter)	APC	S576*, S677*, S800*, S831*, S834*, S859*, S869*, S877*, S901*, S919*, S932*, S935*, S942*, S950*, S953*, S960*, S970*, S978*, S988*	Familial adenomatous polyposis 1	VCV002584084	5	112174170	5	112838473	2584084	2751652	rs2149879342	NC_000005.10:112838472:C:G	single nucleotide variant	nonsense|non-coding transcript variant	Pathogenic	May 5, 2023	criteria provided, single submitter							
NM_000038.6(APC):c.2879C>A (p.Ser960Ter)	APC	S834*, S869*, S901*, S935*, S988*, S831*, S877*, S800*, S859*, S950*, S978*, S919*, S953*, S960*, S576*, S677*, S932*, S942*, S970*	Hereditary cancer-predisposing syndrome	VCV001797136	5	112174170	5	112838473	1797136	1855710	rs2149879342	NC_000005.10:112838472:C:A	single nucleotide variant	nonsense	Pathogenic	Dec 7, 2021	criteria provided, single submitter							
NM_000038.6(APC):c.2880A>G (p.Ser960=)	APC		Familial adenomatous polyposis 1	VCV003148227	5	112174171	5	112838474	3148227	3307475	rs1339795148	NC_000005.10:112838473:A:G	single nucleotide variant	synonymous variant|non-coding transcript variant	Benign	Mar 15, 2024	criteria provided, single submitter							
NM_000038.6(APC):c.2883T>C (p.Asn961=)	APC		Classic or attenuated familial adenomatous polyposis|Hereditary cancer-predisposing syndrome|Familial adenomatous polyposis 1	VCV000628183	5	112174174	5	112838477	628183	617100	rs1060503367	NC_000005.10:112838476:T:C	single nucleotide variant	synonymous variant	Benign/Likely benign	Aug 8, 2024	criteria provided, multiple submitters, no conflicts							
NM_000038.6(APC):c.2891T>G (p.Leu964Ter)	APC	L580*, L681*, L804*, L835*, L838*, L863*, L873*, L881*, L905*, L923*, L936*, L939*, L946*, L954*, L957*, L964*, L974*, L982*, L992*	Familial adenomatous polyposis 1	VCV004071367	5	112174182	5	112838485	4071367	4185215		NC_000005.10:112838484:T:G	single nucleotide variant	nonsense|non-coding transcript variant	Pathogenic	Apr 28, 2025	criteria provided, single submitter							
NM_000038.6(APC):c.2891T>A (p.Leu964Ter)	APC	L580*, L681*, L804*, L835*, L838*, L863*, L873*, L881*, L905*, L923*, L936*, L939*, L946*, L954*, L957*, L964*, L974*, L982*, L992*	Familial adenomatous polyposis 1	VCV002584254	5	112174182	5	112838485	2584254	2751820	rs2533457195	NC_000005.10:112838484:T:A	single nucleotide variant	nonsense|non-coding transcript variant	Pathogenic	May 5, 2023	criteria provided, single submitter							
NM_000038.6(APC):c.2895T>C (p.Asn965=)	APC		Hereditary cancer-predisposing syndrome|Familial adenomatous polyposis 1	VCV000750016	5	112174186	5	112838489	750016	749132	rs1269765079	NC_000005.10:112838488:T:C	single nucleotide variant	synonymous variant	Benign/Likely benign	May 27, 2024	criteria provided, multiple submitters, no conflicts							
NM_000038.6(APC):c.2898T>C (p.Ser966=)	APC		Familial adenomatous polyposis 1|Hereditary cancer-predisposing syndrome	VCV000233694	5	112174189	5	112838492	233694	233070	rs876660579	NC_000005.10:112838491:T:C	single nucleotide variant	synonymous variant	Benign/Likely benign	Jan 29, 2025	criteria provided, multiple submitters, no conflicts							
NM_000038.6(APC):c.2901C>T (p.Val967=)	APC		Hereditary cancer-predisposing syndrome|Familial adenomatous polyposis 1	VCV001797463	5	112174192	5	112838495	1797463	1854381	rs1060504876	NC_000005.10:112838494:C:T	single nucleotide variant	synonymous variant|non-coding transcript variant	Benign/Likely benign	Mar 15, 2024	criteria provided, multiple submitters, no conflicts							
NM_000038.6(APC):c.2901C>A (p.Val967=)	APC		Familial adenomatous polyposis 1|Hereditary cancer-predisposing syndrome|not specified	VCV000416726	5	112174192	5	112838495	416726	394394	rs1060504876	NC_000005.10:112838494:C:A	single nucleotide variant	synonymous variant	Benign/Likely benign	Jul 25, 2025	criteria provided, multiple submitters, no conflicts							
NM_000038.6(APC):c.2904T>C (p.Ser968=)	APC		Familial adenomatous polyposis 1	VCV001099895	5	112174195	5	112838498	1099895	1093638	rs1554084582	NC_000005.10:112838497:T:C	single nucleotide variant	synonymous variant	Benign/Likely benign	Mar 15, 2024	criteria provided, multiple submitters, no conflicts							
NM_000038.6(APC):c.2913T>C (p.Asp971=)	APC		Familial adenomatous polyposis 1|Hereditary cancer-predisposing syndrome	VCV000821980	5	112174204	5	112838507	821980	807975	rs917767842	NC_000005.10:112838506:T:C	single nucleotide variant	synonymous variant	Benign/Likely benign	Apr 23, 2025	criteria provided, multiple submitters, no conflicts							
NM_000038.6(APC):c.2916T>C (p.Gly972=)	APC		Hereditary cancer-predisposing syndrome|Familial adenomatous polyposis 1	VCV001797633	5	112174207	5	112838510	1797633	1854551	rs1765293802	NC_000005.10:112838509:T:C	single nucleotide variant	synonymous variant|non-coding transcript variant	Benign/Likely benign	Mar 20, 2024	criteria provided, multiple submitters, no conflicts							
NM_000038.6(APC):c.2919T>C (p.Tyr973=)	APC		Hereditary cancer-predisposing syndrome|Familial adenomatous polyposis 1|Classic or attenuated familial adenomatous polyposis	VCV000215560	5	112174210	5	112838513	215560	212418	rs756609845	NC_000005.10:112838512:T:C	single nucleotide variant	synonymous variant	Benign/Likely benign	Jan 6, 2026	criteria provided, multiple submitters, no conflicts							
NM_000038.6(APC):c.2926A>T (p.Arg976Ter)	APC	R592*, R917*, R935*, R948*, R1004*, R885*, R976*, R986*, R847*, R875*, R951*, R969*, R693*, R816*, R850*, R893*, R958*, R966*, R994*	Hereditary cancer-predisposing syndrome	VCV003410382	5	112174217	5	112838520	3410382	3570313		NC_000005.10:112838519:A:T	single nucleotide variant	nonsense|non-coding transcript variant	Pathogenic	Sep 4, 2024	criteria provided, single submitter							
NM_000038.6(APC):c.2932C>T (p.Gln978Ter)	APC	Q852*, Q877*, Q849*, Q895*, Q919*, Q950*, Q968*, Q971*, Q1006*, Q818*, Q594*, Q695*, Q887*, Q937*, Q960*, Q978*, Q996*, Q953*, Q988*	Hereditary cancer-predisposing syndrome|Familial adenomatous polyposis 1	VCV001797834	5	112174223	5	112838526	1797834	1853453	rs1765298309	NC_000005.10:112838525:C:T	single nucleotide variant	nonsense	Pathogenic	May 5, 2023	criteria provided, multiple submitters, no conflicts							
NM_000038.6(APC):c.2934A>G (p.Gln978=)	APC		Hereditary cancer-predisposing syndrome|Familial adenomatous polyposis 1	VCV000922355	5	112174225	5	112838528	922355	909914	rs1765298867	NC_000005.10:112838527:A:G	single nucleotide variant	synonymous variant	Benign/Likely benign	Dec 12, 2025	criteria provided, multiple submitters, no conflicts							
NM_000038.6(APC):c.2943C>T (p.Pro981=)	APC		Familial adenomatous polyposis 1	VCV003148211	5	112174234	5	112838537	3148211	3307459	rs148153867	NC_000005.10:112838536:C:T	single nucleotide variant	synonymous variant|non-coding transcript variant	Benign	Mar 15, 2024	criteria provided, single submitter							
NM_000038.6(APC):c.2946G>C (p.Ser982=)	APC		Familial adenomatous polyposis 1	VCV003148781	5	112174237	5	112838540	3148781	3308029	rs377384463	NC_000005.10:112838539:G:C	single nucleotide variant	synonymous variant|non-coding transcript variant	Benign	Mar 15, 2024	criteria provided, single submitter							
NM_000038.6(APC):c.2946G>A (p.Ser982=)	APC		Hereditary cancer-predisposing syndrome|not specified|not provided|Familial adenomatous polyposis 1|Classic or attenuated familial adenomatous polyposis	VCV000185093	5	112174237	5	112838540	185093	182370	rs377384463	NC_000005.10:112838539:G:A	single nucleotide variant	synonymous variant	Benign/Likely benign	Apr 1, 2026	criteria provided, multiple submitters, no conflicts							
NM_000038.6(APC):c.2950G>T (p.Glu984Ter)	APC	E966*, E984*, E824*, E883*, E893*, E959*, E994*, E956*, E1002*, E701*, E858*, E925*, E943*	Hereditary cancer-predisposing syndrome|Familial adenomatous polyposis 1	VCV000433638	5	112174241	5	112838544	433638	427275	rs1254176854	NC_000005.10:112838543:G:T	single nucleotide variant	nonsense	Pathogenic/Likely pathogenic	Apr 18, 2025	criteria provided, multiple submitters, no conflicts							
NM_000038.6(APC):c.2952A>G (p.Glu984=)	APC		not specified|Hereditary cancer-predisposing syndrome|Familial adenomatous polyposis 1|not provided	VCV000382543	5	112174243	5	112838546	382543	368059	rs772562489	NC_000005.10:112838545:A:G	single nucleotide variant	synonymous variant	Benign/Likely benign	Jan 11, 2026	criteria provided, multiple submitters, no conflicts							
NM_000038.6(APC):c.2955C>G (p.Ser985=)	APC		Hereditary cancer-predisposing syndrome|Familial adenomatous polyposis 1	VCV001133173	5	112174246	5	112838549	1133173	1115170	rs2149881048	NC_000005.10:112838548:C:G	single nucleotide variant	synonymous variant	Benign/Likely benign	Oct 14, 2024	criteria provided, multiple submitters, no conflicts							
NM_000038.6(APC):c.2958T>G (p.Tyr986Ter)	APC	Y860*, Y895*, Y961*, Y986*, Y996*, Y826*, Y968*, Y958*, Y1004*, Y703*, Y885*, Y927*, Y945*	Familial adenomatous polyposis 1	VCV001453350	5	112174249	5	112838552	1453350	1428633	rs746581330	NC_000005.10:112838551:T:G	single nucleotide variant	nonsense	Pathogenic	Jul 7, 2023	criteria provided, single submitter							
NM_000038.6(APC):c.2971G>T (p.Glu991Ter)	APC	E973*, E991*, E1001*, E708*, E831*, E963*, E1009*, E865*, E900*, E932*, E890*, E950*, E966*	Hereditary cancer-predisposing syndrome|Familial adenomatous polyposis 1	VCV000186494	5	112174262	5	112838565	186494	182372	rs786202995	NC_000005.10:112838564:G:T	single nucleotide variant	nonsense	Pathogenic	Aug 11, 2023	criteria provided, multiple submitters, no conflicts							
NM_000038.6(APC):c.2976T>C (p.Ser992=)	APC		Classic or attenuated familial adenomatous polyposis|Familial adenomatous polyposis 1|Hereditary cancer-predisposing syndrome	VCV000232952	5	112174267	5	112838570	232952	233071	rs776646018	NC_000005.10:112838569:T:C	single nucleotide variant	synonymous variant	Benign/Likely benign	Nov 25, 2025	criteria provided, multiple submitters, no conflicts							
NM_000038.6(APC):c.2979G>A (p.Lys993=)	APC		Hereditary cancer-predisposing syndrome|Familial adenomatous polyposis 1	VCV001798363	5	112174270	5	112838573	1798363	1856503	rs2149881496	NC_000005.10:112838572:G:A	single nucleotide variant	synonymous variant|non-coding transcript variant	Benign/Likely benign	Mar 15, 2024	criteria provided, multiple submitters, no conflicts							
NM_000038.6(APC):c.2985C>T (p.Cys995=)	APC		Hereditary cancer-predisposing syndrome|not provided|Familial adenomatous polyposis 1	VCV000673913	5	112174276	5	112838579	673913	655622	rs1339472818	NC_000005.10:112838578:C:T	single nucleotide variant	synonymous variant	Benign/Likely benign	Jun 10, 2025	criteria provided, multiple submitters, no conflicts							
NM_000038.6(APC):c.2991T>G (p.Tyr997Ter)	APC	Y979*, Y997*, Y871*, Y896*, Y906*, Y956*, Y1015*, Y714*, Y837*, Y1007*, Y969*, Y972*, Y938*	Familial adenomatous polyposis 1	VCV000469783	5	112174282	5	112838585	469783	454382	rs864622629	NC_000005.10:112838584:T:G	single nucleotide variant	nonsense	Pathogenic	Jun 4, 2021	criteria provided, single submitter							
NM_000038.6(APC):c.2991T>C (p.Tyr997=)	APC		Classic or attenuated familial adenomatous polyposis|Hereditary cancer-predisposing syndrome|Familial adenomatous polyposis 1	VCV000220693	5	112174282	5	112838585	220693	221502	rs864622629	NC_000005.10:112838584:T:C	single nucleotide variant	synonymous variant	Benign/Likely benign	Dec 9, 2025	criteria provided, multiple submitters, no conflicts							
NM_000038.6(APC):c.2995C>T (p.Gln999Ter)	APC	Q981*, Q999*, Q716*, Q873*, Q898*, Q940*, Q1017*, Q839*, Q1009*, Q908*, Q958*, Q971*, Q974*	Hereditary cancer-predisposing syndrome|Familial adenomatous polyposis 1|not provided	VCV000433639	5	112174286	5	112838589	433639	427276	rs75239284	NC_000005.10:112838588:C:T	single nucleotide variant	nonsense	Pathogenic	Jan 16, 2025	criteria provided, multiple submitters, no conflicts							
NM_000038.6(APC):c.2997A>G (p.Gln999=)	APC		not specified|Familial adenomatous polyposis 1|Hereditary cancer-predisposing syndrome	VCV000490255	5	112174288	5	112838591	490255	483899	rs1554084635	NC_000005.10:112838590:A:G	single nucleotide variant	synonymous variant	Benign/Likely benign	Dec 29, 2025	criteria provided, multiple submitters, no conflicts							
NM_000038.6(APC):c.3000C>G (p.Tyr1000Ter)	APC	Y1000*, Y1010*, Y1018*, Y1028*, Y616*, Y717*, Y840*, Y871*, Y874*, Y899*, Y909*, Y917*, Y941*, Y959*, Y972*, Y975*, Y982*, Y990*, Y993*	Familial adenomatous polyposis 1	VCV002584078	5	112174291	5	112838594	2584078	2751646	rs1580629755	NC_000005.10:112838593:C:G	single nucleotide variant	nonsense|non-coding transcript variant	Pathogenic	May 27, 2025	criteria provided, multiple submitters, no conflicts							
NM_000038.6(APC):c.3000C>A (p.Tyr1000Ter)	APC	Y1010*, Y959*, Y840*, Y874*, Y975*, Y1000*, Y1018*, Y717*, Y899*, Y909*, Y941*, Y972*, Y982*	Familial adenomatous polyposis 1|Hereditary cancer-predisposing syndrome	VCV000822551	5	112174291	5	112838594	822551	807981	rs1580629755	NC_000005.10:112838593:C:A	single nucleotide variant	nonsense	Pathogenic	May 5, 2023	criteria provided, multiple submitters, no conflicts							
NM_000038.6(APC):c.3006C>T (p.Ala1002=)	APC		Classic or attenuated familial adenomatous polyposis|APC-Associated Polyposis Disorders|Hereditary cancer-predisposing syndrome|not specified|not provided|Familial adenomatous polyposis 1	VCV000181778	5	112174297	5	112838600	181778	180193	rs72541810	NC_000005.10:112838599:C:T	single nucleotide variant	synonymous variant	Benign/Likely benign	Mar 1, 2026	criteria provided, multiple submitters, no conflicts							
NM_000038.6(APC):c.3012A>T (p.Leu1004=)	APC		Familial adenomatous polyposis 1	VCV003148306	5	112174303	5	112838606	3148306	3307554	rs767851390	NC_000005.10:112838605:A:T	single nucleotide variant	synonymous variant|non-coding transcript variant	Benign	Mar 15, 2024	criteria provided, single submitter							
NM_000038.6(APC):c.3015C>T (p.Ala1005=)	APC		Hereditary cancer-predisposing syndrome|Familial adenomatous polyposis 1	VCV000822594	5	112174306	5	112838609	822594	807982	rs928401523	NC_000005.10:112838608:C:T	single nucleotide variant	synonymous variant	Benign/Likely benign	Sep 14, 2025	criteria provided, multiple submitters, no conflicts							
NM_000038.6(APC):c.3019A>T (p.Lys1007Ter)	APC	K623*, K924*, K966*, K982*, K1025*, K878*, K881*, K948*, K1007*, K1017*, K1035*, K979*, K997*, K1000*, K724*, K847*, K906*, K916*, K989*	Hereditary cancer-predisposing syndrome	VCV001798879	5	112174310	5	112838613	1798879	1856148	rs2149882424	NC_000005.10:112838612:A:T	single nucleotide variant	nonsense	Pathogenic	Jun 22, 2021	criteria provided, single submitter							
NM_000038.6(APC):c.3027T>C (p.His1009=)	APC		Hereditary cancer-predisposing syndrome|not specified|Familial adenomatous polyposis 1	VCV000391500	5	112174318	5	112838621	391500	369299	rs938418357	NC_000005.10:112838620:T:C	single nucleotide variant	synonymous variant	Benign/Likely benign	Oct 25, 2025	criteria provided, multiple submitters, no conflicts							
NM_000038.6(APC):c.3030T>C (p.Ser1010=)	APC		Hereditary cancer-predisposing syndrome|Familial adenomatous polyposis 1	VCV000798372	5	112174321	5	112838624	798372	782084	rs1580630161	NC_000005.10:112838623:T:C	single nucleotide variant	synonymous variant	Benign/Likely benign	Mar 18, 2024	criteria provided, multiple submitters, no conflicts							
NM_000038.6(APC):c.3036T>C (p.Asn1012=)	APC		Hereditary cancer-predisposing syndrome|Familial adenomatous polyposis 1	VCV003148027	5	112174327	5	112838630	3148027	3307275	rs2149882824	NC_000005.10:112838629:T:C	single nucleotide variant	synonymous variant|non-coding transcript variant	Benign/Likely benign	Nov 11, 2024	criteria provided, multiple submitters, no conflicts							
NM_000038.6(APC):c.3045T>C (p.Asp1015=)	APC		not specified|Hereditary cancer-predisposing syndrome|Familial adenomatous polyposis 1	VCV000482286	5	112174336	5	112838639	482286	473720	rs1554084657	NC_000005.10:112838638:T:C	single nucleotide variant	synonymous variant	Benign/Likely benign	May 12, 2025	criteria provided, multiple submitters, no conflicts							
NM_000038.6(APC):c.3048T>C (p.Asp1016=)	APC		Hereditary cancer-predisposing syndrome|Familial adenomatous polyposis 1	VCV001143955	5	112174339	5	112838642	1143955	1136112	rs2149883068	NC_000005.10:112838641:T:C	single nucleotide variant	synonymous variant	Benign/Likely benign	May 15, 2025	criteria provided, multiple submitters, no conflicts							
NM_000038.6(APC):c.3055G>T (p.Gly1019Ter)	APC	G1001*, G1009*, G1012*, G1019*, G1029*, G1037*, G1047*, G635*, G736*, G859*, G890*, G893*, G918*, G928*, G936*, G960*, G978*, G991*, G994*	Familial adenomatous polyposis 1	VCV002583215	5	112174346	5	112838649	2583215	2750786	rs1765326033	NC_000005.10:112838648:G:T	single nucleotide variant	nonsense|non-coding transcript variant	Pathogenic	May 5, 2023	criteria provided, single submitter							
NM_000038.6(APC):c.3058G>T (p.Glu1020Ter)	APC	E860*, E919*, E737*, E979*, E992*, E1030*, E894*, E929*, E1002*, E1020*, E1038*, E961*, E995*	Hereditary cancer-predisposing syndrome	VCV000822747	5	112174349	5	112838652	822747	807983	rs1580630407	NC_000005.10:112838651:G:T	single nucleotide variant	nonsense	Pathogenic	Sep 26, 2018	criteria provided, single submitter							
NM_000038.6(APC):c.3060A>G (p.Glu1020=)	APC		not specified|Classic or attenuated familial adenomatous polyposis|Hereditary cancer-predisposing syndrome|Familial adenomatous polyposis 1	VCV000386765	5	112174351	5	112838654	386765	369306	rs1057522595	NC_000005.10:112838653:A:G	single nucleotide variant	synonymous variant	Benign/Likely benign	Mar 4, 2025	criteria provided, multiple submitters, no conflicts							
NM_000038.6(APC):c.3063A>G (p.Leu1021=)	APC		Classic or attenuated familial adenomatous polyposis|Hereditary cancer-predisposing syndrome|Familial adenomatous polyposis 1	VCV001799393	5	112174354	5	112838657	1799393	1855001	rs2149883468	NC_000005.10:112838656:A:G	single nucleotide variant	synonymous variant|non-coding transcript variant	Benign/Likely benign	Feb 9, 2025	criteria provided, multiple submitters, no conflicts							
NM_000038.6(APC):c.3072A>G (p.Pro1024=)	APC		Hereditary cancer-predisposing syndrome|Familial adenomatous polyposis 1|not provided	VCV000752259	5	112174363	5	112838666	752259	764699	rs1580630557	NC_000005.10:112838665:A:G	single nucleotide variant	synonymous variant	Benign/Likely benign	Feb 1, 2026	criteria provided, multiple submitters, no conflicts							
NM_000038.6(APC):c.3078T>C (p.Asn1026=)	APC		Familial adenomatous polyposis 1|Hereditary cancer-predisposing syndrome	VCV003148207	5	112174369	5	112838672	3148207	3307455	rs2149883840	NC_000005.10:112838671:T:C	single nucleotide variant	synonymous variant|non-coding transcript variant	Benign/Likely benign	May 31, 2025	criteria provided, multiple submitters, no conflicts							
NM_000038.6(APC):c.3081T>C (p.Tyr1027=)	APC		Classic or attenuated familial adenomatous polyposis|Hereditary cancer-predisposing syndrome|Familial adenomatous polyposis 1	VCV000236584	5	112174372	5	112838675	236584	239559	rs878853434	NC_000005.10:112838674:T:C	single nucleotide variant	synonymous variant	Benign/Likely benign	May 13, 2025	criteria provided, multiple submitters, no conflicts							
NM_000038.6(APC):c.3084T>C (p.Ser1028=)	APC		Familial adenomatous polyposis 1|Hereditary cancer-predisposing syndrome	VCV000749004	5	112174375	5	112838678	749004	749133	rs876660265	NC_000005.10:112838677:T:C	single nucleotide variant	synonymous variant	Benign/Likely benign	Feb 5, 2025	criteria provided, multiple submitters, no conflicts							
NM_000038.6(APC):c.3088A>T (p.Lys1030Ter)	APC	K1030*, K1012*, K929*, K1005*, K1048*, K870*, K989*, K747*, K971*, K1002*, K1040*, K904*, K939*	not provided|Familial adenomatous polyposis 1	VCV000127284	5	112174379	5	112838682	127284	132741	rs587779786	NC_000005.10:112838681:A:T	single nucleotide variant	nonsense	Pathogenic	Nov 8, 2019	criteria provided, multiple submitters, no conflicts							
NM_000038.6(APC):c.3093T>G (p.Tyr1031Ter)	APC	Y1003*, Y1006*, Y1013*, Y1021*, Y1024*, Y1031*, Y1041*, Y1049*, Y1059*, Y647*, Y748*, Y871*, Y902*, Y905*, Y930*, Y940*, Y948*, Y972*, Y990*	Familial adenomatous polyposis 1|Hereditary cancer-predisposing syndrome	VCV002583965	5	112174384	5	112838687	2583965	2751534	rs2149884161	NC_000005.10:112838686:T:G	single nucleotide variant	nonsense|non-coding transcript variant	Pathogenic	Sep 30, 2025	criteria provided, multiple submitters, no conflicts							
NM_000038.6(APC):c.3095C>G (p.Ser1032Ter)	APC	S1004*, S1007*, S1014*, S1022*, S1025*, S1032*, S1042*, S1050*, S1060*, S648*, S749*, S872*, S903*, S906*, S931*, S941*, S949*, S973*, S991*	Hereditary cancer-predisposing syndrome|Familial adenomatous polyposis 1	VCV002583704	5	112174386	5	112838689	2583704	2751275	rs2149884210	NC_000005.10:112838688:C:G	single nucleotide variant	nonsense|non-coding transcript variant	Pathogenic	Oct 16, 2025	criteria provided, multiple submitters, no conflicts							
NM_000038.6(APC):c.3102G>A (p.Glu1034=)	APC		Classic or attenuated familial adenomatous polyposis|Hereditary cancer-predisposing syndrome|not provided|Familial adenomatous polyposis 1	VCV000799232	5	112174393	5	112838696	799232	782085	rs1580630877	NC_000005.10:112838695:G:A	single nucleotide variant	synonymous variant	Benign/Likely benign	Aug 1, 2025	criteria provided, multiple submitters, no conflicts							
NM_000038.6(APC):c.3103C>T (p.Gln1035Ter)	APC	Q1007*, Q1010*, Q1017*, Q1035*, Q1045*, Q1053*, Q752*, Q875*, Q909*, Q934*, Q944*, Q976*, Q994*	Hereditary cancer-predisposing syndrome|Familial adenomatous polyposis 1	VCV001074002	5	112174394	5	112838697	1074002	1060141	rs2149884384	NC_000005.10:112838696:C:T	single nucleotide variant	nonsense	Pathogenic	Oct 6, 2025	criteria provided, multiple submitters, no conflicts							
NM_000038.6(APC):c.3117A>G (p.Gly1039=)	APC		Hereditary cancer-predisposing syndrome|Familial adenomatous polyposis 1	VCV001111649	5	112174408	5	112838711	1111649	1093639	rs1580631098	NC_000005.10:112838710:A:G	single nucleotide variant	synonymous variant	Benign/Likely benign	Sep 14, 2025	criteria provided, multiple submitters, no conflicts							
NM_000038.6(APC):c.3117A>C (p.Gly1039=)	APC		Classic or attenuated familial adenomatous polyposis|Familial adenomatous polyposis 1|Hereditary cancer-predisposing syndrome|not specified	VCV000812064	5	112174408	5	112838711	812064	799390	rs1580631098	NC_000005.10:112838710:A:C	single nucleotide variant	synonymous variant	Benign/Likely benign	Oct 20, 2025	criteria provided, multiple submitters, no conflicts							
NM_000038.6(APC):c.3120G>A (p.Arg1040=)	APC		Hereditary cancer-predisposing syndrome|Familial adenomatous polyposis 1	VCV001131997	5	112174411	5	112838714	1131997	1115171	rs2149884761	NC_000005.10:112838713:G:A	single nucleotide variant	synonymous variant	Benign/Likely benign	Feb 28, 2026	criteria provided, multiple submitters, no conflicts							
NM_000038.6(APC):c.3121C>T (p.Gln1041Ter)	APC	Q1059*, Q758*, Q915*, Q1000*, Q1051*, Q940*, Q950*, Q1016*, Q1041*, Q982*, Q1013*, Q1023*, Q881*	Familial adenomatous polyposis 1|Hereditary cancer-predisposing syndrome	VCV000822934	5	112174412	5	112838715	822934	807989	rs1580631181	NC_000005.10:112838714:C:T	single nucleotide variant	nonsense	Pathogenic	May 21, 2025	criteria provided, multiple submitters, no conflicts							
NM_000038.6(APC):c.3123A>G (p.Gln1041=)	APC		Classic or attenuated familial adenomatous polyposis|Hereditary cancer-predisposing syndrome|not specified|Familial adenomatous polyposis 1	VCV000184251	5	112174414	5	112838717	184251	182373	rs537501804	NC_000005.10:112838716:A:G	single nucleotide variant	synonymous variant	Benign/Likely benign	Jan 27, 2026	criteria provided, multiple submitters, no conflicts							
NM_000038.6(APC):c.3133C>T (p.Gln1045Ter)	APC	Q1004*, Q1017*, Q1020*, Q1027*, Q1045*, Q1055*, Q1063*, Q762*, Q885*, Q919*, Q944*, Q954*, Q986*	Familial adenomatous polyposis 1|Hereditary cancer-predisposing syndrome|not provided	VCV001163452	5	112174424	5	112838727	1163452	1152143	rs2149885099	NC_000005.10:112838726:C:T	single nucleotide variant	nonsense	Pathogenic/Likely pathogenic	Oct 11, 2025	criteria provided, multiple submitters, no conflicts							
NM_000038.6(APC):c.3138T>C (p.Asn1046=)	APC		Hereditary cancer-predisposing syndrome|Familial adenomatous polyposis 1	VCV001728041	5	112174429	5	112838732	1728041	1794909	rs1765342541	NC_000005.10:112838731:T:C	single nucleotide variant	synonymous variant|non-coding transcript variant	Benign/Likely benign	Aug 28, 2024	criteria provided, multiple submitters, no conflicts							
NM_000038.6(APC):c.3141A>G (p.Glu1047=)	APC		Familial adenomatous polyposis 1|Hereditary cancer-predisposing syndrome|Classic or attenuated familial adenomatous polyposis	VCV001171545	5	112174432	5	112838735	1171545	1160557	rs2149885282	NC_000005.10:112838734:A:G	single nucleotide variant	synonymous variant	Benign/Likely benign	Mar 18, 2024	criteria provided, multiple submitters, no conflicts							
NM_000038.6(APC):c.3146G>A (p.Trp1049Ter)	APC	W1031*, W1049*, W766*, W923*, W958*, W990*, W1024*, W1059*, W1008*, W1021*, W889*, W1067*, W948*	not specified|Hereditary cancer-predisposing syndrome|Familial adenomatous polyposis 1	VCV000230610	5	112174437	5	112838740	230610	233077	rs876658667	NC_000005.10:112838739:G:A	single nucleotide variant	nonsense	Pathogenic	Aug 30, 2023	criteria provided, multiple submitters, no conflicts							
NM_000038.6(APC):c.3147G>A (p.Trp1049Ter)	APC	W1031*, W1049*, W766*, W923*, W958*, W990*, W1024*, W1059*, W1067*, W948*, W1008*, W1021*, W889*	Hereditary cancer-predisposing syndrome|Familial adenomatous polyposis 1	VCV000217964	5	112174438	5	112838741	217964	214710	rs863225340	NC_000005.10:112838740:G:A	single nucleotide variant	nonsense	Pathogenic	Jun 19, 2025	criteria provided, multiple submitters, no conflicts							
NM_000038.6(APC):c.3150A>G (p.Ala1050=)	APC		Hereditary cancer-predisposing syndrome|Classic or attenuated familial adenomatous polyposis|Familial adenomatous polyposis 1	VCV000537630	5	112174441	5	112838744	537630	520774	rs1554084742	NC_000005.10:112838743:A:G	single nucleotide variant	synonymous variant	Benign/Likely benign	Mar 5, 2025	criteria provided, multiple submitters, no conflicts							
NM_000038.6(APC):c.3151A>C (p.Arg1051=)	APC		Hereditary cancer-predisposing syndrome|Familial adenomatous polyposis 1|not specified|Classic or attenuated familial adenomatous polyposis	VCV000490256	5	112174442	5	112838745	490256	483941	rs757981620	NC_000005.10:112838744:A:C	single nucleotide variant	synonymous variant	Benign/Likely benign	May 9, 2025	criteria provided, multiple submitters, no conflicts							
NM_000038.6(APC):c.3156C>T (p.Pro1052=)	APC		Familial adenomatous polyposis 1|Hereditary cancer-predisposing syndrome	VCV001728235	5	112174447	5	112838750	1728235	1791635	rs2149885598	NC_000005.10:112838749:C:T	single nucleotide variant	synonymous variant|non-coding transcript variant	Benign/Likely benign	Mar 18, 2024	criteria provided, multiple submitters, no conflicts							
NM_000038.6(APC):c.3162C>T (p.His1054=)	APC		Hereditary cancer-predisposing syndrome|Familial adenomatous polyposis 1	VCV000482391	5	112174453	5	112838756	482391	473993	rs1554084767	NC_000005.10:112838755:C:T	single nucleotide variant	synonymous variant	Benign/Likely benign	Nov 5, 2025	criteria provided, multiple submitters, no conflicts							
NM_000038.6(APC):c.3165A>T (p.Ile1055=)	APC		APC-Associated Polyposis Disorders|Hereditary cancer-predisposing syndrome|not specified|not provided|Familial multiple polyposis syndrome|Familial adenomatous polyposis 1	VCV000132763	5	112174456	5	112838759	132763	136511	rs61734287	NC_000005.10:112838758:A:T	single nucleotide variant	synonymous variant	Benign/Likely benign	Apr 1, 2026	criteria provided, multiple submitters, no conflicts							
NM_000038.6(APC):c.3171A>G (p.Glu1057=)	APC		Familial adenomatous polyposis 1	VCV003148808	5	112174462	5	112838765	3148808	3308056	rs2149885961	NC_000005.10:112838764:A:G	single nucleotide variant	synonymous variant|non-coding transcript variant	Benign	Mar 18, 2024	criteria provided, single submitter							
NM_000038.6(APC):c.3174T>C (p.Asp1058=)	APC		Hereditary cancer-predisposing syndrome|Familial adenomatous polyposis 1	VCV001564236	5	112174465	5	112838768	1564236	1589257	rs1561582572	NC_000005.10:112838767:T:C	single nucleotide variant	synonymous variant	Benign/Likely benign	Mar 18, 2024	criteria provided, multiple submitters, no conflicts							
NM_000038.6(APC):c.3175G>T (p.Glu1059Ter)	APC	E1000*, E1018*, E1031*, E1034*, E1041*, E1049*, E1052*, E1059*, E1069*, E1077*, E1087*, E675*, E776*, E899*, E930*, E933*, E958*, E968*, E976*	Familial adenomatous polyposis 1	VCV002584018	5	112174466	5	112838769	2584018	2751587	rs1253882360	NC_000005.10:112838768:G:T	single nucleotide variant	nonsense|non-coding transcript variant	Pathogenic	May 5, 2023	criteria provided, single submitter							
NM_000038.6(APC):c.3177A>G (p.Glu1059=)	APC		Familial adenomatous polyposis 1	VCV003147999	5	112174468	5	112838771	3147999	3307247	rs2149886095	NC_000005.10:112838770:A:G	single nucleotide variant	synonymous variant|non-coding transcript variant	Benign	Mar 18, 2024	criteria provided, single submitter							
NM_000038.6(APC):c.3183A>G (p.Lys1061=)	APC		not provided|Familial adenomatous polyposis 1|Hereditary cancer-predisposing syndrome	VCV000823112	5	112174474	5	112838777	823112	807990	rs1580632127	NC_000005.10:112838776:A:G	single nucleotide variant	synonymous variant	Benign/Likely benign	Nov 15, 2025	criteria provided, multiple submitters, no conflicts							
NM_000038.6(APC):c.3184C>T (p.Gln1062Ter)	APC	Q1044*, Q1062*, Q1021*, Q961*, Q971*, Q936*, Q1003*, Q1034*, Q1037*, Q779*, Q1072*, Q1080*, Q902*	Hereditary cancer-predisposing syndrome|Familial adenomatous polyposis 1	VCV000469912	5	112174475	5	112838778	469912	454389	rs1554084818	NC_000005.10:112838777:C:T	single nucleotide variant	nonsense	Pathogenic	Mar 25, 2024	criteria provided, multiple submitters, no conflicts							
NM_000038.6(APC):c.3193C>T (p.Gln1065Ter)	APC	Q1006*, Q1024*, Q1037*, Q1040*, Q1047*, Q1055*, Q1058*, Q1065*, Q1075*, Q1083*, Q1093*, Q681*, Q782*, Q905*, Q936*, Q939*, Q964*, Q974*, Q982*	Familial adenomatous polyposis 1	VCV003239719	5	112174484	5	112838787	3239719	3398707	rs1330361513	NC_000005.10:112838786:C:T	single nucleotide variant	nonsense|non-coding transcript variant	Pathogenic	Jul 18, 2023	criteria provided, single submitter							
NM_000038.6(APC):c.3195A>G (p.Gln1065=)	APC		Familial adenomatous polyposis 1|not provided|Hereditary cancer-predisposing syndrome|Classic or attenuated familial adenomatous polyposis	VCV000490257	5	112174486	5	112838789	490257	483950	rs1554084837	NC_000005.10:112838788:A:G	single nucleotide variant	synonymous variant	Benign/Likely benign	Jun 22, 2025	criteria provided, multiple submitters, no conflicts							
NM_000038.6(APC):c.3199C>T (p.Gln1067Ter)	APC	Q1067*, Q1049*, Q1026*, Q1039*, Q784*, Q907*, Q1042*, Q1077*, Q1085*, Q966*, Q976*, Q1008*, Q941*	Hereditary cancer-predisposing syndrome|Familial adenomatous polyposis 1	VCV000000803	5	112174490	5	112838793	803	15842	rs137854571	NC_000005.10:112838792:C:T	single nucleotide variant	nonsense	Pathogenic	Jun 12, 2025	criteria provided, multiple submitters, no conflicts							
NM_000038.6(APC):c.3201A>G (p.Gln1067=)	APC		Hereditary cancer-predisposing syndrome|Familial adenomatous polyposis 1	VCV000795569	5	112174492	5	112838795	795569	782086	rs1216272276	NC_000005.10:112838794:A:G	single nucleotide variant	synonymous variant	Benign/Likely benign	Mar 18, 2024	criteria provided, multiple submitters, no conflicts							
NM_000038.6(APC):c.3203C>A (p.Ser1068Ter)	APC	S1068*, S1050*, S1040*, S1043*, S1027*, S1078*, S785*, S942*, S967*, S1086*, S908*, S977*, S1009*	Familial adenomatous polyposis 1|Hereditary cancer-predisposing syndrome	VCV000579696	5	112174494	5	112838797	579696	562406	rs1554084848	NC_000005.10:112838796:C:A	single nucleotide variant	nonsense	Pathogenic	May 27, 2026	criteria provided, multiple submitters, no conflicts							
NM_000038.6(APC):c.3203C>G (p.Ser1068Ter)	APC	S1050*, S1068*, S1040*, S1043*, S785*, S1009*, S1027*, S1078*, S942*, S1086*, S908*, S967*, S977*	Familial adenomatous polyposis 1|Hereditary cancer-predisposing syndrome	VCV000490258	5	112174494	5	112838797	490258	483957	rs1554084848	NC_000005.10:112838796:C:G	single nucleotide variant	nonsense	Pathogenic	Sep 15, 2025	criteria provided, multiple submitters, no conflicts							
NM_000038.6(APC):c.3207G>A (p.Arg1069=)	APC		not specified|Hereditary cancer-predisposing syndrome|Familial adenomatous polyposis 1	VCV000382101	5	112174498	5	112838801	382101	368115	rs762867687	NC_000005.10:112838800:G:A	single nucleotide variant	synonymous variant	Benign/Likely benign	Jan 11, 2026	criteria provided, multiple submitters, no conflicts							
NM_000038.6(APC):c.3211C>T (p.Gln1071Ter)	APC	Q1053*, Q1071*, Q1012*, Q1030*, Q945*, Q970*, Q980*, Q1089*, Q1043*, Q1046*, Q1081*, Q788*, Q911*	Hereditary cancer-predisposing syndrome|not provided|Familial adenomatous polyposis 1	VCV000232078	5	112174502	5	112838805	232078	233080	rs876659539	NC_000005.10:112838804:C:T	single nucleotide variant	nonsense	Pathogenic	Nov 18, 2025	criteria provided, multiple submitters, no conflicts							
NM_000038.6(APC):c.3219A>C (p.Thr1073=)	APC		Familial adenomatous polyposis 1|Hereditary cancer-predisposing syndrome	VCV001332644	5	112174510	5	112838813	1332644	1323362	rs2149887167	NC_000005.10:112838812:A:C	single nucleotide variant	synonymous variant	Benign/Likely benign	Jul 14, 2025	criteria provided, multiple submitters, no conflicts							
NM_000038.6(APC):c.3225T>A (p.Tyr1075Ter)	APC	Y792*, Y1016*, Y1075*, Y1085*, Y915*, Y949*, Y974*, Y1034*, Y1047*, Y1093*, Y984*, Y1050*, Y1057*	Hereditary cancer-predisposing syndrome|Familial adenomatous polyposis 1	VCV000845025	5	112174516	5	112838819	845025	829686	rs768123840	NC_000005.10:112838818:T:A	single nucleotide variant	nonsense	Pathogenic	Dec 30, 2024	criteria provided, multiple submitters, no conflicts							
NM_000038.6(APC):c.3225T>C (p.Tyr1075=)	APC		Classic or attenuated familial adenomatous polyposis|Hereditary cancer-predisposing syndrome|not provided|Familial adenomatous polyposis 1	VCV000416771	5	112174516	5	112838819	416771	394495	rs768123840	NC_000005.10:112838818:T:C	single nucleotide variant	synonymous variant	Benign/Likely benign	Jan 1, 2026	criteria provided, multiple submitters, no conflicts							
NM_000038.6(APC):c.3237T>C (p.Thr1079=)	APC		Familial adenomatous polyposis 1	VCV003148024	5	112174528	5	112838831	3148024	3307272	rs2149887608	NC_000005.10:112838830:T:C	single nucleotide variant	synonymous variant|non-coding transcript variant	Benign	Mar 18, 2024	criteria provided, single submitter							
NM_000038.6(APC):c.3240G>A (p.Glu1080=)	APC		Hereditary cancer-predisposing syndrome|Familial adenomatous polyposis 1	VCV000823273	5	112174531	5	112838834	823273	807992	rs760005647	NC_000005.10:112838833:G:A	single nucleotide variant	synonymous variant	Benign/Likely benign	Apr 18, 2025	criteria provided, multiple submitters, no conflicts							
NM_000038.6(APC):c.3243C>T (p.Ser1081=)	APC		Hereditary cancer-predisposing syndrome|Familial adenomatous polyposis 1	VCV000627928	5	112174534	5	112838837	627928	617110	rs1561583244	NC_000005.10:112838836:C:T	single nucleotide variant	synonymous variant	Benign/Likely benign	Mar 18, 2024	criteria provided, multiple submitters, no conflicts							
NM_000038.6(APC):c.3246T>C (p.Thr1082=)	APC		Hereditary cancer-predisposing syndrome|Familial adenomatous polyposis 1	VCV001729347	5	112174537	5	112838840	1729347	1795023	rs1765373337	NC_000005.10:112838839:T:C	single nucleotide variant	synonymous variant|non-coding transcript variant	Benign/Likely benign	Jun 23, 2025	criteria provided, multiple submitters, no conflicts							
NM_000038.6(APC):c.3249T>G (p.Asp1083Glu)	APC	D1083E, D1065E, D1024E, D1101E, D923E, D1055E, D1058E, D800E, D957E, D1042E, D1093E, D982E, D992E	APC-Associated Polyposis Disorders|Hereditary cancer-predisposing syndrome|not specified|not provided|Familial adenomatous polyposis 1	VCV000041525	5	112174540	5	112838843	41525	49964	rs201629780	NC_000005.10:112838842:T:G	single nucleotide variant	missense variant	Benign/Likely benign	Jan 19, 2026	criteria provided, multiple submitters, no conflicts							
NM_000038.6(APC):c.3258C>T (p.His1086=)	APC		Classic or attenuated familial adenomatous polyposis|Hereditary cancer-predisposing syndrome|not provided|Familial adenomatous polyposis 1	VCV000183831	5	112174549	5	112838852	183831	182376	rs778031876	NC_000005.10:112838851:C:T	single nucleotide variant	synonymous variant	Benign/Likely benign	Oct 23, 2025	criteria provided, multiple submitters, no conflicts							
NM_000038.6(APC):c.3264G>A (p.Lys1088=)	APC		Classic or attenuated familial adenomatous polyposis|Hereditary cancer-predisposing syndrome|not provided|not specified|Familial adenomatous polyposis 1	VCV000136409	5	112174555	5	112838858	136409	140112	rs114774495	NC_000005.10:112838857:G:A	single nucleotide variant	synonymous variant	Benign/Likely benign	Feb 3, 2026	criteria provided, multiple submitters, no conflicts							
NM_000038.6(APC):c.3268C>T (p.Gln1090Ter)	APC	Q1031*, Q1062*, Q1065*, Q964*, Q1049*, Q1090*, Q1100*, Q807*, Q999*, Q1108*, Q1072*, Q930*, Q989*	Familial adenomatous polyposis 1|Hereditary cancer-predisposing syndrome	VCV000823353	5	112174559	5	112838862	823353	807993	rs1580633219	NC_000005.10:112838861:C:T	single nucleotide variant	nonsense	Pathogenic	Jul 2, 2024	criteria provided, multiple submitters, no conflicts							
NM_000038.6(APC):c.3270A>G (p.Gln1090=)	APC		Classic or attenuated familial adenomatous polyposis|Hereditary cancer-predisposing syndrome|not provided|Familial adenomatous polyposis 1	VCV000236587	5	112174561	5	112838864	236587	239562	rs780818655	NC_000005.10:112838863:A:G	single nucleotide variant	synonymous variant	Benign/Likely benign	Oct 23, 2025	criteria provided, multiple submitters, no conflicts							
NM_000038.6(APC):c.3276T>C (p.His1092=)	APC		Familial adenomatous polyposis 1|Hereditary cancer-predisposing syndrome	VCV000766679	5	112174567	5	112838870	766679	764700	rs1580633332	NC_000005.10:112838869:T:C	single nucleotide variant	synonymous variant	Benign/Likely benign	Mar 18, 2024	criteria provided, multiple submitters, no conflicts							
NM_000038.6(APC):c.3283C>T (p.Gln1095Ter)	APC	Q1004*, Q1036*, Q1054*, Q1067*, Q1070*, Q1077*, Q1095*, Q1105*, Q1113*, Q812*, Q935*, Q969*, Q994*	Hereditary cancer-predisposing syndrome|not provided|Familial adenomatous polyposis 1	VCV001330074	5	112174574	5	112838877	1330074	1320757	rs2149888710	NC_000005.10:112838876:C:T	single nucleotide variant	nonsense	Pathogenic/Likely pathogenic	Dec 23, 2025	criteria provided, multiple submitters, no conflicts							
NM_000038.6(APC):c.3285G>A (p.Gln1095=)	APC		Hereditary cancer-predisposing syndrome|Familial adenomatous polyposis 1	VCV000823431	5	112174576	5	112838879	823431	807995	rs1580633428	NC_000005.10:112838878:G:A	single nucleotide variant	synonymous variant	Benign/Likely benign	Nov 7, 2024	criteria provided, multiple submitters, no conflicts							
NM_000038.6(APC):c.3286C>T (p.Gln1096Ter)	APC	Q1078*, Q1096*, Q1037*, Q936*, Q995*, Q1005*, Q1055*, Q813*, Q970*, Q1071*, Q1068*, Q1106*, Q1114*	Hereditary cancer-predisposing syndrome|Familial adenomatous polyposis 1	VCV000156475	5	112174577	5	112838880	156475	166240	rs587783029	NC_000005.10:112838879:C:T	single nucleotide variant	nonsense	Pathogenic	Feb 4, 2025	criteria provided, multiple submitters, no conflicts							
NM_000038.6(APC):c.3288G>A (p.Gln1096=)	APC		Hereditary cancer-predisposing syndrome|Familial adenomatous polyposis 1	VCV001641886	5	112174579	5	112838882	1641886	1650929	rs1765383284	NC_000005.10:112838881:G:A	single nucleotide variant	synonymous variant	Benign/Likely benign	Mar 18, 2024	criteria provided, multiple submitters, no conflicts							
NM_000038.6(APC):c.3291A>G (p.Glu1097=)	APC		Hereditary cancer-predisposing syndrome|Familial adenomatous polyposis 1	VCV002954632	5	112174582	5	112838885	2954632	3114986	rs2149888846	NC_000005.10:112838884:A:G	single nucleotide variant	synonymous variant|non-coding transcript variant	Benign/Likely benign	Jul 9, 2025	criteria provided, multiple submitters, no conflicts							
NM_000038.6(APC):c.3294T>A (p.Cys1098Ter)	APC	C1015*, C1057*, C1108*, C714*, C1080*, C1116*, C815*, C1007*, C1073*, C1088*, C1098*, C1126*, C938*, C969*, C997*, C1039*, C1070*, C1091*, C972*	Hereditary cancer-predisposing syndrome	VCV004121142	5	112174585	5	112838888	4121142	4233305		NC_000005.10:112838887:T:A	single nucleotide variant	nonsense|non-coding transcript variant	Pathogenic	Aug 5, 2025	criteria provided, single submitter							
NM_000038.6(APC):c.3303A>G (p.Pro1101=)	APC		Familial adenomatous polyposis 1|Hereditary cancer-predisposing syndrome	VCV000135696	5	112174594	5	112838897	135696	139408	rs587780594	NC_000005.10:112838896:A:G	single nucleotide variant	synonymous variant	Benign/Likely benign	Aug 27, 2025	criteria provided, multiple submitters, no conflicts							
NM_000038.6(APC):c.3306C>G (p.Tyr1102Ter)	APC	Y1102*, Y1084*, Y1043*, Y1112*, Y1120*, Y976*, Y1061*, Y1074*, Y1077*, Y819*, Y942*, Y1001*, Y1011*	Hereditary cancer-predisposing syndrome|Familial adenomatous polyposis 1	VCV000469916	5	112174597	5	112838900	469916	453964	rs879254092	NC_000005.10:112838899:C:G	single nucleotide variant	nonsense	Pathogenic	Nov 8, 2023	criteria provided, multiple submitters, no conflicts							
NM_000038.6(APC):c.3306C>T (p.Tyr1102=)	APC		Hereditary cancer-predisposing syndrome|not specified|Familial adenomatous polyposis 1	VCV000378946	5	112174597	5	112838900	378946	368117	rs879254092	NC_000005.10:112838899:C:T	single nucleotide variant	synonymous variant	Benign/Likely benign	Dec 24, 2025	criteria provided, multiple submitters, no conflicts							
NM_000038.6(APC):c.3306C>A (p.Tyr1102Ter)	APC	Y1084*, Y1102*, Y819*, Y942*, Y1001*, Y1011*, Y1074*, Y1077*, Y1043*, Y1120*, Y1061*, Y1112*, Y976*	not provided|Familial adenomatous polyposis 1	VCV000246089	5	112174597	5	112838900	246089	244428	rs879254092	NC_000005.10:112838899:C:A	single nucleotide variant	nonsense	Pathogenic	May 8, 2023	criteria provided, multiple submitters, no conflicts							
NM_000038.6(APC):c.3311C>A (p.Ser1104Ter)	APC	S1076*, S944*, S978*, S1003*, S1086*, S1045*, S1063*, S1104*, S1122*, S1013*, S1079*, S1114*, S821*	Familial adenomatous polyposis 1	VCV000948120	5	112174602	5	112838905	948120	923659	rs1580633796	NC_000005.10:112838904:C:A	single nucleotide variant	nonsense	Pathogenic/Likely pathogenic	Jan 22, 2026	criteria provided, multiple submitters, no conflicts							
NM_000038.6(APC):c.3311C>G (p.Ser1104Ter)	APC	S1076*, S978*, S1003*, S1013*, S1079*, S1114*, S821*, S944*, S1045*, S1063*, S1086*, S1104*, S1122*	Classic or attenuated familial adenomatous polyposis|Familial adenomatous polyposis 1	VCV000647928	5	112174602	5	112838905	647928	632679	rs1580633796	NC_000005.10:112838904:C:G	single nucleotide variant	nonsense	Pathogenic	Nov 20, 2023	criteria provided, multiple submitters, no conflicts							
NM_000038.6(APC):c.3316G>T (p.Gly1106Ter)	APC	G1106*, G1088*, G1078*, G1124*, G823*, G980*, G1015*, G1047*, G1065*, G946*, G1005*, G1081*, G1116*	Familial adenomatous polyposis 1	VCV000469917	5	112174607	5	112838910	469917	453966	rs1554084921	NC_000005.10:112838909:G:T	single nucleotide variant	nonsense	Pathogenic	Apr 30, 2017	criteria provided, single submitter							
NM_000038.6(APC):c.3324T>C (p.Asn1108=)	APC		Familial adenomatous polyposis 1	VCV003148747	5	112174615	5	112838918	3148747	3307995	rs1765394805	NC_000005.10:112838917:T:C	single nucleotide variant	synonymous variant|non-coding transcript variant	Benign	Mar 18, 2024	criteria provided, single submitter							
NM_000038.6(APC):c.3329C>G (p.Ser1110Ter)	APC	S1009*, S1019*, S1051*, S1069*, S1082*, S1085*, S1092*, S1110*, S1120*, S1128*, S827*, S950*, S984*	Familial multiple polyposis syndrome|Familial adenomatous polyposis 1	VCV000928634	5	112174620	5	112838923	928634	916938	rs1580634079	NC_000005.10:112838922:C:G	single nucleotide variant	nonsense	Pathogenic	May 8, 2023	criteria provided, multiple submitters, no conflicts							
NM_000038.6(APC):c.3329C>A (p.Ser1110Ter)	APC	S1085*, S1120*, S1128*, S827*, S984*, S1082*, S1092*, S1110*, S1051*, S950*, S1009*, S1019*, S1069*	Familial adenomatous polyposis 1	VCV000851718	5	112174620	5	112838923	851718	829690	rs1580634079	NC_000005.10:112838922:C:A	single nucleotide variant	nonsense	Pathogenic	Apr 10, 2024	criteria provided, single submitter							
NM_000038.6(APC):c.3330A>C (p.Ser1110=)	APC		Familial adenomatous polyposis 1|Hereditary cancer-predisposing syndrome	VCV002452702	5	112174621	5	112838924	2452702	2433684	rs2149889692	NC_000005.10:112838923:A:C	single nucleotide variant	synonymous variant|non-coding transcript variant	Benign/Likely benign	Feb 15, 2025	criteria provided, multiple submitters, no conflicts							
NM_000038.6(APC):c.3336A>T (p.Thr1112=)	APC		Hereditary cancer-predisposing syndrome|Familial adenomatous polyposis 1	VCV000919522	5	112174627	5	112838930	919522	909928	rs1765397627	NC_000005.10:112838929:A:T	single nucleotide variant	synonymous variant	Benign/Likely benign	Mar 18, 2024	criteria provided, multiple submitters, no conflicts							
NM_000038.6(APC):c.3340C>A (p.Arg1114=)	APC		Classic or attenuated familial adenomatous polyposis|Hereditary cancer-predisposing syndrome|Familial adenomatous polyposis 1	VCV000755220	5	112174631	5	112838934	755220	764702	rs121913331	NC_000005.10:112838933:C:A	single nucleotide variant	synonymous variant	Benign/Likely benign	Dec 8, 2025	criteria provided, multiple submitters, no conflicts							
NM_000038.6(APC):c.3340C>T (p.Arg1114Ter)	APC	R1096*, R1114*, R1013*, R1023*, R1073*, R1086*, R1089*, R1124*, R1132*, R954*, R988*, R831*, R1055*	Hereditary cancer-predisposing syndrome|Familial adenomatous polyposis 1|not provided|Familial multiple polyposis syndrome|Neoplasm	VCV000236589	5	112174631	5	112838934	236589	239564	rs121913331	NC_000005.10:112838933:C:T	single nucleotide variant	nonsense	Pathogenic	May 29, 2026	criteria provided, multiple submitters, no conflicts				Likely oncogenic	Mar 4, 2025	criteria provided, single submitter	
NM_000038.6(APC):c.3342A>G (p.Arg1114=)	APC		Classic or attenuated familial adenomatous polyposis|Hereditary cancer-predisposing syndrome|not specified|Familial adenomatous polyposis 1	VCV000183897	5	112174633	5	112838936	183897	182377	rs786201145	NC_000005.10:112838935:A:G	single nucleotide variant	synonymous variant	Benign/Likely benign	Oct 9, 2024	criteria provided, multiple submitters, no conflicts							
NM_000038.6(APC):c.3345G>A (p.Val1115=)	APC		Hereditary cancer-predisposing syndrome|Familial adenomatous polyposis 1	VCV001730457	5	112174636	5	112838939	1730457	1788791	rs1561584130	NC_000005.10:112838938:G:A	single nucleotide variant	synonymous variant|non-coding transcript variant	Benign/Likely benign	Mar 18, 2024	criteria provided, multiple submitters, no conflicts							
NM_000038.6(APC):c.3352A>G (p.Asn1118Asp)	APC	N1118D, N1100D, N1077D, N1090D, N1128D, N1136D, N958D, N1017D, N1027D, N1059D, N1093D, N835D, N992D	APC-Associated Polyposis Disorders|Hereditary cancer-predisposing syndrome|not specified|not provided|Familial adenomatous polyposis 1	VCV000041526	5	112174643	5	112838946	41526	49965	rs140493115	NC_000005.10:112838945:A:G	single nucleotide variant	missense variant	Benign/Likely benign	Apr 1, 2026	criteria provided, multiple submitters, no conflicts							
NM_000038.6(APC):c.3354T>C (p.Asn1118=)	APC		Familial adenomatous polyposis 1	VCV003148456	5	112174645	5	112838948	3148456	3307704	rs2149890216	NC_000005.10:112838947:T:C	single nucleotide variant	synonymous variant|non-coding transcript variant	Benign	Mar 18, 2024	criteria provided, single submitter							
NM_000038.6(APC):c.3357T>C (p.His1119=)	APC		Hereditary cancer-predisposing syndrome|Familial adenomatous polyposis 1	VCV000482485	5	112174648	5	112838951	482485	473734	rs1554084963	NC_000005.10:112838950:T:C	single nucleotide variant	synonymous variant	Benign/Likely benign	Mar 18, 2024	criteria provided, multiple submitters, no conflicts							
NM_000038.6(APC):c.3358G>T (p.Gly1120Ter)	APC	G1019*, G1029*, G1061*, G1079*, G1092*, G1095*, G1102*, G1120*, G1130*, G1138*, G837*, G960*, G994*	not provided	VCV000988493	5	112174649	5	112838952	988493	976269	rs1765404132	NC_000005.10:112838951:G:T	single nucleotide variant	nonsense	Pathogenic	Nov 3, 2016	criteria provided, single submitter							
NM_000038.6(APC):c.3366T>C (p.Asn1122=)	APC		Hereditary cancer-predisposing syndrome|Classic or attenuated familial adenomatous polyposis|Familial adenomatous polyposis 1	VCV001081741	5	112174657	5	112838960	1081741	1072031	rs1765405918	NC_000005.10:112838959:T:C	single nucleotide variant	synonymous variant	Benign/Likely benign	Mar 18, 2024	criteria provided, multiple submitters, no conflicts							
NM_000038.6(APC):c.3367C>T (p.Gln1123Ter)	APC	Q1064*, Q1095*, Q1098*, Q1123*, Q1133*, Q963*, Q1032*, Q1082*, Q997*, Q1022*, Q1105*, Q1141*, Q840*	Hereditary cancer-predisposing syndrome|Familial adenomatous polyposis 1	VCV000823671	5	112174658	5	112838961	823671	808002	rs1580634617	NC_000005.10:112838960:C:T	single nucleotide variant	nonsense	Pathogenic	May 8, 2023	criteria provided, multiple submitters, no conflicts							
NM_000038.6(APC):c.3372T>C (p.Asn1124=)	APC		Familial adenomatous polyposis 1|Hereditary cancer-predisposing syndrome	VCV003148782	5	112174663	5	112838966	3148782	3308030	rs1345898742	NC_000005.10:112838965:T:C	single nucleotide variant	synonymous variant|non-coding transcript variant	Benign/Likely benign	Jan 7, 2025	criteria provided, multiple submitters, no conflicts							
NM_000038.6(APC):c.3378C>T (p.Ser1126=)	APC		Hereditary cancer-predisposing syndrome|Familial adenomatous polyposis 1	VCV001624673	5	112174669	5	112838972	1624673	1629292	rs149353082	NC_000005.10:112838971:C:T	single nucleotide variant	synonymous variant	Benign/Likely benign	Mar 18, 2024	criteria provided, multiple submitters, no conflicts							
NM_000038.6(APC):c.3379C>T (p.Gln1127Ter)	APC	Q1036*, Q1109*, Q1137*, Q844*, Q1068*, Q967*, Q1001*, Q1026*, Q1099*, Q1145*, Q1086*, Q1102*, Q1127*	Familial adenomatous polyposis 1|Hereditary cancer-predisposing syndrome	VCV000856907	5	112174670	5	112838973	856907	829692	rs1765409926	NC_000005.10:112838972:C:T	single nucleotide variant	nonsense	Pathogenic	Jul 14, 2025	criteria provided, multiple submitters, no conflicts							
NM_000038.6(APC):c.3381G>A (p.Gln1127=)	APC		Hereditary cancer-predisposing syndrome|Familial adenomatous polyposis 1	VCV002723934	5	112174672	5	112838975	2723934	2881846	rs1554084977	NC_000005.10:112838974:G:A	single nucleotide variant	synonymous variant|non-coding transcript variant	Benign/Likely benign	Feb 12, 2025	criteria provided, multiple submitters, no conflicts							
NM_000038.6(APC):c.3386T>A (p.Leu1129Ter)	APC	L1104*, L1111*, L1122*, L1139*, L846*, L1000*, L1028*, L1038*, L1088*, L1101*, L1046*, L1070*, L1119*, L1147*, L1157*, L969*, L1003*, L1129*, L745*	Hereditary cancer-predisposing syndrome	VCV002452701	5	112174677	5	112838980	2452701	2433683	rs143638171	NC_000005.10:112838979:T:A	single nucleotide variant	nonsense|non-coding transcript variant	Pathogenic	Jan 5, 2023	criteria provided, single submitter							
NM_000038.6(APC):c.3386T>C (p.Leu1129Ser)	APC	L1129S, L1111S, L1104S, L1003S, L1088S, L1147S, L846S, L969S, L1038S, L1101S, L1028S, L1070S, L1139S	Classic or attenuated familial adenomatous polyposis|APC-Associated Polyposis Disorders|Hereditary cancer-predisposing syndrome|not specified|not provided|Familial adenomatous polyposis 1	VCV000041502	5	112174677	5	112838980	41502	49941	rs143638171	NC_000005.10:112838979:T:C	single nucleotide variant	missense variant	Benign/Likely benign	May 1, 2026	criteria provided, multiple submitters, no conflicts							
NM_000038.6(APC):c.3387G>A (p.Leu1129=)	APC		Familial adenomatous polyposis 1|not provided	VCV003148104	5	112174678	5	112838981	3148104	3307352	rs730881225	NC_000005.10:112838980:G:A	single nucleotide variant	synonymous variant|non-coding transcript variant	Benign/Likely benign	Mar 28, 2024	criteria provided, multiple submitters, no conflicts							
NM_000038.6(APC):c.3391C>T (p.Gln1131Ter)	APC	Q1113*, Q1131*, Q1005*, Q1030*, Q1106*, Q1141*, Q971*, Q1072*, Q1103*, Q1090*, Q1149*, Q1040*, Q848*	not provided|Hereditary cancer-predisposing syndrome|Familial adenomatous polyposis 1	VCV000236590	5	112174682	5	112838985	236590	239565	rs878853438	NC_000005.10:112838984:C:T	single nucleotide variant	nonsense	Pathogenic	Oct 21, 2024	criteria provided, multiple submitters, no conflicts							
NM_000038.6(APC):c.3393A>G (p.Gln1131=)	APC		Familial adenomatous polyposis 1|Hereditary cancer-predisposing syndrome|not specified|not provided	VCV000378947	5	112174684	5	112838987	378947	368062	rs545574962	NC_000005.10:112838986:A:G	single nucleotide variant	synonymous variant	Benign/Likely benign	Sep 5, 2025	criteria provided, multiple submitters, no conflicts							
NM_000038.6(APC):c.3394G>T (p.Glu1132Ter)	APC	E1107*, E1125*, E1132*, E1160*, E1041*, E1091*, E1122*, E748*, E1003*, E1006*, E1049*, E1073*, E1104*, E1150*, E972*, E1031*, E1114*, E1142*, E849*	Familial adenomatous polyposis 1	VCV003653024	5	112174685	5	112838988	3653024	3778413		NC_000005.10:112838987:G:T	single nucleotide variant	nonsense|non-coding transcript variant	Pathogenic	May 24, 2024	criteria provided, single submitter							
NM_000038.6(APC):c.3396A>G (p.Glu1132=)	APC		Hereditary cancer-predisposing syndrome|Familial adenomatous polyposis 1	VCV001605741	5	112174687	5	112838990	1605741	1646793	rs1561584490	NC_000005.10:112838989:A:G	single nucleotide variant	synonymous variant	Benign/Likely benign	Jul 26, 2024	criteria provided, multiple submitters, no conflicts							
NM_000038.6(APC):c.3399T>C (p.Asp1133=)	APC		Hereditary cancer-predisposing syndrome|Familial adenomatous polyposis 1	VCV001730966	5	112174690	5	112838993	1730966	1785954	rs1561584518	NC_000005.10:112838992:T:C	single nucleotide variant	synonymous variant|non-coding transcript variant	Benign/Likely benign	Mar 18, 2024	criteria provided, multiple submitters, no conflicts							
NM_000038.6(APC):c.3405T>C (p.Tyr1135=)	APC		Familial adenomatous polyposis 1	VCV003148761	5	112174696	5	112838999	3148761	3308009	rs2533495422	NC_000005.10:112838998:T:C	single nucleotide variant	synonymous variant|non-coding transcript variant	Benign	Mar 18, 2024	criteria provided, single submitter							
NM_000038.6(APC):c.3411T>C (p.Asp1137=)	APC		Familial adenomatous polyposis 1	VCV003148762	5	112174702	5	112839005	3148762	3308010	rs2149891369	NC_000005.10:112839004:T:C	single nucleotide variant	synonymous variant|non-coding transcript variant	Benign	Mar 18, 2024	criteria provided, single submitter							
NM_000038.6(APC):c.3417G>A (p.Lys1139=)	APC		Familial adenomatous polyposis 1|Hereditary cancer-predisposing syndrome	VCV003148113	5	112174708	5	112839011	3148113	3307361	rs2149891493	NC_000005.10:112839010:G:A	single nucleotide variant	synonymous variant|non-coding transcript variant	Benign/Likely benign	May 30, 2024	criteria provided, multiple submitters, no conflicts							
NM_000038.6(APC):c.3429T>A (p.Tyr1143Ter)	APC	Y1014*, Y1017*, Y1042*, Y1052*, Y1060*, Y1084*, Y1102*, Y1115*, Y1118*, Y1125*, Y1133*, Y1136*, Y1143*, Y1153*, Y1161*, Y1171*, Y759*, Y860*, Y983*	Familial adenomatous polyposis 1|Hereditary cancer-predisposing syndrome	VCV002583939	5	112174720	5	112839023	2583939	2751508	rs1554084999	NC_000005.10:112839022:T:A	single nucleotide variant	nonsense|non-coding transcript variant	Pathogenic	May 8, 2023	criteria provided, multiple submitters, no conflicts							
NM_000038.6(APC):c.3429T>C (p.Tyr1143=)	APC		Familial adenomatous polyposis 1|Classic or attenuated familial adenomatous polyposis|Hereditary cancer-predisposing syndrome	VCV000490263	5	112174720	5	112839023	490263	483805	rs1554084999	NC_000005.10:112839022:T:C	single nucleotide variant	synonymous variant	Benign/Likely benign	Aug 20, 2025	criteria provided, multiple submitters, no conflicts							
NM_000038.6(APC):c.3432T>C (p.Ser1144=)	APC		Hereditary cancer-predisposing syndrome|Familial adenomatous polyposis 1	VCV001936275	5	112174723	5	112839026	1936275	1986106	rs2533497511	NC_000005.10:112839025:T:C	single nucleotide variant	synonymous variant|non-coding transcript variant	Benign/Likely benign	Jan 24, 2026	criteria provided, multiple submitters, no conflicts							
NM_000038.6(APC):c.3441C>A (p.Tyr1147Ter)	APC	Y1064*, Y1106*, Y1137*, Y1140*, Y1175*, Y864*, Y1018*, Y1056*, Y1088*, Y1046*, Y1129*, Y1147*, Y1165*, Y1021*, Y1119*, Y1122*, Y1157*, Y763*, Y987*	Hereditary cancer-predisposing syndrome	VCV001731471	5	112174732	5	112839035	1731471	1795844	rs2149891970	NC_000005.10:112839034:C:A	single nucleotide variant	nonsense	Pathogenic	Oct 25, 2021	criteria provided, single submitter							
NM_000038.6(APC):c.3441C>G (p.Tyr1147Ter)	APC	Y1021*, Y1046*, Y1056*, Y1088*, Y1106*, Y1119*, Y1122*, Y1129*, Y1147*, Y1157*, Y1165*, Y864*, Y987*	Hereditary cancer-predisposing syndrome|Familial adenomatous polyposis 1	VCV001683653	5	112174732	5	112839035	1683653	1675584	rs2149891970	NC_000005.10:112839034:C:G	single nucleotide variant	nonsense	Pathogenic	Jan 8, 2025	criteria provided, multiple submitters, no conflicts							
NM_000038.6(APC):c.3441C>T (p.Tyr1147=)	APC		Hereditary cancer-predisposing syndrome|Familial adenomatous polyposis 1	VCV001567623	5	112174732	5	112839035	1567623	1591783	rs2149891970	NC_000005.10:112839034:C:T	single nucleotide variant	synonymous variant	Benign/Likely benign	Apr 7, 2025	criteria provided, multiple submitters, no conflicts							
NM_000038.6(APC):c.3445G>T (p.Glu1149Ter)	APC	E1058*, E1090*, E1124*, E1167*, E866*, E1048*, E1108*, E1159*, E989*, E1121*, E1149*, E1023*, E1131*	Familial adenomatous polyposis 1	VCV001401969	5	112174736	5	112839039	1401969	1453779	rs371117193	NC_000005.10:112839038:G:T	single nucleotide variant	nonsense	Pathogenic	Nov 1, 2020	criteria provided, single submitter							
NM_000038.6(APC):c.3448G>T (p.Glu1150Ter)	APC	E1125*, E1132*, E1160*, E766*, E1049*, E1091*, E1140*, E990*, E1021*, E1067*, E1109*, E1150*, E1168*, E867*, E1024*, E1059*, E1122*, E1143*, E1178*	Hereditary cancer-predisposing syndrome	VCV003410322	5	112174739	5	112839042	3410322	3574144		NC_000005.10:112839041:G:T	single nucleotide variant	nonsense|non-coding transcript variant	Pathogenic	Aug 29, 2024	criteria provided, single submitter							
NM_000038.6(APC):c.3454C>T (p.Gln1152Ter)	APC	Q1134*, Q1152*, Q1026*, Q1061*, Q1111*, Q1124*, Q1127*, Q1170*, Q1051*, Q1162*, Q992*, Q869*, Q1093*	Familial adenomatous polyposis 1|Hereditary cancer-predisposing syndrome	VCV000433645	5	112174745	5	112839048	433645	427282	rs1064795228	NC_000005.10:112839047:C:T	single nucleotide variant	nonsense	Pathogenic	Feb 28, 2025	criteria provided, multiple submitters, no conflicts							
NM_000038.6(APC):c.3456G>A (p.Gln1152=)	APC		Hereditary cancer-predisposing syndrome|Familial adenomatous polyposis 1	VCV001095422	5	112174747	5	112839050	1095422	1072032	rs1018434615	NC_000005.10:112839049:G:A	single nucleotide variant	synonymous variant	Benign/Likely benign	Apr 23, 2025	criteria provided, multiple submitters, no conflicts							
NM_000038.6(APC):c.3459T>C (p.His1153=)	APC		Familial adenomatous polyposis 1|Hereditary cancer-predisposing syndrome	VCV002586971	5	112174750	5	112839053	2586971	2757154	rs2533499798	NC_000005.10:112839052:T:C	single nucleotide variant	synonymous variant|non-coding transcript variant	Benign/Likely benign	Mar 18, 2024	criteria provided, multiple submitters, no conflicts							
NM_000038.6(APC):c.3460G>T (p.Glu1154Ter)	APC	E1136*, E1144*, E1147*, E1182*, E871*, E1028*, E1113*, E1126*, E1164*, E994*, E1063*, E1071*, E1154*, E1172*, E770*, E1025*, E1053*, E1095*, E1129*	Hereditary cancer-predisposing syndrome|Familial adenomatous polyposis 1	VCV001731643	5	112174751	5	112839054	1731643	1792547	rs2149892395	NC_000005.10:112839053:G:T	single nucleotide variant	nonsense	Pathogenic	Aug 21, 2024	criteria provided, multiple submitters, no conflicts							
NM_000038.6(APC):c.3463G>T (p.Glu1155Ter)	APC	E1127*, E995*, E1072*, E1148*, E1155*, E1029*, E1064*, E1096*, E1114*, E1137*, E1145*, E1026*, E1054*, E1130*, E1165*, E771*, E872*, E1173*, E1183*	Familial adenomatous polyposis 1	VCV002203689	5	112174754	5	112839057	2203689	1934979	rs774847322	NC_000005.10:112839056:G:T	single nucleotide variant	nonsense	Pathogenic	Jul 28, 2022	criteria provided, single submitter							
NM_000038.6(APC):c.3466G>T (p.Glu1156Ter)	APC	E1030*, E1065*, E1115*, E1138*, E1156*, E996*, E1097*, E1174*, E873*, E1055*, E1128*, E1131*, E1166*	Familial adenomatous polyposis 1	VCV000848934	5	112174757	5	112839060	848934	829697	rs1444797750	NC_000005.10:112839059:G:T	single nucleotide variant	nonsense	Pathogenic	Apr 23, 2024	criteria provided, single submitter							
NM_000038.6(APC):c.3468A>G (p.Glu1156=)	APC		Classic or attenuated familial adenomatous polyposis|Hereditary cancer-predisposing syndrome|not provided|Familial adenomatous polyposis 1	VCV000236592	5	112174759	5	112839062	236592	239567	rs878853440	NC_000005.10:112839061:A:G	single nucleotide variant	synonymous variant	Benign/Likely benign	Jan 26, 2026	criteria provided, multiple submitters, no conflicts							
NM_000038.6(APC):c.3469G>T (p.Glu1157Ter)	APC	E1028*, E1031*, E1056*, E1066*, E1074*, E1098*, E1116*, E1129*, E1132*, E1139*, E1147*, E1150*, E1157*, E1167*, E1175*, E1185*, E773*, E874*, E997*	Familial adenomatous polyposis 1	VCV002583245	5	112174760	5	112839063	2583245	2750816	rs1554085038	NC_000005.10:112839062:G:T	single nucleotide variant	nonsense|non-coding transcript variant	Pathogenic	May 8, 2023	criteria provided, single submitter							
NM_000038.6(APC):c.3471G>A (p.Glu1157=)	APC		APC-Associated Polyposis Disorders|Hereditary cancer-predisposing syndrome|not specified|not provided|Familial adenomatous polyposis 1	VCV000092345	5	112174762	5	112839065	92345	98256	rs143927847	NC_000005.10:112839064:G:A	single nucleotide variant	synonymous variant	Benign/Likely benign	Mar 1, 2026	criteria provided, multiple submitters, no conflicts							
NM_000038.6(APC):c.3472A>T (p.Arg1158Ter)	APC	R1158*, R1140*, R1032*, R998*, R1057*, R1168*, R1117*, R1133*, R1176*, R875*, R1067*, R1099*, R1130*	Hereditary cancer-predisposing syndrome|not provided|Familial adenomatous polyposis 1	VCV000127289	5	112174763	5	112839066	127289	132746	rs587779790	NC_000005.10:112839065:A:T	single nucleotide variant	nonsense	Pathogenic/Likely pathogenic	May 8, 2023	criteria provided, multiple submitters, no conflicts							
NM_000038.6(APC):c.3474A>G (p.Arg1158=)	APC		Familial adenomatous polyposis 1	VCV003148103	5	112174765	5	112839068	3148103	3307351	rs371597034	NC_000005.10:112839067:A:G	single nucleotide variant	synonymous variant|non-coding transcript variant	Benign	Mar 21, 2024	criteria provided, single submitter							
NM_000038.6(APC):c.3486T>C (p.Tyr1162=)	APC		Hereditary cancer-predisposing syndrome|Familial adenomatous polyposis 1	VCV000795638	5	112174777	5	112839080	795638	782087	rs1580636096	NC_000005.10:112839079:T:C	single nucleotide variant	synonymous variant	Benign/Likely benign	Jan 11, 2026	criteria provided, multiple submitters, no conflicts							
NM_000038.6(APC):c.3493A>T (p.Lys1165Ter)	APC	K1137*, K1193*, K1036*, K1082*, K1147*, K1175*, K1005*, K1064*, K1106*, K1124*, K1158*, K1165*, K882*, K1039*, K1074*, K1140*, K1155*, K1183*, K781*	Hereditary cancer-predisposing syndrome	VCV001731962	5	112174784	5	112839087	1731962	1788994	rs2149893078	NC_000005.10:112839086:A:T	single nucleotide variant	nonsense	Pathogenic	May 31, 2024	criteria provided, single submitter							
NM_000038.6(APC):c.3495A>G (p.Lys1165=)	APC		Familial adenomatous polyposis 1	VCV003148278	5	112174786	5	112839089	3148278	3307526	rs1765439878	NC_000005.10:112839088:A:G	single nucleotide variant	synonymous variant|non-coding transcript variant	Benign	Mar 21, 2024	criteria provided, single submitter							
NM_000038.6(APC):c.3498T>C (p.Tyr1166=)	APC		Hereditary cancer-predisposing syndrome|Familial adenomatous polyposis 1	VCV002755396	5	112174789	5	112839092	2755396	2920467	rs2533503173	NC_000005.10:112839091:T:C	single nucleotide variant	synonymous variant|non-coding transcript variant	Benign/Likely benign	Jan 8, 2025	criteria provided, multiple submitters, no conflicts							
NM_000038.6(APC):c.3501T>C (p.Asn1167=)	APC		Hereditary cancer-predisposing syndrome|Familial adenomatous polyposis 1	VCV000629316	5	112174792	5	112839095	629316	617125	rs1561585194	NC_000005.10:112839094:T:C	single nucleotide variant	synonymous variant	Benign/Likely benign	Oct 7, 2025	criteria provided, multiple submitters, no conflicts							
NM_000038.6(APC):c.3502G>T (p.Glu1168Ter)	APC	E1008*, E1039*, E1042*, E1067*, E1077*, E1085*, E1109*, E1127*, E1140*, E1143*, E1150*, E1158*, E1161*, E1168*, E1178*, E1186*, E1196*, E784*, E885*	Familial adenomatous polyposis 1	VCV002583213	5	112174793	5	112839096	2583213	2750784	rs2149893243	NC_000005.10:112839095:G:T	single nucleotide variant	nonsense|non-coding transcript variant	Pathogenic	May 8, 2023	criteria provided, single submitter							
NM_000038.6(APC):c.3510A>G (p.Lys1170=)	APC		Hereditary cancer-predisposing syndrome|Familial adenomatous polyposis 1|not provided	VCV000187453	5	112174801	5	112839104	187453	182380	rs786203746	NC_000005.10:112839103:A:G	single nucleotide variant	synonymous variant	Benign/Likely benign	Oct 8, 2025	criteria provided, multiple submitters, no conflicts							
NM_000038.6(APC):c.3511C>T (p.Arg1171Cys)	APC	R1153C, R1171C, R888C, R1011C, R1143C, R1146C, R1070C, R1112C, R1130C, R1045C, R1080C, R1181C, R1189C	Desmoid disease, hereditary|Gastric cancer|Gastric adenocarcinoma and proximal polyposis of the stomach|Colorectal cancer|Familial adenomatous polyposis 1|Hepatocellular carcinoma|Hereditary cancer-predisposing syndrome|Classic or attenuated familial adenomatous polyposis|not specified|not provided|Familial multiple polyposis syndrome|Familial adenomatous polyposis 1	VCV000133518	5	112174802	5	112839105	133518	137257	rs201830995	NC_000005.10:112839104:C:T	single nucleotide variant	missense variant	Benign/Likely benign	Jun 1, 2026	criteria provided, multiple submitters, no conflicts							
NM_000038.6(APC):c.3523C>T (p.Gln1175Ter)	APC	Q1175*, Q1157*, Q1049*, Q1074*, Q1185*, Q1084*, Q1134*, Q1116*, Q1147*, Q1193*, Q892*, Q1015*, Q1150*	Hereditary cancer-predisposing syndrome|Familial adenomatous polyposis 1|not specified	VCV000537459	5	112174814	5	112839117	537459	520499	rs1554085081	NC_000005.10:112839116:C:T	single nucleotide variant	nonsense	Pathogenic	Feb 13, 2023	criteria provided, multiple submitters, no conflicts							
NM_000038.6(APC):c.3534T>C (p.Asp1178=)	APC		Familial adenomatous polyposis 1|Hereditary cancer-predisposing syndrome|not specified	VCV000482466	5	112174825	5	112839128	482466	473742	rs1554085088	NC_000005.10:112839127:T:C	single nucleotide variant	synonymous variant	Benign/Likely benign	Mar 21, 2024	criteria provided, multiple submitters, no conflicts							
NM_000038.6(APC):c.3537T>C (p.Tyr1179=)	APC		Desmoid disease, hereditary|Familial adenomatous polyposis 1|Familial adenomatous polyposis 1|Classic or attenuated familial adenomatous polyposis|Hereditary cancer-predisposing syndrome	VCV000490266	5	112174828	5	112839131	490266	483807	rs1384420589	NC_000005.10:112839130:T:C	single nucleotide variant	synonymous variant	Benign/Likely benign	Jun 8, 2025	criteria provided, multiple submitters, no conflicts							
NM_000038.6(APC):c.3540T>C (p.Ser1180=)	APC		Familial adenomatous polyposis 1	VCV001089691	5	112174831	5	112839134	1089691	1072033	rs2149893964	NC_000005.10:112839133:T:C	single nucleotide variant	synonymous variant	Benign/Likely benign	Mar 21, 2024	criteria provided, multiple submitters, no conflicts							
NM_000038.6(APC):c.3542T>A (p.Leu1181Ter)	APC	L1163*, L1181*, L1021*, L1090*, L1140*, L1153*, L1122*, L1199*, L898*, L1055*, L1191*, L1080*, L1156*	Familial adenomatous polyposis 1|Familial multiple polyposis syndrome	VCV000433648	5	112174833	5	112839136	433648	427285	rs1554085102	NC_000005.10:112839135:T:A	single nucleotide variant	nonsense	Pathogenic	May 9, 2023	criteria provided, multiple submitters, no conflicts							
NM_000038.6(APC):c.3543A>G (p.Leu1181=)	APC		Classic or attenuated familial adenomatous polyposis|Hereditary cancer-predisposing syndrome|Familial adenomatous polyposis 1|not specified	VCV000387277	5	112174834	5	112839137	387277	368067	rs746082418	NC_000005.10:112839136:A:G	single nucleotide variant	synonymous variant	Benign/Likely benign	Dec 29, 2025	criteria provided, multiple submitters, no conflicts							
NM_000038.6(APC):c.3549T>C (p.Tyr1183=)	APC		Hereditary cancer-predisposing syndrome|Familial adenomatous polyposis 1	VCV001732547	5	112174840	5	112839143	1732547	1786234	rs1561585641	NC_000005.10:112839142:T:C	single nucleotide variant	synonymous variant|non-coding transcript variant	Benign/Likely benign	Feb 5, 2025	criteria provided, multiple submitters, no conflicts							
NM_000038.6(APC):c.3549T>G (p.Tyr1183Ter)	APC	Y1165*, Y1183*, Y1023*, Y1201*, Y900*, Y1082*, Y1142*, Y1092*, Y1155*, Y1193*, Y1057*, Y1124*, Y1158*	Familial adenomatous polyposis 1	VCV000565402	5	112174840	5	112839143	565402	564281	rs1561585641	NC_000005.10:112839142:T:G	single nucleotide variant	nonsense	Pathogenic	Feb 1, 2018	criteria provided, single submitter							
NM_000038.6(APC):c.3552C>T (p.Ala1184=)	APC		Classic or attenuated familial adenomatous polyposis|Hereditary cancer-predisposing syndrome|not specified|Familial adenomatous polyposis 1	VCV000236593	5	112174843	5	112839146	236593	239568	rs759407858	NC_000005.10:112839145:C:T	single nucleotide variant	synonymous variant	Benign/Likely benign	Dec 27, 2025	criteria provided, multiple submitters, no conflicts							
NM_000038.6(APC):c.3555A>C (p.Thr1185=)	APC		Hereditary cancer-predisposing syndrome|Familial adenomatous polyposis 1	VCV000920765	5	112174846	5	112839149	920765	909930	rs786201125	NC_000005.10:112839148:A:C	single nucleotide variant	synonymous variant	Benign/Likely benign	Mar 21, 2024	criteria provided, multiple submitters, no conflicts							
NM_000038.6(APC):c.3555A>G (p.Thr1185=)	APC		not specified|Hereditary cancer-predisposing syndrome|Familial adenomatous polyposis 1|not provided	VCV000183865	5	112174846	5	112839149	183865	182382	rs786201125	NC_000005.10:112839148:A:G	single nucleotide variant	synonymous variant	Benign/Likely benign	Jan 12, 2026	criteria provided, multiple submitters, no conflicts							
NM_000038.6(APC):c.3558T>C (p.Asp1186=)	APC		Familial adenomatous polyposis 1	VCV003148174	5	112174849	5	112839152	3148174	3307422	rs2149894309	NC_000005.10:112839151:T:C	single nucleotide variant	synonymous variant|non-coding transcript variant	Benign	Mar 21, 2024	criteria provided, single submitter							
NM_000038.6(APC):c.3564T>A (p.Pro1188=)	APC		Familial adenomatous polyposis 1	VCV003148329	5	112174855	5	112839158	3148329	3307577	rs1367649227	NC_000005.10:112839157:T:A	single nucleotide variant	synonymous variant|non-coding transcript variant	Benign	Mar 21, 2024	criteria provided, single submitter							
NM_000038.6(APC):c.3564T>C (p.Pro1188=)	APC		Hereditary cancer-predisposing syndrome|Familial adenomatous polyposis 1	VCV002895201	5	112174855	5	112839158	2895201	3049290	rs1367649227	NC_000005.10:112839157:T:C	single nucleotide variant	synonymous variant|non-coding transcript variant	Benign/Likely benign	Apr 12, 2026	criteria provided, multiple submitters, no conflicts							
NM_000038.6(APC):c.3566C>A (p.Ser1189Ter)	APC	S1106*, S1189*, S1207*, S805*, S1029*, S1060*, S1098*, S1130*, S1179*, S1199*, S1148*, S1161*, S1164*, S1217*, S1063*, S1088*, S1171*, S1182*, S906*	Hereditary cancer-predisposing syndrome|Familial adenomatous polyposis 1	VCV001732741	5	112174857	5	112839160	1732741	1786428	rs1765458794	NC_000005.10:112839159:C:A	single nucleotide variant	nonsense	Pathogenic	Nov 26, 2024	criteria provided, multiple submitters, no conflicts							
NM_000038.6(APC):c.3567A>G (p.Ser1189=)	APC		Hereditary cancer-predisposing syndrome|Classic or attenuated familial adenomatous polyposis|not specified|Familial adenomatous polyposis 1	VCV000387698	5	112174858	5	112839161	387698	369311	rs774935084	NC_000005.10:112839160:A:G	single nucleotide variant	synonymous variant	Benign/Likely benign	Dec 29, 2025	criteria provided, multiple submitters, no conflicts							
NM_000038.6(APC):c.3569C>A (p.Ser1190Ter)	APC	S1172*, S1190*, S1064*, S1099*, S1149*, S1030*, S1165*, S1089*, S1200*, S907*, S1131*, S1162*, S1208*	not provided|Familial adenomatous polyposis 1	VCV000265551	5	112174860	5	112839163	265551	259797	rs886039618	NC_000005.10:112839162:C:A	single nucleotide variant	nonsense	Pathogenic/Likely pathogenic	Jan 24, 2020	criteria provided, multiple submitters, no conflicts							
NM_000038.6(APC):c.3571C>T (p.Gln1191Ter)	APC	Q1173*, Q1191*, Q1065*, Q1132*, Q1201*, Q1166*, Q1209*, Q1031*, Q1090*, Q1100*, Q1150*, Q1163*, Q908*	Hereditary cancer-predisposing syndrome|Familial adenomatous polyposis 1	VCV000428096	5	112174862	5	112839165	428096	419645	rs1114167547	NC_000005.10:112839164:C:T	single nucleotide variant	nonsense	Pathogenic	May 9, 2023	criteria provided, multiple submitters, no conflicts							
NM_000038.6(APC):c.3573G>A (p.Gln1191=)	APC		Familial adenomatous polyposis 1	VCV003148001	5	112174864	5	112839167	3148001	3307249	rs2149894670	NC_000005.10:112839166:G:A	single nucleotide variant	synonymous variant|non-coding transcript variant	Benign	Mar 21, 2024	criteria provided, single submitter							
NM_000038.6(APC):c.3576A>G (p.Lys1192=)	APC		Hereditary cancer-predisposing syndrome|Familial adenomatous polyposis 1	VCV001160773	5	112174867	5	112839170	1160773	1136114	rs2149894727	NC_000005.10:112839169:A:G	single nucleotide variant	synonymous variant	Benign/Likely benign	Aug 6, 2025	criteria provided, multiple submitters, no conflicts							
NM_000038.6(APC):c.3577C>T (p.Gln1193Ter)	APC	Q1175*, Q1193*, Q1203*, Q910*, Q1134*, Q1165*, Q1092*, Q1168*, Q1211*, Q1033*, Q1067*, Q1102*, Q1152*	Hereditary cancer-predisposing syndrome|not provided|Familial adenomatous polyposis 1	VCV000492664	5	112174868	5	112839171	492664	485622	rs1554085128	NC_000005.10:112839170:C:T	single nucleotide variant	nonsense	Pathogenic	May 9, 2023	criteria provided, multiple submitters, no conflicts							
NM_000038.6(APC):c.3581C>G (p.Ser1194Ter)	APC	S1034*, S1065*, S1068*, S1093*, S1103*, S1111*, S1135*, S1153*, S1166*, S1169*, S1176*, S1184*, S1187*, S1194*, S1204*, S1212*, S1222*, S810*, S911*	Familial adenomatous polyposis 1	VCV002678177	5	112174872	5	112839175	2678177	2833200	rs2149894857	NC_000005.10:112839174:C:G	single nucleotide variant	nonsense|non-coding transcript variant	Pathogenic	Nov 5, 2021	criteria provided, single submitter							
NM_000038.6(APC):c.3581C>A (p.Ser1194Ter)	APC	S1034*, S1068*, S1093*, S1103*, S1135*, S1153*, S1166*, S1169*, S1176*, S1194*, S1204*, S1212*, S911*	not provided|Hereditary cancer-predisposing syndrome|Familial adenomatous polyposis 1|Familial multiple polyposis syndrome	VCV001192196	5	112174872	5	112839175	1192196	1182229	rs2149894857	NC_000005.10:112839174:C:A	single nucleotide variant	nonsense	Pathogenic	Aug 13, 2025	criteria provided, multiple submitters, no conflicts							
NM_000038.6(APC):c.3587C>A (p.Ser1196Ter)	APC	S1036*, S1067*, S1070*, S1095*, S1105*, S1113*, S1137*, S1155*, S1168*, S1171*, S1178*, S1186*, S1189*, S1196*, S1206*, S1214*, S1224*, S812*, S913*	Classic or attenuated familial adenomatous polyposis	VCV003779681	5	112174878	5	112839181	3779681	3895657		NC_000005.10:112839180:C:A	single nucleotide variant	nonsense|non-coding transcript variant	Pathogenic	Oct 19, 2021	criteria provided, single submitter							
NM_000038.6(APC):c.3588A>C (p.Ser1196=)	APC		Familial adenomatous polyposis 1	VCV001155678	5	112174879	5	112839182	1155678	1136115	rs1765463829	NC_000005.10:112839181:A:C	single nucleotide variant	synonymous variant	Benign/Likely benign	Mar 21, 2024	criteria provided, multiple submitters, no conflicts							
NM_000038.6(APC):c.3591C>T (p.Phe1197=)	APC		Hereditary cancer-predisposing syndrome|Familial adenomatous polyposis 1|Classic or attenuated familial adenomatous polyposis	VCV000921114	5	112174882	5	112839185	921114	909933	rs1765464418	NC_000005.10:112839184:C:T	single nucleotide variant	synonymous variant	Benign/Likely benign	Nov 1, 2025	criteria provided, multiple submitters, no conflicts							
NM_000038.6(APC):c.3593C>G (p.Ser1198Ter)	APC	S1180*, S1198*, S1072*, S1097*, S1107*, S1170*, S1208*, S1038*, S1157*, S1173*, S1139*, S1216*, S915*	not provided|Familial adenomatous polyposis 1	VCV000246086	5	112174884	5	112839187	246086	244431	rs879254089	NC_000005.10:112839186:C:G	single nucleotide variant	nonsense	Pathogenic	May 9, 2023	criteria provided, multiple submitters, no conflicts							
NM_000038.6(APC):c.3594A>C (p.Ser1198=)	APC		Hereditary cancer-predisposing syndrome|Familial adenomatous polyposis 1	VCV001135870	5	112174885	5	112839188	1135870	1115173	rs773494804	NC_000005.10:112839187:A:C	single nucleotide variant	synonymous variant	Benign/Likely benign	Mar 21, 2024	criteria provided, multiple submitters, no conflicts							
NM_000038.6(APC):c.3594A>G (p.Ser1198=)	APC		Hereditary cancer-predisposing syndrome|Familial adenomatous polyposis 1	VCV000823967	5	112174885	5	112839188	823967	808013	rs773494804	NC_000005.10:112839187:A:G	single nucleotide variant	synonymous variant	Benign/Likely benign	Mar 21, 2024	criteria provided, multiple submitters, no conflicts							
NM_000038.6(APC):c.3597G>A (p.Lys1199=)	APC		Hereditary cancer-predisposing syndrome|Familial adenomatous polyposis 1	VCV000924030	5	112174888	5	112839191	924030	909934	rs1765466754	NC_000005.10:112839190:G:A	single nucleotide variant	synonymous variant	Benign/Likely benign	Jun 15, 2025	criteria provided, multiple submitters, no conflicts							
NM_000038.6(APC):c.3602C>A (p.Ser1201Ter)	APC	S1183*, S1201*, S1142*, S1176*, S1211*, S1173*, S1041*, S1110*, S1219*, S1075*, S1100*, S1160*, S918*	Hereditary cancer-predisposing syndrome	VCV000217968	5	112174893	5	112839196	217968	214714	rs730881247	NC_000005.10:112839195:C:A	single nucleotide variant	nonsense	Pathogenic	Apr 14, 2021	criteria provided, single submitter							
NM_000038.6(APC):c.3602C>G (p.Ser1201Ter)	APC	S1183*, S1201*, S1142*, S1211*, S1173*, S1075*, S1100*, S1160*, S918*, S1041*, S1110*, S1176*, S1219*	Hereditary cancer-predisposing syndrome|not provided|Familial adenomatous polyposis 1	VCV000181803	5	112174893	5	112839196	181803	180203	rs730881247	NC_000005.10:112839195:C:G	single nucleotide variant	nonsense	Pathogenic	Jan 5, 2026	criteria provided, multiple submitters, no conflicts							
NM_000038.6(APC):c.3603A>C (p.Ser1201=)	APC		Hereditary cancer-predisposing syndrome|Familial adenomatous polyposis 1	VCV001733126	5	112174894	5	112839197	1733126	1796200	rs760339669	NC_000005.10:112839196:A:C	single nucleotide variant	synonymous variant|non-coding transcript variant	Benign/Likely benign	Mar 21, 2024	criteria provided, multiple submitters, no conflicts							
NM_000038.6(APC):c.3603A>G (p.Ser1201=)	APC		Hereditary cancer-predisposing syndrome|Familial adenomatous polyposis 1	VCV000764503	5	112174894	5	112839197	764503	764703	rs760339669	NC_000005.10:112839196:A:G	single nucleotide variant	synonymous variant	Benign/Likely benign	Jan 7, 2026	criteria provided, multiple submitters, no conflicts							
NM_000038.6(APC):c.3606T>C (p.Ser1202=)	APC		Hereditary cancer-predisposing syndrome|not provided|Familial adenomatous polyposis 1	VCV000219492	5	112174897	5	112839200	219492	221510	rs864622117	NC_000005.10:112839199:T:C	single nucleotide variant	synonymous variant	Benign/Likely benign	Jan 5, 2026	criteria provided, multiple submitters, no conflicts							
NM_000038.6(APC):c.3607G>T (p.Gly1203Ter)	APC	G1185*, G1203*, G1077*, G1102*, G1221*, G1178*, G1213*, G920*, G1043*, G1112*, G1144*, G1162*, G1175*	Hereditary cancer-predisposing syndrome|not provided	VCV000373541	5	112174898	5	112839201	373541	359523	rs1057518472	NC_000005.10:112839200:G:T	single nucleotide variant	nonsense	Pathogenic/Likely pathogenic	Jun 28, 2017	criteria provided, multiple submitters, no conflicts							
NM_000038.6(APC):c.3609A>T (p.Gly1203=)	APC		Hereditary cancer-predisposing syndrome|Familial adenomatous polyposis 1	VCV000482512	5	112174900	5	112839203	482512	474007	rs1554085177	NC_000005.10:112839202:A:T	single nucleotide variant	synonymous variant	Benign/Likely benign	Oct 15, 2024	criteria provided, multiple submitters, no conflicts							
NM_000038.6(APC):c.3610C>T (p.Gln1204Ter)	APC	Q1044*, Q1075*, Q1078*, Q1103*, Q1113*, Q1121*, Q1145*, Q1163*, Q1176*, Q1179*, Q1186*, Q1194*, Q1197*, Q1204*, Q1214*, Q1222*, Q1232*, Q820*, Q921*	Familial adenomatous polyposis 1	VCV002583946	5	112174901	5	112839204	2583946	2751515	rs2533511336	NC_000005.10:112839203:C:T	single nucleotide variant	nonsense|non-coding transcript variant	Pathogenic	May 9, 2023	criteria provided, single submitter							
NM_000038.6(APC):c.3612A>G (p.Gln1204=)	APC		Classic or attenuated familial adenomatous polyposis|Hereditary cancer-predisposing syndrome|not specified|Familial adenomatous polyposis 1	VCV000219657	5	112174903	5	112839206	219657	221511	rs864622196	NC_000005.10:112839205:A:G	single nucleotide variant	synonymous variant	Benign/Likely benign	Jan 18, 2026	criteria provided, multiple submitters, no conflicts							
NM_000038.6(APC):c.3624C>T (p.Thr1208=)	APC		Classic or attenuated familial adenomatous polyposis|Hereditary cancer-predisposing syndrome|not specified|not provided|Familial adenomatous polyposis 1	VCV000183063	5	112174915	5	112839218	183063	181207	rs730882125	NC_000005.10:112839217:C:T	single nucleotide variant	synonymous variant	Benign/Likely benign	Apr 1, 2026	criteria provided, multiple submitters, no conflicts							
NM_000038.6(APC):c.3625G>T (p.Glu1209Ter)	APC	E1049*, E1199*, E1202*, E1209*, E1227*, E1083*, E1168*, E1219*, E1237*, E1108*, E1118*, E1191*, E825*, E926*, E1080*, E1126*, E1150*, E1181*, E1184*	Hereditary cancer-predisposing syndrome|not provided	VCV001733367	5	112174916	5	112839219	1733367	1792989	rs201185479	NC_000005.10:112839218:G:T	single nucleotide variant	nonsense	Pathogenic/Likely pathogenic	Feb 27, 2023	criteria provided, multiple submitters, no conflicts							
NM_000038.6(APC):c.3627A>G (p.Glu1209=)	APC		Familial adenomatous polyposis 1	VCV003148739	5	112174918	5	112839221	3148739	3307987	rs1765478583	NC_000005.10:112839220:A:G	single nucleotide variant	synonymous variant|non-coding transcript variant	Benign	Mar 21, 2024	criteria provided, single submitter							
NM_000038.6(APC):c.3632T>G (p.Met1211Arg)	APC	M1193R, M1211R, M1085R, M928R, M1229R, M1051R, M1152R, M1186R, M1110R, M1120R, M1170R, M1183R, M1221R	Familial adenomatous polyposis 1|Classic or attenuated familial adenomatous polyposis|Hereditary cancer-predisposing syndrome|not specified|not provided	VCV000133538	5	112174923	5	112839226	133538	137277	rs575268622	NC_000005.10:112839225:T:G	single nucleotide variant	missense variant	Benign/Likely benign	Feb 1, 2026	criteria provided, multiple submitters, no conflicts							
NM_000038.6(APC):c.3638C>A (p.Ser1213Ter)	APC	S1185*, S1231*, S1154*, S1172*, S1213*, S1053*, S1087*, S1122*, S1223*, S930*, S1112*, S1188*, S1195*	Familial adenomatous polyposis 1	VCV001421867	5	112174929	5	112839232	1421867	1337482	rs1554085199	NC_000005.10:112839231:C:A	single nucleotide variant	nonsense	Pathogenic	Dec 30, 2020	criteria provided, single submitter							
NM_000038.6(APC):c.3638C>G (p.Ser1213Ter)	APC	S1087*, S1154*, S1231*, S1053*, S1188*, S1195*, S1213*, S1223*, S1122*, S1172*, S1185*, S930*, S1112*	Hereditary cancer-predisposing syndrome|Familial adenomatous polyposis 1	VCV000852583	5	112174929	5	112839232	852583	829704	rs1554085199	NC_000005.10:112839231:C:G	single nucleotide variant	nonsense	Pathogenic/Likely pathogenic	Feb 19, 2026	criteria provided, multiple submitters, no conflicts							
NM_000038.6(APC):c.3639A>G (p.Ser1213=)	APC		Familial adenomatous polyposis 1|Classic or attenuated familial adenomatous polyposis|Hereditary cancer-predisposing syndrome	VCV000416741	5	112174930	5	112839233	416741	394322	rs1060504882	NC_000005.10:112839232:A:G	single nucleotide variant	synonymous variant	Benign/Likely benign	Dec 15, 2025	criteria provided, multiple submitters, no conflicts							
NM_000038.6(APC):c.3642C>T (p.Ser1214=)	APC		Hereditary cancer-predisposing syndrome|Familial adenomatous polyposis 1	VCV000824021	5	112174933	5	112839236	824021	808015	rs1554085201	NC_000005.10:112839235:C:T	single nucleotide variant	synonymous variant	Benign/Likely benign	Mar 21, 2024	criteria provided, multiple submitters, no conflicts							
NM_000038.6(APC):c.3650A>C (p.Asn1217Thr)	APC	N1199T, N1217T, N1057T, N1091T, N1126T, N1176T, N1192T, N1227T, N1235T, N1116T, N1158T, N1189T, N934T	Familial adenomatous polyposis 1|Hereditary cancer-predisposing syndrome|not specified|not provided	VCV000133509	5	112174941	5	112839244	133509	137248	rs138933660	NC_000005.10:112839243:A:C	single nucleotide variant	missense variant	Benign/Likely benign	Jan 27, 2026	criteria provided, multiple submitters, no conflicts							
NM_000038.6(APC):c.3654G>T (p.Thr1218=)	APC		Hereditary cancer-predisposing syndrome|Familial adenomatous polyposis 1	VCV000824033	5	112174945	5	112839248	824033	808017	rs772743023	NC_000005.10:112839247:G:T	single nucleotide variant	synonymous variant	Benign/Likely benign	Nov 22, 2025	criteria provided, multiple submitters, no conflicts							
NM_000038.6(APC):c.3654G>A (p.Thr1218=)	APC		Classic or attenuated familial adenomatous polyposis|not specified|Hereditary cancer-predisposing syndrome|Familial adenomatous polyposis 1	VCV000391477	5	112174945	5	112839248	391477	369313	rs772743023	NC_000005.10:112839247:G:A	single nucleotide variant	synonymous variant	Benign/Likely benign	Oct 26, 2025	criteria provided, multiple submitters, no conflicts							
NM_000038.6(APC):c.3657C>T (p.Ser1219=)	APC		Familial adenomatous polyposis 1	VCV003148205	5	112174948	5	112839251	3148205	3307453	rs1001469995	NC_000005.10:112839250:C:T	single nucleotide variant	synonymous variant|non-coding transcript variant	Benign	Mar 21, 2024	criteria provided, single submitter							
NM_000038.6(APC):c.3657C>G (p.Ser1219=)	APC		Hereditary cancer-predisposing syndrome|Familial adenomatous polyposis 1	VCV001563230	5	112174948	5	112839251	1563230	1556228	rs1001469995	NC_000005.10:112839250:C:G	single nucleotide variant	synonymous variant	Benign/Likely benign	Mar 21, 2024	criteria provided, multiple submitters, no conflicts							
NM_000038.6(APC):c.3663T>C (p.Pro1221=)	APC		Hereditary cancer-predisposing syndrome|Familial adenomatous polyposis 1	VCV000132718	5	112174954	5	112839257	132718	136466	rs587780541	NC_000005.10:112839256:T:C	single nucleotide variant	synonymous variant	Benign/Likely benign	Feb 18, 2026	criteria provided, multiple submitters, no conflicts							
NM_000038.6(APC):c.3665C>A (p.Ser1222Ter)	APC	S1204*, S1222*, S1121*, S1194*, S1197*, S1096*, S1232*, S939*, S1062*, S1131*, S1240*, S1163*, S1181*	Familial adenomatous polyposis 1|Classic or attenuated familial adenomatous polyposis|Hereditary cancer-predisposing syndrome	VCV000428183	5	112174956	5	112839259	428183	419646	rs1114167614	NC_000005.10:112839258:C:A	single nucleotide variant	nonsense	Pathogenic	Jan 8, 2024	criteria provided, multiple submitters, no conflicts							
NM_000038.6(APC):c.3666A>G (p.Ser1222=)	APC		Hereditary cancer-predisposing syndrome|Familial adenomatous polyposis 1	VCV000920783	5	112174957	5	112839260	920783	909935	rs1131691141	NC_000005.10:112839259:A:G	single nucleotide variant	synonymous variant	Benign/Likely benign	Mar 21, 2024	criteria provided, multiple submitters, no conflicts							
NM_000038.6(APC):c.3666A>T (p.Ser1222=)	APC		Hereditary cancer-predisposing syndrome|Familial adenomatous polyposis 1	VCV000429054	5	112174957	5	112839260	429054	421032	rs1131691141	NC_000005.10:112839259:A:T	single nucleotide variant	synonymous variant	Benign/Likely benign	Mar 21, 2024	criteria provided, multiple submitters, no conflicts							
NM_000038.6(APC):c.3675C>T (p.Ala1225=)	APC		Hereditary cancer-predisposing syndrome|Familial adenomatous polyposis 1	VCV000824059	5	112174966	5	112839269	824059	808019	rs759214956	NC_000005.10:112839268:C:T	single nucleotide variant	synonymous variant	Benign/Likely benign	Nov 16, 2025	criteria provided, multiple submitters, no conflicts							
NM_000038.6(APC):c.3681G>A (p.Arg1227=)	APC		Classic or attenuated familial adenomatous polyposis|Familial adenomatous polyposis 1|Hereditary cancer-predisposing syndrome	VCV000706513	5	112174972	5	112839275	706513	691646	rs942982122	NC_000005.10:112839274:G:A	single nucleotide variant	synonymous variant	Benign/Likely benign	Aug 25, 2025	criteria provided, multiple submitters, no conflicts							
NM_000038.6(APC):c.3682C>T (p.Gln1228Ter)	APC	Q1210*, Q1228*, Q1187*, Q1200*, Q1203*, Q1246*, Q945*, Q1102*, Q1137*, Q1169*, Q1068*, Q1127*, Q1238*	Hereditary cancer-predisposing syndrome|Familial adenomatous polyposis 1	VCV000433650	5	112174973	5	112839276	433650	427287	rs1554085227	NC_000005.10:112839275:C:T	single nucleotide variant	nonsense	Pathogenic	May 9, 2023	criteria provided, multiple submitters, no conflicts							
NM_000038.6(APC):c.3687T>C (p.Asn1229=)	APC		Hereditary cancer-predisposing syndrome|Familial adenomatous polyposis 1	VCV000824069	5	112174978	5	112839281	824069	808020	rs149045486	NC_000005.10:112839280:T:C	single nucleotide variant	synonymous variant	Benign/Likely benign	May 19, 2025	criteria provided, multiple submitters, no conflicts							
NM_000038.6(APC):c.3688C>T (p.Gln1230Ter)	APC	Q1212*, Q1230*, Q1070*, Q1104*, Q1189*, Q1240*, Q1248*, Q1129*, Q1205*, Q1139*, Q1171*, Q1202*, Q947*	Hereditary cancer-predisposing syndrome|Familial adenomatous polyposis 1	VCV000217969	5	112174979	5	112839282	217969	214715	rs863225344	NC_000005.10:112839281:C:T	single nucleotide variant	nonsense	Pathogenic	May 9, 2023	criteria provided, multiple submitters, no conflicts							
NM_000038.6(APC):c.3690G>A (p.Gln1230=)	APC		Familial adenomatous polyposis 1	VCV003148076	5	112174981	5	112839284	3148076	3307324	rs147268065	NC_000005.10:112839283:G:A	single nucleotide variant	synonymous variant|non-coding transcript variant	Benign	Mar 21, 2024	criteria provided, single submitter							
NM_000038.6(APC):c.3693C>A (p.Leu1231=)	APC		Familial adenomatous polyposis 1	VCV003148725	5	112174984	5	112839287	3148725	3307973	rs1554085234	NC_000005.10:112839286:C:A	single nucleotide variant	synonymous variant|non-coding transcript variant	Benign	Mar 22, 2024	criteria provided, single submitter							
NM_000038.6(APC):c.3693C>T (p.Leu1231=)	APC		Hereditary cancer-predisposing syndrome|Classic or attenuated familial adenomatous polyposis|Familial adenomatous polyposis 1	VCV000537626	5	112174984	5	112839287	537626	520324	rs1554085234	NC_000005.10:112839286:C:T	single nucleotide variant	synonymous variant	Benign/Likely benign	Oct 13, 2025	criteria provided, multiple submitters, no conflicts							
NM_000038.6(APC):c.3696T>C (p.His1232=)	APC		Familial adenomatous polyposis 1|Hereditary cancer-predisposing syndrome	VCV000416769	5	112174987	5	112839290	416769	394860	rs1060504897	NC_000005.10:112839289:T:C	single nucleotide variant	synonymous variant	Benign/Likely benign	Dec 2, 2025	criteria provided, multiple submitters, no conflicts							
NM_000038.6(APC):c.3708A>G (p.Ala1236=)	APC		Hereditary cancer-predisposing syndrome|not specified|Familial adenomatous polyposis 1	VCV000220908	5	112174999	5	112839302	220908	221512	rs864622694	NC_000005.10:112839301:A:G	single nucleotide variant	synonymous variant	Benign/Likely benign	Jul 30, 2025	criteria provided, multiple submitters, no conflicts							
NM_000038.6(APC):c.3709C>T (p.Gln1237Ter)	APC	Q1077*, Q1111*, Q1136*, Q1146*, Q1178*, Q1196*, Q1209*, Q1212*, Q1219*, Q1237*, Q1247*, Q1255*, Q954*	not specified|Familial adenomatous polyposis 1	VCV001071298	5	112175000	5	112839303	1071298	1060151	rs1185643240	NC_000005.10:112839302:C:T	single nucleotide variant	nonsense	Pathogenic	Jul 9, 2021	criteria provided, multiple submitters, no conflicts							
NM_000038.6(APC):c.3711G>A (p.Gln1237=)	APC		Hereditary cancer-predisposing syndrome|not specified|not provided|Familial adenomatous polyposis 1	VCV000416754	5	112175002	5	112839305	416754	394329	rs756939805	NC_000005.10:112839304:G:A	single nucleotide variant	synonymous variant	Benign/Likely benign	Jul 29, 2025	criteria provided, multiple submitters, no conflicts							
NM_000038.6(APC):c.3717A>G (p.Arg1239=)	APC		Hereditary cancer-predisposing syndrome|Familial adenomatous polyposis 1	VCV000755286	5	112175008	5	112839311	755286	764705	rs1580639048	NC_000005.10:112839310:A:G	single nucleotide variant	synonymous variant	Benign/Likely benign	Mar 22, 2024	criteria provided, multiple submitters, no conflicts							
NM_000038.6(APC):c.3723T>C (p.Gly1241=)	APC		Classic or attenuated familial adenomatous polyposis|Hereditary cancer-predisposing syndrome|Familial adenomatous polyposis 1	VCV001113513	5	112175014	5	112839317	1113513	1093640	rs2149897767	NC_000005.10:112839316:T:C	single nucleotide variant	synonymous variant	Benign/Likely benign	Mar 22, 2024	criteria provided, multiple submitters, no conflicts							
NM_000038.6(APC):c.3724C>T (p.Gln1242Ter)	APC	Q1082*, Q1116*, Q1141*, Q1151*, Q1183*, Q1201*, Q1214*, Q1217*, Q1224*, Q1242*, Q1252*, Q1260*, Q959*	Familial adenomatous polyposis 1	VCV001070306	5	112175015	5	112839318	1070306	1060152	rs1460397656	NC_000005.10:112839317:C:T	single nucleotide variant	nonsense	Pathogenic	May 9, 2023	criteria provided, multiple submitters, no conflicts							
NM_000038.6(APC):c.3726G>A (p.Gln1242=)	APC		Familial adenomatous polyposis 1	VCV003148070	5	112175017	5	112839320	3148070	3307318	rs1765504362	NC_000005.10:112839319:G:A	single nucleotide variant	synonymous variant|non-coding transcript variant	Benign	Mar 22, 2024	criteria provided, single submitter							
NM_000038.6(APC):c.3730C>T (p.Gln1244Ter)	APC	Q1244*, Q1226*, Q1118*, Q1185*, Q1203*, Q1084*, Q1219*, Q1262*, Q1143*, Q1153*, Q1216*, Q1254*, Q961*	Hereditary cancer-predisposing syndrome|Medulloblastoma WNT activated	VCV000630045	5	112175021	5	112839324	630045	617129	rs79122263	NC_000005.10:112839323:C:T	single nucleotide variant	nonsense	Pathogenic	Jan 15, 2020	criteria provided, multiple submitters, no conflicts	Tier I - Strong	Oct 3, 2025	criteria provided, single submitter				
NM_000038.6(APC):c.3732A>G (p.Gln1244=)	APC		APC-Associated Polyposis Disorders|not specified|Hereditary cancer-predisposing syndrome|Familial adenomatous polyposis 1|not provided	VCV000183767	5	112175023	5	112839326	183767	182386	rs74380081	NC_000005.10:112839325:A:G	single nucleotide variant	synonymous variant	Benign	Feb 4, 2026	criteria provided, multiple submitters, no conflicts							
NM_000038.6(APC):c.3735G>A (p.Lys1245=)	APC		Familial adenomatous polyposis 1	VCV003148237	5	112175026	5	112839329	3148237	3307485	rs1765505976	NC_000005.10:112839328:G:A	single nucleotide variant	synonymous variant|non-coding transcript variant	Benign/Likely benign	Nov 14, 2025	criteria provided, multiple submitters, no conflicts							
NM_000038.6(APC):c.3738T>G (p.Ala1246=)	APC		Hereditary cancer-predisposing syndrome|Familial adenomatous polyposis 1	VCV003148501	5	112175029	5	112839332	3148501	3307749	rs772689871	NC_000005.10:112839331:T:G	single nucleotide variant	synonymous variant|non-coding transcript variant	Benign/Likely benign	Mar 22, 2024	criteria provided, multiple submitters, no conflicts							
NM_000038.6(APC):c.3739G>A (p.Ala1247Thr)	APC	A1229T, A1247T, A1146T, A1222T, A1156T, A1206T, A1265T, A964T, A1121T, A1188T, A1087T, A1219T, A1257T	Hereditary cancer-predisposing syndrome|not specified|not provided|Familial adenomatous polyposis 1	VCV000184543	5	112175030	5	112839333	184543	182387	rs148223181	NC_000005.10:112839332:G:A	single nucleotide variant	missense variant	Benign/Likely benign	Mar 4, 2026	criteria provided, multiple submitters, no conflicts							
NM_000038.6(APC):c.3741C>T (p.Ala1247=)	APC		Familial adenomatous polyposis 1|Hereditary cancer-predisposing syndrome	VCV003148318	5	112175032	5	112839335	3148318	3307566	rs1158663132	NC_000005.10:112839334:C:T	single nucleotide variant	synonymous variant|non-coding transcript variant	Benign/Likely benign	Jul 28, 2025	criteria provided, multiple submitters, no conflicts							
NM_000038.6(APC):c.3746G>C (p.Cys1249Ser)	APC	C1089S, C1120S, C1123S, C1148S, C1158S, C1166S, C1190S, C1208S, C1221S, C1224S, C1231S, C1239S, C1242S, C1249S, C1259S, C1267S, C1277S, C865S, C966S	Ovarian cancer	VCV002445264	5	112175037	5	112839340	2445264	2418991	rs747554965	NC_000005.10:112839339:G:C	single nucleotide variant	missense variant	Benign	Jan 1, 2022	criteria provided, single submitter							
NM_000038.6(APC):c.3747C>A (p.Cys1249Ter)	APC	C1089*, C1123*, C1148*, C1158*, C1190*, C1208*, C1221*, C1224*, C1231*, C1249*, C1259*, C1267*, C966*	Familial adenomatous polyposis 1	VCV001343300	5	112175038	5	112839341	1343300	1334944	rs2149898263	NC_000005.10:112839340:C:A	single nucleotide variant	nonsense	Pathogenic	May 9, 2023	criteria provided, multiple submitters, no conflicts							
NM_000038.6(APC):c.3750A>G (p.Lys1250=)	APC		Hereditary cancer-predisposing syndrome|Familial adenomatous polyposis 1	VCV000411507	5	112175041	5	112839344	411507	394341	rs142728143	NC_000005.10:112839343:A:G	single nucleotide variant	synonymous variant	Benign/Likely benign	Jul 29, 2025	criteria provided, multiple submitters, no conflicts							
NM_000038.6(APC):c.3756T>C (p.Ser1252=)	APC		Familial adenomatous polyposis 1	VCV003148745	5	112175047	5	112839350	3148745	3307993	rs2149898411	NC_000005.10:112839349:T:C	single nucleotide variant	synonymous variant|non-coding transcript variant	Benign	Mar 22, 2024	criteria provided, single submitter							
NM_000038.6(APC):c.3759T>A (p.Ser1253=)	APC		Hereditary cancer-predisposing syndrome|Familial adenomatous polyposis 1	VCV003148558	5	112175050	5	112839353	3148558	3307806	rs1214264655	NC_000005.10:112839352:T:A	single nucleotide variant	synonymous variant|non-coding transcript variant	Benign/Likely benign	Mar 22, 2024	criteria provided, multiple submitters, no conflicts							
NM_000038.6(APC):c.3759T>C (p.Ser1253=)	APC		Hereditary cancer-predisposing syndrome|Familial adenomatous polyposis 1|not specified|Classic or attenuated familial adenomatous polyposis	VCV000516606	5	112175050	5	112839353	516606	500597	rs1214264655	NC_000005.10:112839352:T:C	single nucleotide variant	synonymous variant	Benign/Likely benign	Oct 24, 2025	criteria provided, multiple submitters, no conflicts							
NM_000038.6(APC):c.3766C>T (p.Gln1256Ter)	APC	Q1238*, Q1256*, Q1228*, Q1266*, Q1096*, Q1155*, Q1165*, Q1215*, Q1231*, Q1274*, Q973*, Q1130*, Q1197*	Familial adenomatous polyposis 1|Hereditary cancer-predisposing syndrome	VCV000433653	5	112175057	5	112839360	433653	427290	rs77056664	NC_000005.10:112839359:C:T	single nucleotide variant	nonsense	Pathogenic	Mar 9, 2026	criteria provided, multiple submitters, no conflicts							
NM_000038.6(APC):c.3769G>T (p.Glu1257Ter)	APC	E1097*, E1216*, E974*, E1156*, E1239*, E1257*, E1267*, E1131*, E1198*, E1229*, E1232*, E1275*, E1166*	Hereditary cancer-predisposing syndrome|Familial adenomatous polyposis 1	VCV000824181	5	112175060	5	112839363	824181	808024	rs1580639836	NC_000005.10:112839362:G:T	single nucleotide variant	nonsense	Pathogenic	Feb 25, 2024	criteria provided, multiple submitters, no conflicts							
NM_000038.6(APC):c.3771A>G (p.Glu1257=)	APC		Familial adenomatous polyposis 1|Hereditary cancer-predisposing syndrome	VCV000485163	5	112175062	5	112839365	485163	473750	rs1554085294	NC_000005.10:112839364:A:G	single nucleotide variant	synonymous variant	Benign/Likely benign	May 19, 2025	criteria provided, multiple submitters, no conflicts							
NM_000038.6(APC):c.3774A>G (p.Thr1258=)	APC		Classic or attenuated familial adenomatous polyposis|Hereditary cancer-predisposing syndrome|not specified|not provided|Familial adenomatous polyposis 1	VCV000229849	5	112175065	5	112839368	229849	233086	rs542928573	NC_000005.10:112839367:A:G	single nucleotide variant	synonymous variant	Benign/Likely benign	Sep 24, 2025	criteria provided, multiple submitters, no conflicts							
NM_000038.6(APC):c.3778C>T (p.Gln1260Ter)	APC	Q1100*, Q1131*, Q1134*, Q1159*, Q1169*, Q1177*, Q1201*, Q1219*, Q1232*, Q1235*, Q1242*, Q1250*, Q1253*, Q1260*, Q1270*, Q1278*, Q1288*, Q876*, Q977*	Familial adenomatous polyposis 1	VCV002583987	5	112175069	5	112839372	2583987	2751556	rs2149898795	NC_000005.10:112839371:C:T	single nucleotide variant	nonsense|non-coding transcript variant	Pathogenic	May 9, 2023	criteria provided, single submitter							
NM_000038.6(APC):c.3780G>A (p.Gln1260=)	APC		Classic or attenuated familial adenomatous polyposis|Familial adenomatous polyposis 1	VCV001134749	5	112175071	5	112839374	1134749	1115175	rs763668164	NC_000005.10:112839373:G:A	single nucleotide variant	synonymous variant	Benign/Likely benign	Mar 22, 2024	criteria provided, multiple submitters, no conflicts							
NM_000038.6(APC):c.3783T>C (p.Thr1261=)	APC		Familial adenomatous polyposis 1|Hereditary cancer-predisposing syndrome	VCV003148117	5	112175074	5	112839377	3148117	3307365	rs1765520410	NC_000005.10:112839376:T:C	single nucleotide variant	synonymous variant|non-coding transcript variant	Benign/Likely benign	Apr 7, 2025	criteria provided, multiple submitters, no conflicts							
NM_000038.6(APC):c.3786T>A (p.Tyr1262Ter)	APC	Y1102*, Y1234*, Y1244*, Y979*, Y1171*, Y1280*, Y1136*, Y1203*, Y1272*, Y1161*, Y1221*, Y1237*, Y1262*	Familial adenomatous polyposis 1	VCV000968431	5	112175077	5	112839380	968431	953904	rs147411334	NC_000005.10:112839379:T:A	single nucleotide variant	nonsense	Pathogenic	Jun 27, 2025	criteria provided, single submitter							
NM_000038.6(APC):c.3786T>G (p.Tyr1262Ter)	APC	Y1244*, Y1262*, Y1102*, Y1203*, Y1237*, Y1280*, Y1136*, Y1161*, Y1221*, Y1272*, Y1171*, Y1234*, Y979*	not provided|Hereditary cancer-predisposing syndrome|Familial adenomatous polyposis 1	VCV000537417	5	112175077	5	112839380	537417	520330	rs147411334	NC_000005.10:112839379:T:G	single nucleotide variant	nonsense	Pathogenic	May 9, 2023	criteria provided, multiple submitters, no conflicts							
NM_000038.6(APC):c.3786T>C (p.Tyr1262=)	APC		Hereditary cancer-predisposing syndrome|not specified|not provided|Familial adenomatous polyposis 1	VCV000215562	5	112175077	5	112839380	215562	212424	rs147411334	NC_000005.10:112839379:T:C	single nucleotide variant	synonymous variant	Benign/Likely benign	Jun 1, 2026	criteria provided, multiple submitters, no conflicts							
NM_000038.6(APC):c.3792A>G (p.Val1264=)	APC		Classic or attenuated familial adenomatous polyposis|Hereditary cancer-predisposing syndrome|Familial adenomatous polyposis 1	VCV000924960	5	112175083	5	112839386	924960	909941	rs1765523305	NC_000005.10:112839385:A:G	single nucleotide variant	synonymous variant	Benign/Likely benign	Feb 25, 2025	criteria provided, multiple submitters, no conflicts							
NM_000038.6(APC):c.3793G>T (p.Glu1265Ter)	APC	E1105*, E1136*, E1139*, E1164*, E1174*, E1182*, E1206*, E1224*, E1237*, E1240*, E1247*, E1255*, E1258*, E1265*, E1275*, E1283*, E1293*, E881*, E982*	Familial adenomatous polyposis 1	VCV002584067	5	112175084	5	112839387	2584067	2751635	rs2149899129	NC_000005.10:112839386:G:T	single nucleotide variant	nonsense|non-coding transcript variant	Pathogenic	May 9, 2023	criteria provided, single submitter							
NM_000038.6(APC):c.3795A>G (p.Glu1265=)	APC		Hereditary cancer-predisposing syndrome|not provided|Familial adenomatous polyposis 1	VCV000469940	5	112175086	5	112839389	469940	454441	rs1554085311	NC_000005.10:112839388:A:G	single nucleotide variant	synonymous variant	Benign/Likely benign	Aug 11, 2024	criteria provided, multiple submitters, no conflicts							
NM_000038.6(APC):c.3798T>C (p.Asp1266=)	APC		Familial adenomatous polyposis 1|Hereditary cancer-predisposing syndrome|not specified|not provided	VCV000485147	5	112175089	5	112839392	485147	473753	rs1488397941	NC_000005.10:112839391:T:C	single nucleotide variant	synonymous variant	Benign/Likely benign	Feb 23, 2025	criteria provided, multiple submitters, no conflicts							
NM_000038.6(APC):c.3801T>C (p.Thr1267=)	APC		Hereditary cancer-predisposing syndrome|Familial adenomatous polyposis 1|Classic or attenuated familial adenomatous polyposis	VCV002721020	5	112175092	5	112839395	2721020	2887546	rs563358776	NC_000005.10:112839394:T:C	single nucleotide variant	synonymous variant|non-coding transcript variant	Benign/Likely benign	Aug 26, 2024	criteria provided, multiple submitters, no conflicts							
NM_000038.6(APC):c.3804A>G (p.Pro1268=)	APC		Classic or attenuated familial adenomatous polyposis|Hereditary cancer-predisposing syndrome|Familial adenomatous polyposis 1	VCV000236595	5	112175095	5	112839398	236595	239570	rs878853442	NC_000005.10:112839397:A:G	single nucleotide variant	synonymous variant	Benign/Likely benign	Jul 31, 2025	criteria provided, multiple submitters, no conflicts							
NM_000038.6(APC):c.3810T>A (p.Cys1270Ter)	APC	C1252*, C1270*, C1169*, C1211*, C1242*, C1245*, C1288*, C1179*, C987*, C1229*, C1280*, C1110*, C1144*	Hereditary cancer-predisposing syndrome|not provided|Familial multiple polyposis syndrome|Familial adenomatous polyposis 1	VCV000217972	5	112175101	5	112839404	217972	214718	rs863225347	NC_000005.10:112839403:T:A	single nucleotide variant	nonsense	Pathogenic	Dec 23, 2025	criteria provided, multiple submitters, no conflicts							
NM_000038.6(APC):c.3815C>A (p.Ser1272Ter)	APC	S989*, S1112*, S1143*, S1146*, S1171*, S1181*, S1189*, S1213*, S1231*, S1244*, S1247*, S1254*, S1262*, S1265*, S1272*, S1282*, S1290*, S1300*, S888*	Familial adenomatous polyposis 1	VCV002583968	5	112175106	5	112839409	2583968	2751537	rs863225348	NC_000005.10:112839408:C:A	single nucleotide variant	nonsense|non-coding transcript variant	Pathogenic	May 9, 2023	criteria provided, single submitter							
NM_000038.6(APC):c.3815C>G (p.Ser1272Ter)	APC	S1254*, S1272*, S1282*, S989*, S1112*, S1146*, S1181*, S1247*, S1213*, S1290*, S1171*, S1231*, S1244*	Hereditary cancer-predisposing syndrome|not provided|Familial adenomatous polyposis 1	VCV000217973	5	112175106	5	112839409	217973	214719	rs863225348	NC_000005.10:112839408:C:G	single nucleotide variant	nonsense	Pathogenic	Jun 10, 2024	criteria provided, multiple submitters, no conflicts							
NM_000038.6(APC):c.3817A>T (p.Arg1273Ter)	APC	R1113*, R1147*, R1172*, R1182*, R1214*, R1232*, R1245*, R1248*, R1255*, R1273*, R1283*, R1291*, R990*	not provided|Familial adenomatous polyposis 1	VCV001330521	5	112175108	5	112839411	1330521	1321200	rs2149899615	NC_000005.10:112839410:A:T	single nucleotide variant	nonsense	Pathogenic	Aug 30, 2021	criteria provided, multiple submitters, no conflicts							
NM_000038.6(APC):c.3819A>G (p.Arg1273=)	APC		Hereditary cancer-predisposing syndrome|Familial adenomatous polyposis 1	VCV000927053	5	112175110	5	112839413	927053	909942	rs1765530477	NC_000005.10:112839412:A:G	single nucleotide variant	synonymous variant	Benign/Likely benign	Mar 20, 2025	criteria provided, multiple submitters, no conflicts							
NM_000038.6(APC):c.3822T>A (p.Cys1274Ter)	APC	C1114*, C1173*, C1215*, C1274*, C1284*, C1292*, C1148*, C1183*, C1249*, C1191*, C1233*, C1267*, C890*, C991*, C1145*, C1246*, C1256*, C1264*, C1302*	Hereditary cancer-predisposing syndrome|Familial adenomatous polyposis 1	VCV001735279	5	112175113	5	112839416	1735279	1793618	rs1554085326	NC_000005.10:112839415:T:A	single nucleotide variant	nonsense	Pathogenic	Jan 30, 2024	criteria provided, multiple submitters, no conflicts							
NM_000038.6(APC):c.3822T>C (p.Cys1274=)	APC		Familial adenomatous polyposis 1|Hereditary cancer-predisposing syndrome	VCV000490269	5	112175113	5	112839416	490269	483809	rs1554085326	NC_000005.10:112839415:T:C	single nucleotide variant	synonymous variant	Benign/Likely benign	Aug 12, 2024	criteria provided, multiple submitters, no conflicts							
NM_000038.6(APC):c.3827C>G (p.Ser1276Ter)	APC	S1258*, S1276*, S1185*, S1217*, S1235*, S1248*, S1286*, S1116*, S1150*, S1175*, S993*, S1251*, S1294*	Hereditary cancer-predisposing syndrome|Familial adenomatous polyposis 1	VCV000492666	5	112175118	5	112839421	492666	485624	rs1060503299	NC_000005.10:112839420:C:G	single nucleotide variant	nonsense	Pathogenic	Aug 12, 2024	criteria provided, multiple submitters, no conflicts							
NM_000038.6(APC):c.3827C>A (p.Ser1276Ter)	APC	S1258*, S1276*, S1150*, S1217*, S1235*, S1251*, S1294*, S1175*, S1286*, S1116*, S1185*, S993*, S1248*	Familial adenomatous polyposis 1|Hereditary cancer-predisposing syndrome	VCV000411428	5	112175118	5	112839421	411428	394342	rs1060503299	NC_000005.10:112839420:C:A	single nucleotide variant	nonsense	Pathogenic	Mar 10, 2020	criteria provided, multiple submitters, no conflicts							
NM_000038.6(APC):c.3830T>G (p.Leu1277Ter)	APC	L1259*, L1277*, L1117*, L1186*, L1218*, L1249*, L1252*, L994*, L1176*, L1236*, L1287*, L1151*, L1295*	Hereditary cancer-predisposing syndrome|Familial adenomatous polyposis 1	VCV000188239	5	112175121	5	112839424	188239	186035	rs786204169	NC_000005.10:112839423:T:G	single nucleotide variant	nonsense	Pathogenic/Likely pathogenic	Aug 25, 2025	criteria provided, multiple submitters, no conflicts							
NM_000038.6(APC):c.3837T>A (p.Ser1279=)	APC		Familial adenomatous polyposis 1	VCV003148532	5	112175128	5	112839431	3148532	3307780	rs1057522493	NC_000005.10:112839430:T:A	single nucleotide variant	synonymous variant|non-coding transcript variant	Benign	Mar 22, 2024	criteria provided, single submitter							
NM_000038.6(APC):c.3837T>G (p.Ser1279=)	APC		not specified|Classic or attenuated familial adenomatous polyposis|Hereditary cancer-predisposing syndrome|Familial adenomatous polyposis 1	VCV000386409	5	112175128	5	112839431	386409	368068	rs1057522493	NC_000005.10:112839430:T:G	single nucleotide variant	synonymous variant	Benign/Likely benign	Aug 31, 2025	criteria provided, multiple submitters, no conflicts							
NM_000038.6(APC):c.3840G>A (p.Leu1280=)	APC		Familial adenomatous polyposis 1	VCV003148074	5	112175131	5	112839434	3148074	3307322	rs2149900186	NC_000005.10:112839433:G:A	single nucleotide variant	synonymous variant|non-coding transcript variant	Benign	Mar 22, 2024	criteria provided, single submitter							
NM_000038.6(APC):c.3842C>G (p.Ser1281Ter)	APC	S1240*, S1281*, S1121*, S1253*, S1180*, S1222*, S1256*, S1155*, S1190*, S1263*, S1291*, S1299*, S998*	Familial adenomatous polyposis 1	VCV000952911	5	112175133	5	112839436	952911	923666	rs1765536013	NC_000005.10:112839435:C:G	single nucleotide variant	nonsense	Pathogenic	Apr 7, 2019	criteria provided, single submitter							
NM_000038.6(APC):c.3843A>G (p.Ser1281=)	APC		Familial adenomatous polyposis 1|Hereditary cancer-predisposing syndrome	VCV001556725	5	112175134	5	112839437	1556725	1592869	rs2149900255	NC_000005.10:112839436:A:G	single nucleotide variant	synonymous variant	Benign/Likely benign	May 11, 2025	criteria provided, multiple submitters, no conflicts							
NM_000038.6(APC):c.3845C>G (p.Ser1282Ter)	APC	S1122*, S1223*, S1241*, S1254*, S1181*, S1282*, S999*, S1156*, S1191*, S1257*, S1264*, S1292*, S1300*	Familial adenomatous polyposis 1	VCV000844994	5	112175136	5	112839439	844994	829716	rs1765536690	NC_000005.10:112839438:C:G	single nucleotide variant	nonsense	Pathogenic	Feb 15, 2025	criteria provided, multiple submitters, no conflicts							
NM_000038.6(APC):c.3850G>T (p.Glu1284Ter)	APC	E1183*, E1225*, E1243*, E1284*, E1294*, E1256*, E1124*, E1266*, E1302*, E1001*, E1158*, E1193*, E1259*	Familial adenomatous polyposis 1	VCV000946474	5	112175141	5	112839444	946474	923667	rs1765537897	NC_000005.10:112839443:G:T	single nucleotide variant	nonsense	Pathogenic	May 4, 2019	criteria provided, single submitter							
NM_000038.6(APC):c.3855T>C (p.Asp1285=)	APC		Familial adenomatous polyposis 1	VCV003148784	5	112175146	5	112839449	3148784	3308032	rs2149900558	NC_000005.10:112839448:T:C	single nucleotide variant	synonymous variant|non-coding transcript variant	Benign	Mar 22, 2024	criteria provided, single submitter							
NM_000038.6(APC):c.3856G>T (p.Glu1286Ter)	APC	E1195*, E1279*, E1126*, E1203*, E1258*, E1261*, E1268*, E1286*, E1003*, E1157*, E1185*, E1227*, E1160*, E1245*, E1276*, E1296*, E1304*, E1314*, E902*	Hereditary cancer-predisposing syndrome|Familial adenomatous polyposis 1|Neoplasm	VCV001735562	5	112175147	5	112839450	1735562	1790056	rs2533529597	NC_000005.10:112839449:G:T	single nucleotide variant	nonsense	Pathogenic	May 9, 2023	criteria provided, multiple submitters, no conflicts				Likely oncogenic	Mar 4, 2025	criteria provided, single submitter	
NM_000038.6(APC):c.3858A>G (p.Glu1286=)	APC		Hereditary cancer-predisposing syndrome|Familial adenomatous polyposis 1	VCV001171629	5	112175149	5	112839452	1171629	1160565	rs2149900613	NC_000005.10:112839451:A:G	single nucleotide variant	synonymous variant	Benign/Likely benign	Mar 22, 2024	criteria provided, multiple submitters, no conflicts							
NM_000038.6(APC):c.3864A>T (p.Gly1288=)	APC		Familial adenomatous polyposis 1	VCV003148128	5	112175155	5	112839458	3148128	3307376	rs2149900810	NC_000005.10:112839457:A:T	single nucleotide variant	synonymous variant|non-coding transcript variant	Benign	Mar 22, 2024	criteria provided, single submitter							
NM_000038.6(APC):c.3864A>G (p.Gly1288=)	APC		Hereditary cancer-predisposing syndrome|Familial adenomatous polyposis 1	VCV001094437	5	112175155	5	112839458	1094437	1072038	rs2149900810	NC_000005.10:112839457:A:G	single nucleotide variant	synonymous variant	Benign/Likely benign	Mar 22, 2024	criteria provided, multiple submitters, no conflicts							
NM_000038.6(APC):c.3867T>A (p.Cys1289Ter)	APC	C1271*, C1289*, C1006*, C1129*, C1230*, C1248*, C1307*, C1163*, C1198*, C1264*, C1188*, C1261*, C1299*	Hereditary cancer-predisposing syndrome|Familial adenomatous polyposis 1|Familial adenomatous polyposis 1|Neoplasm of stomach|Hepatocellular carcinoma|Desmoid disease, hereditary|Carcinoma of colon|not provided	VCV000545962	5	112175158	5	112839461	545962	536301	rs1554085355	NC_000005.10:112839460:T:A	single nucleotide variant	nonsense	Pathogenic	Jan 27, 2026	criteria provided, multiple submitters, no conflicts							
NM_000038.6(APC):c.3870T>C (p.Asn1290=)	APC		Hereditary cancer-predisposing syndrome|Familial adenomatous polyposis 1	VCV001089318	5	112175161	5	112839464	1089318	1072039	rs758343243	NC_000005.10:112839463:T:C	single nucleotide variant	synonymous variant	Benign/Likely benign	Sep 22, 2025	criteria provided, multiple submitters, no conflicts							
NM_000038.6(APC):c.3871C>T (p.Gln1291Ter)	APC	Q1273*, Q1291*, Q1250*, Q1008*, Q1131*, Q1190*, Q1263*, Q1301*, Q1200*, Q1232*, Q1266*, Q1165*, Q1309*	not provided|Familial adenomatous polyposis 1|Neoplasm	VCV000575517	5	112175162	5	112839465	575517	562428	rs1561588104	NC_000005.10:112839464:C:T	single nucleotide variant	nonsense	Pathogenic	Jul 2, 2024	criteria provided, multiple submitters, no conflicts				Oncogenic	Dec 29, 2025	criteria provided, single submitter	
NM_000038.6(APC):c.3873G>A (p.Gln1291=)	APC		Familial adenomatous polyposis 1	VCV001145725	5	112175164	5	112839467	1145725	1136118	rs2149900974	NC_000005.10:112839466:G:A	single nucleotide variant	synonymous variant	Benign/Likely benign	Mar 22, 2024	criteria provided, multiple submitters, no conflicts							
NM_000038.6(APC):c.3876G>A (p.Thr1292=)	APC		Familial adenomatous polyposis 1|Hereditary cancer-predisposing syndrome|not specified|not provided	VCV000377491	5	112175167	5	112839470	377491	367782	rs377494451	NC_000005.10:112839469:G:A	single nucleotide variant	synonymous variant	Benign/Likely benign	Dec 8, 2025	criteria provided, multiple submitters, no conflicts							
NM_000038.6(APC):c.3880C>T (p.Gln1294Ter)	APC	Q1276*, Q1294*, Q1168*, Q1253*, Q1266*, Q1193*, Q1312*, Q1134*, Q1011*, Q1203*, Q1235*, Q1269*, Q1304*	not provided|Hereditary cancer-predisposing syndrome|Familial adenomatous polyposis 1	VCV000469942	5	112175171	5	112839474	469942	453972	rs1554085373	NC_000005.10:112839473:C:T	single nucleotide variant	nonsense	Pathogenic	Jun 8, 2025	criteria provided, multiple submitters, no conflicts							
NM_000038.6(APC):c.3883G>T (p.Glu1295Ter)	APC	E1212*, E1254*, E1288*, E1295*, E1305*, E1323*, E1012*, E1135*, E1169*, E1194*, E1204*, E1267*, E1270*, E1285*, E1166*, E1313*, E911*, E1236*, E1277*	Familial adenomatous polyposis 1	VCV002102818	5	112175174	5	112839477	2102818	2161878	rs2149901204	NC_000005.10:112839476:G:T	single nucleotide variant	nonsense	Pathogenic	Feb 24, 2022	criteria provided, single submitter							
NM_000038.6(APC):c.3888A>C (p.Ala1296=)	APC		Familial adenomatous polyposis 1	VCV003148238	5	112175179	5	112839482	3148238	3307486	rs2149901314	NC_000005.10:112839481:A:C	single nucleotide variant	synonymous variant|non-coding transcript variant	Benign	Mar 22, 2024	criteria provided, single submitter							
NM_000038.6(APC):c.3897T>C (p.Ala1299=)	APC		Familial adenomatous polyposis 1|Hereditary cancer-predisposing syndrome	VCV002036450	5	112175188	5	112839491	2036450	2090506	rs1057521474	NC_000005.10:112839490:T:C	single nucleotide variant	synonymous variant|non-coding transcript variant	Benign/Likely benign	Nov 30, 2024	criteria provided, multiple submitters, no conflicts							
NM_000038.6(APC):c.3897T>A (p.Ala1299=)	APC		Hereditary cancer-predisposing syndrome|not specified|Familial adenomatous polyposis 1	VCV000382853	5	112175188	5	112839491	382853	367786	rs1057521474	NC_000005.10:112839490:T:A	single nucleotide variant	synonymous variant	Benign/Likely benign	Jul 16, 2024	criteria provided, multiple submitters, no conflicts							
NM_000038.6(APC):c.3906G>T (p.Leu1302=)	APC		Hereditary cancer-predisposing syndrome|Familial adenomatous polyposis 1	VCV001736062	5	112175197	5	112839500	1736062	1787221	rs756366532	NC_000005.10:112839499:G:T	single nucleotide variant	synonymous variant|non-coding transcript variant	Benign/Likely benign	Mar 22, 2024	criteria provided, multiple submitters, no conflicts							
NM_000038.6(APC):c.3906G>A (p.Leu1302=)	APC		Familial adenomatous polyposis 1|Hereditary cancer-predisposing syndrome|Classic or attenuated familial adenomatous polyposis	VCV000485132	5	112175197	5	112839500	485132	473736	rs756366532	NC_000005.10:112839499:G:A	single nucleotide variant	synonymous variant	Benign/Likely benign	Jun 5, 2024	criteria provided, multiple submitters, no conflicts							
NM_000038.6(APC):c.3907C>T (p.Gln1303Ter)	APC	Q1020*, Q1143*, Q1177*, Q1202*, Q1212*, Q1244*, Q1262*, Q1275*, Q1278*, Q1285*, Q1303*, Q1313*, Q1321*	Familial adenomatous polyposis 1	VCV001076263	5	112175198	5	112839501	1076263	1060156	rs2149901776	NC_000005.10:112839500:C:T	single nucleotide variant	nonsense	Pathogenic	May 9, 2023	criteria provided, multiple submitters, no conflicts							
NM_000038.6(APC):c.3916G>T (p.Glu1306Ter)	APC	E1288*, E1306*, E1180*, E1247*, E1146*, E1265*, E1205*, E1281*, E1324*, E1023*, E1215*, E1278*, E1316*	Hereditary cancer-predisposing syndrome|not provided|Familial adenomatous polyposis 1|Neoplasm	VCV000376059	5	112175207	5	112839510	376059	362938	rs121913462	NC_000005.10:112839509:G:T	single nucleotide variant	nonsense	Pathogenic	Aug 12, 2025	criteria provided, multiple submitters, no conflicts				Oncogenic	Dec 29, 2025	criteria provided, single submitter	
NM_000038.6(APC):c.3925G>T (p.Glu1309Ter)	APC	E1183*, E1250*, E1026*, E1208*, E1268*, E1281*, E1291*, E1327*, E1149*, E1319*, E1218*, E1284*, E1309*	not provided|APC-related disorder|Hereditary cancer-predisposing syndrome|Familial adenomatous polyposis 1|Neoplasm	VCV000824390	5	112175216	5	112839519	824390	808031	rs1321583762	NC_000005.10:112839518:G:T	single nucleotide variant	nonsense	Pathogenic	Jun 6, 2025	criteria provided, multiple submitters, no conflicts				Likely oncogenic	Dec 29, 2025	criteria provided, single submitter	
NM_000038.6(APC):c.3928A>T (p.Lys1310Ter)	APC	K1184*, K1328*, K1027*, K1251*, K1150*, K1209*, K1282*, K1285*, K1292*, K1310*, K1219*, K1269*, K1320*	Familial adenomatous polyposis 1|Hereditary cancer-predisposing syndrome	VCV001449226	5	112175219	5	112839522	1449226	1338981	rs2149902263	NC_000005.10:112839521:A:T	single nucleotide variant	nonsense	Pathogenic	May 9, 2023	criteria provided, multiple submitters, no conflicts							
NM_000038.6(APC):c.3933T>C (p.Ile1311=)	APC		not specified|Familial adenomatous polyposis 1|Hereditary cancer-predisposing syndrome|Classic or attenuated familial adenomatous polyposis	VCV000490271	5	112175224	5	112839527	490271	483822	rs201706728	NC_000005.10:112839526:T:C	single nucleotide variant	synonymous variant	Benign/Likely benign	Dec 23, 2025	criteria provided, multiple submitters, no conflicts							
NM_000038.6(APC):c.3942G>A (p.Arg1314=)	APC		Familial adenomatous polyposis 1	VCV001610050	5	112175233	5	112839536	1610050	1551006	rs1315459181	NC_000005.10:112839535:G:A	single nucleotide variant	synonymous variant	Benign/Likely benign	Mar 22, 2024	criteria provided, multiple submitters, no conflicts							
NM_000038.6(APC):c.3944C>A (p.Ser1315Ter)	APC	S1155*, S1189*, S1274*, S1290*, S1297*, S1325*, S1333*, S1214*, S1315*, S1224*, S1287*, S1032*, S1256*	Familial adenomatous polyposis 1|Colorectal cancer|Neoplasm	VCV000958617	5	112175235	5	112839538	958617	944198	rs1765564648	NC_000005.10:112839537:C:A	single nucleotide variant	nonsense	Pathogenic	Feb 17, 2026	criteria provided, multiple submitters, no conflicts	Tier II - Potential	Oct 10, 2024	no assertion criteria provided	Likely oncogenic	Mar 4, 2025	criteria provided, single submitter	
NM_000038.6(APC):c.3949G>C (p.Glu1317Gln)	APC	E1317Q, E1299Q, E1276Q, E1226Q, E1327Q, E1216Q, E1258Q, E1034Q, E1157Q, E1191Q, E1289Q, E1292Q, E1335Q	APC-Associated Polyposis Disorders|Hereditary cancer-predisposing syndrome|not provided|not specified|Familial adenomatous polyposis 1|Hereditary breast ovarian cancer syndrome	VCV000000829	5	112175240	5	112839543	829	15868	rs1801166	NC_000005.10:112839542:G:C	single nucleotide variant	missense variant	Benign/Likely benign	Jun 1, 2026	criteria provided, multiple submitters, no conflicts							
NM_000038.6(APC):c.3957T>G (p.Pro1319=)	APC		Familial adenomatous polyposis 1	VCV003148192	5	112175248	5	112839551	3148192	3307440	rs773123653	NC_000005.10:112839550:T:G	single nucleotide variant	synonymous variant|non-coding transcript variant	Benign	Mar 25, 2024	criteria provided, single submitter							
NM_000038.6(APC):c.3957T>A (p.Pro1319=)	APC		not specified|Classic or attenuated familial adenomatous polyposis|Hereditary cancer-predisposing syndrome|Familial adenomatous polyposis 1	VCV000923929	5	112175248	5	112839551	923929	909947	rs773123653	NC_000005.10:112839550:T:A	single nucleotide variant	synonymous variant	Benign/Likely benign	Jan 25, 2026	criteria provided, multiple submitters, no conflicts							
NM_000038.6(APC):c.3960G>C (p.Val1320=)	APC		Classic or attenuated familial adenomatous polyposis|Hereditary cancer-predisposing syndrome|Familial adenomatous polyposis 1	VCV001603409	5	112175251	5	112839554	1603409	1524483	rs987999780	NC_000005.10:112839553:G:C	single nucleotide variant	synonymous variant	Benign/Likely benign	Jan 6, 2025	criteria provided, multiple submitters, no conflicts							
NM_000038.6(APC):c.3963C>T (p.Ser1321=)	APC		Classic or attenuated familial adenomatous polyposis|Hereditary cancer-predisposing syndrome|not specified|not provided|Desmoid disease, hereditary|Familial adenomatous polyposis 1|Familial adenomatous polyposis 1	VCV000184173	5	112175254	5	112839557	184173	182391	rs150595875	NC_000005.10:112839556:C:T	single nucleotide variant	synonymous variant	Benign/Likely benign	Feb 3, 2026	criteria provided, multiple submitters, no conflicts							
NM_000038.6(APC):c.3975A>G (p.Ala1325=)	APC		Familial adenomatous polyposis 1	VCV003148119	5	112175266	5	112839569	3148119	3307367	rs2149903274	NC_000005.10:112839568:A:G	single nucleotide variant	synonymous variant|non-coding transcript variant	Benign	Mar 25, 2024	criteria provided, single submitter							
NM_000038.6(APC):c.3975A>C (p.Ala1325=)	APC		Familial adenomatous polyposis 1|Hereditary cancer-predisposing syndrome	VCV003148092	5	112175266	5	112839569	3148092	3307340	rs2149903274	NC_000005.10:112839568:A:C	single nucleotide variant	synonymous variant|non-coding transcript variant	Benign/Likely benign	Feb 10, 2026	criteria provided, multiple submitters, no conflicts							
NM_000038.6(APC):c.3978G>A (p.Val1326=)	APC		Familial adenomatous polyposis 1	VCV003148292	5	112175269	5	112839572	3148292	3307540	rs2149903342	NC_000005.10:112839571:G:A	single nucleotide variant	synonymous variant|non-coding transcript variant	Benign	Mar 25, 2024	criteria provided, single submitter							
NM_000038.6(APC):c.3980C>A (p.Ser1327Ter)	APC	S1044*, S1167*, S1198*, S1201*, S1226*, S1236*, S1244*, S1268*, S1286*, S1299*, S1302*, S1309*, S1317*, S1320*, S1327*, S1337*, S1345*, S1355*, S943*	Familial adenomatous polyposis 1	VCV002584181	5	112175271	5	112839574	2584181	2751747	rs1554085429	NC_000005.10:112839573:C:A	single nucleotide variant	nonsense|non-coding transcript variant	Pathogenic	May 9, 2023	criteria provided, single submitter							
NM_000038.6(APC):c.3980C>G (p.Ser1327Ter)	APC	S1309*, S1327*, S1044*, S1167*, S1226*, S1236*, S1268*, S1299*, S1201*, S1337*, S1345*, S1302*, S1286*	Familial adenomatous polyposis 1	VCV000469943	5	112175271	5	112839574	469943	454443	rs1554085429	NC_000005.10:112839573:C:G	single nucleotide variant	nonsense	Pathogenic	May 9, 2023	criteria provided, multiple submitters, no conflicts							
NM_000038.6(APC):c.3981A>G (p.Ser1327=)	APC		Hereditary cancer-predisposing syndrome|Familial adenomatous polyposis 1	VCV000927439	5	112175272	5	112839575	927439	909950	rs1554085433	NC_000005.10:112839574:A:G	single nucleotide variant	synonymous variant	Benign/Likely benign	Apr 8, 2025	criteria provided, multiple submitters, no conflicts							
NM_000038.6(APC):c.3981A>C (p.Ser1327=)	APC		Hereditary cancer-predisposing syndrome|Familial adenomatous polyposis 1	VCV000824457	5	112175272	5	112839575	824457	808038	rs1554085433	NC_000005.10:112839574:A:C	single nucleotide variant	synonymous variant	Benign/Likely benign	Mar 25, 2024	criteria provided, multiple submitters, no conflicts							
NM_000038.6(APC):c.3982C>T (p.Gln1328Ter)	APC	Q1310*, Q1328*, Q1045*, Q1168*, Q1202*, Q1300*, Q1338*, Q1237*, Q1346*, Q1227*, Q1269*, Q1287*, Q1303*	APC-related disorder|Desmoid disease, hereditary|Familial adenomatous polyposis 1|Hepatocellular carcinoma|Gastric cancer|Gastric adenocarcinoma and proximal polyposis of the stomach|Colorectal cancer|Hereditary cancer-predisposing syndrome|not provided|Familial adenomatous polyposis 1	VCV000092346	5	112175273	5	112839576	92346	98257	rs398123121	NC_000005.10:112839575:C:T	single nucleotide variant	nonsense	Pathogenic	Aug 6, 2026	criteria provided, multiple submitters, no conflicts							
NM_000038.6(APC):c.3987C>T (p.His1329=)	APC		Familial adenomatous polyposis 1	VCV001136787	5	112175278	5	112839581	1136787	1115179	rs2149903524	NC_000005.10:112839580:C:T	single nucleotide variant	synonymous variant	Benign/Likely benign	Mar 25, 2024	criteria provided, multiple submitters, no conflicts							
NM_000038.6(APC):c.3990T>A (p.Pro1330=)	APC		not specified|Familial adenomatous polyposis 1|Hereditary cancer-predisposing syndrome	VCV000482254	5	112175281	5	112839584	482254	473762	rs758667746	NC_000005.10:112839583:T:A	single nucleotide variant	synonymous variant	Benign/Likely benign	Nov 14, 2025	criteria provided, multiple submitters, no conflicts							
NM_000038.6(APC):c.4002C>G (p.Ser1334=)	APC		Familial adenomatous polyposis 1|Hereditary cancer-predisposing syndrome	VCV002587043	5	112175293	5	112839596	2587043	2753719	rs2149903830	NC_000005.10:112839595:C:G	single nucleotide variant	synonymous variant|non-coding transcript variant	Benign/Likely benign	Mar 25, 2024	criteria provided, multiple submitters, no conflicts							
NM_000038.6(APC):c.4005C>T (p.Ser1335=)	APC		Classic or attenuated familial adenomatous polyposis|Hereditary cancer-predisposing syndrome|not provided|Familial adenomatous polyposis 1	VCV000184249	5	112175296	5	112839599	184249	182392	rs751729992	NC_000005.10:112839598:C:T	single nucleotide variant	synonymous variant	Benign/Likely benign	Sep 24, 2025	criteria provided, multiple submitters, no conflicts							
NM_000038.6(APC):c.4006A>T (p.Arg1336Ter)	APC	R1235*, R1245*, R1295*, R1311*, R1336*, R1354*, R1210*, R1053*, R1346*, R1176*, R1277*, R1308*, R1318*	Hereditary cancer-predisposing syndrome|Familial adenomatous polyposis 1	VCV000648675	5	112175297	5	112839600	648675	632703	rs1580642648	NC_000005.10:112839599:A:T	single nucleotide variant	nonsense	Pathogenic	Oct 15, 2024	criteria provided, multiple submitters, no conflicts							
NM_000038.6(APC):c.4009C>T (p.Leu1337=)	APC		Familial adenomatous polyposis 1|Hereditary cancer-predisposing syndrome	VCV001095510	5	112175300	5	112839603	1095510	1072040	rs1554085448	NC_000005.10:112839602:C:T	single nucleotide variant	synonymous variant	Benign/Likely benign	Nov 18, 2024	criteria provided, multiple submitters, no conflicts							
NM_000038.6(APC):c.4011G>T (p.Leu1337=)	APC		Familial adenomatous polyposis 1	VCV001588071	5	112175302	5	112839605	1588071	1574614	rs1765579898	NC_000005.10:112839604:G:T	single nucleotide variant	synonymous variant	Benign/Likely benign	Mar 25, 2024	criteria provided, multiple submitters, no conflicts							
NM_000038.6(APC):c.4012C>T (p.Gln1338Ter)	APC	Q1338*, Q1320*, Q1237*, Q1279*, Q1297*, Q1348*, Q1212*, Q1055*, Q1178*, Q1310*, Q1313*, Q1356*, Q1247*	Familial adenomatous polyposis 1	VCV000000801	5	112175303	5	112839606	801	15840	rs121913327	NC_000005.10:112839605:C:T	single nucleotide variant	nonsense	Pathogenic	Feb 23, 2023	criteria provided, multiple submitters, no conflicts							
NM_000038.6(APC):c.4017T>C (p.Gly1339=)	APC		Hereditary cancer-predisposing syndrome|Familial adenomatous polyposis 1	VCV000537596	5	112175308	5	112839611	537596	520781	rs1554085461	NC_000005.10:112839610:T:C	single nucleotide variant	synonymous variant	Benign/Likely benign	Mar 25, 2024	criteria provided, multiple submitters, no conflicts							
NM_000038.6(APC):c.4020T>C (p.Ser1340=)	APC		Familial adenomatous polyposis 1|Hereditary cancer-predisposing syndrome|Classic or attenuated familial adenomatous polyposis|not specified	VCV000232327	5	112175311	5	112839614	232327	233095	rs746379898	NC_000005.10:112839613:T:C	single nucleotide variant	synonymous variant	Benign/Likely benign	Apr 1, 2025	criteria provided, multiple submitters, no conflicts							
NM_000038.6(APC):c.4025T>G (p.Leu1342Ter)	APC	L1216*, L1301*, L1314*, L1182*, L1241*, L1283*, L1317*, L1324*, L1352*, L1360*, L1059*, L1342*, L1251*	Familial adenomatous polyposis 1	VCV000645602	5	112175316	5	112839619	645602	632704	rs1580643026	NC_000005.10:112839618:T:G	single nucleotide variant	nonsense	Pathogenic	Aug 19, 2018	criteria provided, single submitter							
NM_000038.6(APC):c.4029T>A (p.Ser1343=)	APC		Hereditary cancer-predisposing syndrome|Familial adenomatous polyposis 1	VCV000428187	5	112175320	5	112839623	428187	419651	rs1114167618	NC_000005.10:112839622:T:A	single nucleotide variant	synonymous variant	Benign/Likely benign	Mar 25, 2024	criteria provided, multiple submitters, no conflicts							
NM_000038.6(APC):c.4031C>G (p.Ser1344Ter)	APC	S1326*, S1344*, S1184*, S1253*, S1316*, S1061*, S1243*, S1218*, S1285*, S1303*, S1319*, S1354*, S1362*	Familial adenomatous polyposis 1|Hereditary cancer-predisposing syndrome	VCV000428137	5	112175322	5	112839625	428137	419652	rs1114167578	NC_000005.10:112839624:C:G	single nucleotide variant	nonsense	Pathogenic	Feb 7, 2024	criteria provided, multiple submitters, no conflicts							
NM_000038.6(APC):c.4033G>T (p.Glu1345Ter)	APC	E1327*, E1345*, E1062*, E1185*, E1286*, E1304*, E1317*, E1363*, E1320*, E1355*, E1219*, E1254*, E1244*	not provided|Familial adenomatous polyposis 1	VCV000449334	5	112175324	5	112839627	449334	443649	rs1211642532	NC_000005.10:112839626:G:T	single nucleotide variant	nonsense	Pathogenic	May 10, 2023	criteria provided, multiple submitters, no conflicts							
NM_000038.6(APC):c.4035A>G (p.Glu1345=)	APC		Familial adenomatous polyposis 1|Classic or attenuated familial adenomatous polyposis|Hereditary cancer-predisposing syndrome	VCV000416748	5	112175326	5	112839629	416748	394349	rs1060504886	NC_000005.10:112839628:A:G	single nucleotide variant	synonymous variant	Benign/Likely benign	Jan 13, 2026	criteria provided, multiple submitters, no conflicts							
NM_000038.6(APC):c.4037C>G (p.Ser1346Ter)	APC	S1217*, S1263*, S1336*, S1374*, S1186*, S1245*, S1305*, S1318*, S1328*, S1346*, S1356*, S1063*, S1220*, S1255*, S1287*, S1321*, S1339*, S1364*, S962*	Familial adenomatous polyposis 1	VCV002734769	5	112175328	5	112839631	2734769	2904685	rs2149904709	NC_000005.10:112839630:C:G	single nucleotide variant	nonsense|non-coding transcript variant	Pathogenic	Jan 17, 2024	criteria provided, single submitter							
NM_000038.6(APC):c.4037C>A (p.Ser1346Ter)	APC	S1220*, S1245*, S1255*, S1321*, S1328*, S1339*, S1356*, S1374*, S1305*, S1336*, S962*, S1263*, S1318*, S1346*, S1063*, S1186*, S1217*, S1287*, S1364*	Hereditary cancer-predisposing syndrome	VCV001737245	5	112175328	5	112839631	1737245	1790444	rs2149904709	NC_000005.10:112839630:C:A	single nucleotide variant	nonsense	Pathogenic	Feb 8, 2022	criteria provided, single submitter							
NM_000038.6(APC):c.4041C>T (p.Ala1347=)	APC		Hereditary cancer-predisposing syndrome|Familial adenomatous polyposis 1	VCV001737289	5	112175332	5	112839635	1737289	1790488	rs2149904805	NC_000005.10:112839634:C:T	single nucleotide variant	synonymous variant|non-coding transcript variant	Benign/Likely benign	Mar 25, 2024	criteria provided, multiple submitters, no conflicts							
NM_000038.6(APC):c.4041C>A (p.Ala1347=)	APC		Hereditary cancer-predisposing syndrome|Familial adenomatous polyposis 1	VCV001136564	5	112175332	5	112839635	1136564	1115180	rs2149904805	NC_000005.10:112839634:C:A	single nucleotide variant	synonymous variant	Benign/Likely benign	Mar 25, 2024	criteria provided, multiple submitters, no conflicts							
NM_000038.6(APC):c.4053T>C (p.Ala1351=)	APC		Classic or attenuated familial adenomatous polyposis|Hereditary cancer-predisposing syndrome|Familial adenomatous polyposis 1	VCV000630602	5	112175344	5	112839647	630602	617143	rs773727399	NC_000005.10:112839646:T:C	single nucleotide variant	synonymous variant	Benign/Likely benign	Nov 24, 2025	criteria provided, multiple submitters, no conflicts							
NM_000038.6(APC):c.4057G>T (p.Glu1353Ter)	APC	E1335*, E1353*, E1262*, E1294*, E1371*, E1070*, E1252*, E1328*, E1227*, E1363*, E1193*, E1312*, E1325*	Hereditary cancer-predisposing syndrome|Familial adenomatous polyposis 1|Neoplasm	VCV000428122	5	112175348	5	112839651	428122	419654	rs1114167568	NC_000005.10:112839650:G:T	single nucleotide variant	nonsense	Pathogenic	Nov 25, 2025	criteria provided, multiple submitters, no conflicts				Oncogenic	Mar 4, 2025	criteria provided, single submitter	
NM_000038.6(APC):c.4065T>C (p.Ser1355=)	APC		Hereditary cancer-predisposing syndrome|Familial adenomatous polyposis 1	VCV000824561	5	112175356	5	112839659	824561	808046	rs1580643558	NC_000005.10:112839658:T:C	single nucleotide variant	synonymous variant	Benign/Likely benign	Oct 26, 2025	criteria provided, multiple submitters, no conflicts							
NM_000038.6(APC):c.4067C>A (p.Ser1356Ter)	APC	S1073*, S1196*, S1227*, S1230*, S1255*, S1265*, S1273*, S1297*, S1315*, S1328*, S1331*, S1338*, S1346*, S1349*, S1356*, S1366*, S1374*, S1384*, S972*	Familial adenomatous polyposis 1|Classic or attenuated familial adenomatous polyposis|Neoplasm	VCV002583956	5	112175358	5	112839661	2583956	2751525	rs1554085480	NC_000005.10:112839660:C:A	single nucleotide variant	nonsense|non-coding transcript variant	Pathogenic	Oct 16, 2024	criteria provided, multiple submitters, no conflicts				Likely oncogenic	Dec 29, 2025	criteria provided, single submitter	
NM_000038.6(APC):c.4067C>G (p.Ser1356Ter)	APC	S1356*, S1338*, S1265*, S1374*, S1331*, S1196*, S1255*, S1297*, S1315*, S1328*, S1366*, S1073*, S1230*	Hereditary cancer-predisposing syndrome|not provided|Familial adenomatous polyposis 1|Neoplasm	VCV000486783	5	112175358	5	112839661	486783	473764	rs1554085480	NC_000005.10:112839660:C:G	single nucleotide variant	nonsense	Pathogenic	May 10, 2023	criteria provided, multiple submitters, no conflicts				Likely oncogenic	Dec 29, 2025	criteria provided, single submitter	
NM_000038.6(APC):c.4068A>T (p.Ser1356=)	APC		Hereditary cancer-predisposing syndrome|Familial adenomatous polyposis 1	VCV001116948	5	112175359	5	112839662	1116948	1093643	rs2149905525	NC_000005.10:112839661:A:T	single nucleotide variant	synonymous variant	Benign/Likely benign	Mar 25, 2024	criteria provided, multiple submitters, no conflicts							
NM_000038.6(APC):c.4069G>T (p.Gly1357Ter)	APC	G1197*, G1228*, G1339*, G1231*, G1256*, G1274*, G1316*, G1329*, G1350*, G1367*, G1375*, G1074*, G1298*, G1332*, G1357*, G1266*, G1347*, G1385*, G973*	Hereditary cancer-predisposing syndrome	VCV003304139	5	112175360	5	112839663	3304139	3470306		NC_000005.10:112839662:G:T	single nucleotide variant	nonsense|non-coding transcript variant	Pathogenic	Mar 28, 2024	criteria provided, single submitter							
NM_000038.6(APC):c.4074G>T (p.Ala1358=)	APC		Familial adenomatous polyposis 1|Hereditary cancer-predisposing syndrome	VCV000230403	5	112175365	5	112839668	230403	233097	rs149782464	NC_000005.10:112839667:G:T	single nucleotide variant	synonymous variant	Benign/Likely benign	Nov 23, 2025	criteria provided, multiple submitters, no conflicts							
NM_000038.6(APC):c.4074G>A (p.Ala1358=)	APC		not provided|not specified|Hereditary cancer-predisposing syndrome|Familial adenomatous polyposis 1	VCV000220144	5	112175365	5	112839668	220144	221514	rs149782464	NC_000005.10:112839667:G:A	single nucleotide variant	synonymous variant	Benign/Likely benign	Apr 13, 2026	criteria provided, multiple submitters, no conflicts							
NM_000038.6(APC):c.4075A>T (p.Lys1359Ter)	APC	K1341*, K1359*, K1233*, K1199*, K1258*, K1334*, K1076*, K1300*, K1377*, K1268*, K1318*, K1331*, K1369*	Familial adenomatous polyposis 1	VCV000217977	5	112175366	5	112839669	217977	214723	rs863225352	NC_000005.10:112839668:A:T	single nucleotide variant	nonsense	Pathogenic	May 10, 2023	criteria provided, single submitter							
NM_000038.6(APC):c.4083C>T (p.Pro1361=)	APC		Familial adenomatous polyposis 1	VCV003148152	5	112175374	5	112839677	3148152	3307400	rs1464598628	NC_000005.10:112839676:C:T	single nucleotide variant	synonymous variant|non-coding transcript variant	Benign/Likely benign	Sep 25, 2024	criteria provided, multiple submitters, no conflicts							
NM_000038.6(APC):c.4083C>G (p.Pro1361=)	APC		Hereditary cancer-predisposing syndrome|Familial adenomatous polyposis 1	VCV001737647	5	112175374	5	112839677	1737647	1787511	rs1464598628	NC_000005.10:112839676:C:G	single nucleotide variant	synonymous variant|non-coding transcript variant	Benign/Likely benign	Jul 23, 2024	criteria provided, multiple submitters, no conflicts							
NM_000038.6(APC):c.4095T>C (p.Gly1365=)	APC		Familial adenomatous polyposis 1	VCV003147992	5	112175386	5	112839689	3147992	3307240	rs2149906319	NC_000005.10:112839688:T:C	single nucleotide variant	synonymous variant|non-coding transcript variant	Benign	Mar 25, 2024	criteria provided, single submitter							
NM_000038.6(APC):c.4095T>G (p.Gly1365=)	APC		Familial adenomatous polyposis 1|Hereditary cancer-predisposing syndrome	VCV001093469	5	112175386	5	112839689	1093469	1072042	rs2149906319	NC_000005.10:112839688:T:G	single nucleotide variant	synonymous variant	Benign/Likely benign	Oct 15, 2024	criteria provided, multiple submitters, no conflicts							
NM_000038.6(APC):c.4098T>C (p.Ala1366=)	APC		Hereditary cancer-predisposing syndrome|Familial adenomatous polyposis 1	VCV000824587	5	112175389	5	112839692	824587	808049	rs1035647216	NC_000005.10:112839691:T:C	single nucleotide variant	synonymous variant	Benign/Likely benign	Dec 22, 2025	criteria provided, multiple submitters, no conflicts							
NM_000038.6(APC):c.4099C>T (p.Gln1367Ter)	APC	Q1349*, Q1367*, Q1266*, Q1276*, Q1308*, Q1326*, Q1342*, Q1377*, Q1084*, Q1339*, Q1207*, Q1241*, Q1385*	not provided|Familial adenomatous polyposis 1|Colorectal cancer|Neoplasm	VCV000376060	5	112175390	5	112839693	376060	362939	rs121913328	NC_000005.10:112839692:C:T	single nucleotide variant	nonsense	Pathogenic	May 10, 2023	criteria provided, multiple submitters, no conflicts	Tier II - Potential	Oct 10, 2024	no assertion criteria provided	Likely oncogenic	Dec 29, 2025	criteria provided, single submitter	
NM_000038.6(APC):c.4104A>G (p.Thr1368=)	APC		Familial adenomatous polyposis 1	VCV001104188	5	112175395	5	112839698	1104188	1093644	rs1300729539	NC_000005.10:112839697:A:G	single nucleotide variant	synonymous variant	Benign/Likely benign	Mar 25, 2024	criteria provided, multiple submitters, no conflicts							
NM_000038.6(APC):c.4107C>T (p.Pro1369=)	APC		not provided|Hereditary cancer-predisposing syndrome|Familial adenomatous polyposis 1	VCV002163415	5	112175398	5	112839701	2163415	1887899	rs2149906668	NC_000005.10:112839700:C:T	single nucleotide variant	synonymous variant|non-coding transcript variant	Benign/Likely benign	Aug 1, 2025	criteria provided, multiple submitters, no conflicts							
NM_000038.6(APC):c.4107C>G (p.Pro1369=)	APC		Hereditary cancer-predisposing syndrome|Familial adenomatous polyposis 1	VCV001109148	5	112175398	5	112839701	1109148	1093645	rs2149906668	NC_000005.10:112839700:C:G	single nucleotide variant	synonymous variant	Benign/Likely benign	Feb 14, 2025	criteria provided, multiple submitters, no conflicts							
NM_000038.6(APC):c.4116A>T (p.Pro1372=)	APC		Hereditary cancer-predisposing syndrome|Familial adenomatous polyposis 1	VCV002624854	5	112175407	5	112839710	2624854	2790349	rs2149906847	NC_000005.10:112839709:A:T	single nucleotide variant	synonymous variant|non-coding transcript variant	Benign/Likely benign	Mar 25, 2024	criteria provided, multiple submitters, no conflicts							
NM_000038.6(APC):c.4119T>G (p.Pro1373=)	APC		Hereditary cancer-predisposing syndrome|Familial adenomatous polyposis 1	VCV000629820	5	112175410	5	112839713	629820	617146	rs1248565162	NC_000005.10:112839712:T:G	single nucleotide variant	synonymous variant	Benign/Likely benign	Mar 25, 2024	criteria provided, multiple submitters, no conflicts							
NM_000038.6(APC):c.4119T>A (p.Pro1373=)	APC		Classic or attenuated familial adenomatous polyposis|Hereditary cancer-predisposing syndrome|not provided|not specified|Familial adenomatous polyposis 1	VCV000469952	5	112175410	5	112839713	469952	454454	rs1248565162	NC_000005.10:112839712:T:A	single nucleotide variant	synonymous variant	Benign/Likely benign	Nov 22, 2025	criteria provided, multiple submitters, no conflicts							
NM_000038.6(APC):c.4120G>T (p.Glu1374Ter)	APC	E1091*, E1214*, E1245*, E1248*, E1273*, E1283*, E1291*, E1315*, E1333*, E1346*, E1349*, E1356*, E1364*, E1367*, E1374*, E1384*, E1392*, E1402*, E990*	not provided|Familial adenomatous polyposis 1	VCV002578046	5	112175411	5	112839714	2578046	2742937	rs876659156	NC_000005.10:112839713:G:T	single nucleotide variant	nonsense|non-coding transcript variant	Pathogenic/Likely pathogenic	May 10, 2023	criteria provided, multiple submitters, no conflicts							
NM_000038.6(APC):c.4122A>G (p.Glu1374=)	APC		not provided|Hereditary cancer-predisposing syndrome|Familial adenomatous polyposis 1	VCV000824607	5	112175413	5	112839716	824607	808051	rs767619059	NC_000005.10:112839715:A:G	single nucleotide variant	synonymous variant	Benign/Likely benign	Aug 1, 2025	criteria provided, multiple submitters, no conflicts							
NM_000038.6(APC):c.4125C>T (p.His1375=)	APC		Familial adenomatous polyposis 1|Hereditary cancer-predisposing syndrome|not specified	VCV000416734	5	112175416	5	112839719	416734	394363	rs1060504880	NC_000005.10:112839718:C:T	single nucleotide variant	synonymous variant	Benign/Likely benign	Dec 17, 2025	criteria provided, multiple submitters, no conflicts							
NM_000038.6(APC):c.4128T>G (p.Tyr1376Ter)	APC	Y1335*, Y1348*, Y1351*, Y1358*, Y1366*, Y1369*, Y1376*, Y1386*, Y1394*, Y1404*, Y992*, Y1093*, Y1216*, Y1247*, Y1250*, Y1275*, Y1285*, Y1293*, Y1317*	Familial adenomatous polyposis 1	VCV002583226	5	112175419	5	112839722	2583226	2750797	rs1554085539	NC_000005.10:112839721:T:G	single nucleotide variant	nonsense|non-coding transcript variant	Pathogenic	May 10, 2023	criteria provided, single submitter							
NM_000038.6(APC):c.4128T>A (p.Tyr1376Ter)	APC	Y1093*, Y1216*, Y1275*, Y1317*, Y1247*, Y1250*, Y1293*, Y1335*, Y1351*, Y1404*, Y992*, Y1348*, Y1376*, Y1386*, Y1285*, Y1358*, Y1366*, Y1369*, Y1394*	Hereditary cancer-predisposing syndrome	VCV001738059	5	112175419	5	112839722	1738059	1797295	rs1554085539	NC_000005.10:112839721:T:A	single nucleotide variant	nonsense	Pathogenic	Sep 6, 2019	criteria provided, single submitter							
NM_000038.6(APC):c.4132C>T (p.Gln1378Ter)	APC	Q1360*, Q1378*, Q1277*, Q1287*, Q1396*, Q1095*, Q1337*, Q1350*, Q1353*, Q1218*, Q1388*, Q1252*, Q1319*	Hereditary cancer-predisposing syndrome|Colorectal cancer|Familial adenomatous polyposis 1	VCV000376061	5	112175423	5	112839726	376061	362940	rs121913329	NC_000005.10:112839725:C:T	single nucleotide variant	nonsense	Pathogenic	May 10, 2023	criteria provided, multiple submitters, no conflicts							
NM_000038.6(APC):c.4134G>A (p.Gln1378=)	APC		Classic or attenuated familial adenomatous polyposis|Hereditary cancer-predisposing syndrome|not provided|Familial adenomatous polyposis 1	VCV000219933	5	112175425	5	112839728	219933	221515	rs780368623	NC_000005.10:112839727:G:A	single nucleotide variant	synonymous variant	Benign/Likely benign	Dec 3, 2025	criteria provided, multiple submitters, no conflicts							
NM_000038.6(APC):c.4135G>T (p.Glu1379Ter)	APC	E1361*, E1379*, E1219*, E1253*, E1278*, E1389*, E1288*, E1320*, E1351*, E1096*, E1338*, E1354*, E1397*	Familial adenomatous polyposis 1|Colorectal cancer	VCV000376062	5	112175426	5	112839729	376062	362941	rs121913326	NC_000005.10:112839728:G:T	single nucleotide variant	nonsense	Pathogenic	Apr 28, 2026	criteria provided, multiple submitters, no conflicts							
NM_000038.6(APC):c.4137G>A (p.Glu1379=)	APC		Familial adenomatous polyposis 1	VCV003148197	5	112175428	5	112839731	3148197	3307445	rs754292742	NC_000005.10:112839730:G:A	single nucleotide variant	synonymous variant|non-coding transcript variant	Benign	Mar 25, 2024	criteria provided, single submitter							
NM_000038.6(APC):c.4140C>G (p.Thr1380=)	APC		Classic or attenuated familial adenomatous polyposis|Hereditary cancer-predisposing syndrome|Familial adenomatous polyposis 1	VCV001113761	5	112175431	5	112839734	1113761	1093646	rs754571230	NC_000005.10:112839733:C:G	single nucleotide variant	synonymous variant	Benign/Likely benign	Dec 16, 2024	criteria provided, multiple submitters, no conflicts							
NM_000038.6(APC):c.4146C>G (p.Leu1382=)	APC		Classic or attenuated familial adenomatous polyposis|Hereditary cancer-predisposing syndrome|Familial adenomatous polyposis 1|not provided	VCV000230096	5	112175437	5	112839740	230096	233101	rs876658384	NC_000005.10:112839739:C:G	single nucleotide variant	synonymous variant	Benign/Likely benign	Dec 1, 2025	criteria provided, multiple submitters, no conflicts							
NM_000038.6(APC):c.4155C>T (p.Ser1385=)	APC		Hereditary cancer-predisposing syndrome|Familial adenomatous polyposis 1	VCV000537677	5	112175446	5	112839749	537677	520533	rs1554085568	NC_000005.10:112839748:C:T	single nucleotide variant	synonymous variant	Benign/Likely benign	Jun 12, 2024	criteria provided, multiple submitters, no conflicts							
NM_000038.6(APC):c.4158A>G (p.Arg1386=)	APC		Hereditary cancer-predisposing syndrome|Familial adenomatous polyposis 1	VCV003147993	5	112175449	5	112839752	3147993	3307241	rs2149907842	NC_000005.10:112839751:A:G	single nucleotide variant	synonymous variant|non-coding transcript variant	Benign/Likely benign	Jun 30, 2024	criteria provided, multiple submitters, no conflicts							
NM_000038.6(APC):c.4161T>A (p.Cys1387Ter)	APC	C1104*, C1227*, C1261*, C1286*, C1296*, C1328*, C1346*, C1359*, C1362*, C1369*, C1387*, C1397*, C1405*	Familial adenomatous polyposis 1	VCV001050660	5	112175452	5	112839755	1050660	1037581	rs2149907906	NC_000005.10:112839754:T:A	single nucleotide variant	nonsense	Pathogenic	Jul 16, 2023	criteria provided, single submitter							
NM_000038.6(APC):c.4164T>G (p.Thr1388=)	APC		Familial adenomatous polyposis 1	VCV000236596	5	112175455	5	112839758	236596	239571	rs878853443	NC_000005.10:112839757:T:G	single nucleotide variant	synonymous variant	Benign/Likely benign	Apr 2, 2025	criteria provided, multiple submitters, no conflicts							
NM_000038.6(APC):c.4167T>C (p.Ser1389=)	APC		Hereditary cancer-predisposing syndrome|Familial adenomatous polyposis 1	VCV000630191	5	112175458	5	112839761	630191	617147	rs747757364	NC_000005.10:112839760:T:C	single nucleotide variant	synonymous variant	Benign/Likely benign	Dec 23, 2025	criteria provided, multiple submitters, no conflicts							
NM_000038.6(APC):c.4170C>T (p.Val1390=)	APC		Hereditary cancer-predisposing syndrome|Familial adenomatous polyposis 1|Classic or attenuated familial adenomatous polyposis	VCV000231751	5	112175461	5	112839764	231751	233102	rs876659338	NC_000005.10:112839763:C:T	single nucleotide variant	synonymous variant	Benign/Likely benign	Sep 25, 2025	criteria provided, multiple submitters, no conflicts							
NM_000038.6(APC):c.4175C>G (p.Ser1392Ter)	APC	S1008*, S1266*, S1333*, S1351*, S1382*, S1263*, S1301*, S1402*, S1109*, S1232*, S1291*, S1367*, S1374*, S1392*, S1309*, S1364*, S1385*, S1410*, S1420*	Inherited polyposis and early onset colorectal cancer - germline testing	VCV004540629	5	112175466	5	112839769	4540629	4652134		NC_000005.10:112839768:C:G	single nucleotide variant	nonsense|non-coding transcript variant	Pathogenic	Dec 16, 2025	criteria provided, single submitter							
NM_000038.6(APC):c.4175C>A (p.Ser1392Ter)	APC	S1374*, S1392*, S1109*, S1266*, S1333*, S1402*, S1367*, S1232*, S1301*, S1351*, S1291*, S1364*, S1410*	Familial adenomatous polyposis 1	VCV000188240	5	112175466	5	112839769	188240	186036	rs786204170	NC_000005.10:112839768:C:A	single nucleotide variant	nonsense	Pathogenic	Nov 28, 2024	criteria provided, single submitter							
NM_000038.6(APC):c.4182T>C (p.Asp1394=)	APC		Hereditary cancer-predisposing syndrome|Familial adenomatous polyposis 1	VCV001538403	5	112175473	5	112839776	1538403	1543889	rs1765622006	NC_000005.10:112839775:T:C	single nucleotide variant	synonymous variant	Benign/Likely benign	Sep 8, 2025	criteria provided, multiple submitters, no conflicts							
NM_000038.6(APC):c.4185T>C (p.Ser1395=)	APC		Hereditary cancer-predisposing syndrome|Familial adenomatous polyposis 1	VCV000629075	5	112175476	5	112839779	629075	617148	rs1561590472	NC_000005.10:112839778:T:C	single nucleotide variant	synonymous variant	Benign/Likely benign	Mar 26, 2024	criteria provided, multiple submitters, no conflicts							
NM_000038.6(APC):c.4189G>T (p.Glu1397Ter)	APC	E1387*, E1268*, E1369*, E1372*, E1397*, E1425*, E1237*, E1271*, E1306*, E1356*, E1407*, E1415*, E1114*, E1379*, E1390*, E1013*, E1296*, E1314*, E1338*	Familial adenomatous polyposis 1|Neoplasm	VCV003720646	5	112175480	5	112839783	3720646	3856452		NC_000005.10:112839782:G:T	single nucleotide variant	nonsense|non-coding transcript variant	Pathogenic	Jul 24, 2024	criteria provided, single submitter				Likely oncogenic	Dec 29, 2025	criteria provided, single submitter	
NM_000038.6(APC):c.4199C>A (p.Ser1400Ter)	APC	S1299*, S1375*, S1410*, S1117*, S1309*, S1317*, S1390*, S1240*, S1271*, S1359*, S1016*, S1274*, S1341*, S1372*, S1382*, S1393*, S1400*, S1418*, S1428*	Familial adenomatous polyposis 1	VCV002136317	5	112175490	5	112839793	2136317	1867784	rs267600319	NC_000005.10:112839792:C:A	single nucleotide variant	nonsense	Pathogenic	May 10, 2023	criteria provided, multiple submitters, no conflicts							
NM_000038.6(APC):c.4200G>A (p.Ser1400=)	APC		not provided|Familial adenomatous polyposis 1|Classic or attenuated familial adenomatous polyposis|not specified|Hereditary cancer-predisposing syndrome	VCV000416714	5	112175491	5	112839794	416714	394878	rs367782881	NC_000005.10:112839793:G:A	single nucleotide variant	synonymous variant	Benign/Likely benign	Jan 19, 2026	criteria provided, multiple submitters, no conflicts							
NM_000038.6(APC):c.4200G>C (p.Ser1400=)	APC		Classic or attenuated familial adenomatous polyposis|Hereditary cancer-predisposing syndrome|not provided|Familial adenomatous polyposis 1	VCV000184325	5	112175491	5	112839794	184325	182394	rs367782881	NC_000005.10:112839793:G:C	single nucleotide variant	synonymous variant	Benign/Likely benign	Jan 27, 2026	criteria provided, multiple submitters, no conflicts							
NM_000038.6(APC):c.4209C>T (p.Ser1403=)	APC		Hereditary cancer-predisposing syndrome|Familial adenomatous polyposis 1	VCV000537594	5	112175500	5	112839803	537594	520788	rs1554085619	NC_000005.10:112839802:C:T	single nucleotide variant	synonymous variant	Benign/Likely benign	Jul 7, 2025	criteria provided, multiple submitters, no conflicts							
NM_000038.6(APC):c.4212C>G (p.Ser1404=)	APC		Familial adenomatous polyposis 1	VCV003148438	5	112175503	5	112839806	3148438	3307686	rs144655979	NC_000005.10:112839805:C:G	single nucleotide variant	synonymous variant|non-coding transcript variant	Benign	Mar 26, 2024	criteria provided, single submitter							
NM_000038.6(APC):c.4212C>A (p.Ser1404=)	APC		Classic or attenuated familial adenomatous polyposis|Hereditary cancer-predisposing syndrome|not specified|not provided|Familial adenomatous polyposis 1	VCV000135700	5	112175503	5	112839806	135700	139412	rs144655979	NC_000005.10:112839805:C:A	single nucleotide variant	synonymous variant	Benign/Likely benign	Feb 3, 2026	criteria provided, multiple submitters, no conflicts							
NM_000038.6(APC):c.4216C>T (p.Gln1406Ter)	APC	Q1388*, Q1406*, Q1280*, Q1315*, Q1381*, Q1246*, Q1347*, Q1424*, Q1305*, Q1365*, Q1123*, Q1378*, Q1416*	Inherited polyposis and early onset colorectal cancer - germline testing|Hereditary cancer-predisposing syndrome|Familial adenomatous polyposis 1|Colorectal cancer	VCV000142519	5	112175507	5	112839810	142519	152233	rs587782518	NC_000005.10:112839809:C:T	single nucleotide variant	nonsense	Pathogenic	Jun 18, 2026	criteria provided, multiple submitters, no conflicts	Tier II - Potential	Oct 10, 2024	no assertion criteria provided				
NM_000038.6(APC):c.4222G>T (p.Glu1408Ter)	APC	E1024*, E1125*, E1248*, E1279*, E1282*, E1307*, E1317*, E1325*, E1349*, E1367*, E1380*, E1383*, E1390*, E1398*, E1401*, E1408*, E1418*, E1426*, E1436*	Familial adenomatous polyposis 1|Neoplasm	VCV002502366	5	112175513	5	112839816	2502366	2543849	rs1554085632	NC_000005.10:112839815:G:T	single nucleotide variant	nonsense|non-coding transcript variant	Pathogenic/Likely pathogenic	May 10, 2023	criteria provided, multiple submitters, no conflicts				Likely oncogenic	Mar 4, 2025	criteria provided, single submitter	
NM_000038.6(APC):c.4230C>T (p.Cys1410=)	APC		Familial adenomatous polyposis 1	VCV002904936	5	112175521	5	112839824	2904936	3069130	rs2149909485	NC_000005.10:112839823:C:T	single nucleotide variant	synonymous variant|non-coding transcript variant	Benign/Likely benign	Jun 3, 2025	criteria provided, multiple submitters, no conflicts							
NM_000038.6(APC):c.4230C>A (p.Cys1410Ter)	APC	C1026*, C1127*, C1250*, C1281*, C1284*, C1309*, C1319*, C1327*, C1351*, C1369*, C1382*, C1385*, C1392*, C1400*, C1403*, C1410*, C1420*, C1428*, C1438*	Familial adenomatous polyposis 1	VCV002583984	5	112175521	5	112839824	2583984	2751553	rs2149909485	NC_000005.10:112839823:C:A	single nucleotide variant	nonsense|non-coding transcript variant	Pathogenic/Likely pathogenic	Dec 26, 2024	criteria provided, multiple submitters, no conflicts							
NM_000038.6(APC):c.4233T>C (p.Ser1411=)	APC		not specified|Classic or attenuated familial adenomatous polyposis|Hereditary cancer-predisposing syndrome|Familial adenomatous polyposis 1|not provided	VCV000537599	5	112175524	5	112839827	537599	520333	rs761170573	NC_000005.10:112839826:T:C	single nucleotide variant	synonymous variant	Benign/Likely benign	Oct 1, 2025	criteria provided, multiple submitters, no conflicts							
NM_000038.6(APC):c.4236A>C (p.Gly1412=)	APC		Familial adenomatous polyposis 1	VCV003148450	5	112175527	5	112839830	3148450	3307698	rs2149909671	NC_000005.10:112839829:A:C	single nucleotide variant	synonymous variant|non-coding transcript variant	Benign/Likely benign	Aug 6, 2025	criteria provided, multiple submitters, no conflicts							
NM_000038.6(APC):c.4236A>T (p.Gly1412=)	APC		Familial adenomatous polyposis 1	VCV002698719	5	112175527	5	112839830	2698719	2855010	rs2149909671	NC_000005.10:112839829:A:T	single nucleotide variant	synonymous variant|non-coding transcript variant	Benign/Likely benign	Mar 26, 2024	criteria provided, multiple submitters, no conflicts							
NM_000038.6(APC):c.4242A>G (p.Val1414=)	APC		Classic or attenuated familial adenomatous polyposis|Hereditary cancer-predisposing syndrome|not provided|Familial adenomatous polyposis 1	VCV000630192	5	112175533	5	112839836	630192	617150	rs779172940	NC_000005.10:112839835:A:G	single nucleotide variant	synonymous variant	Benign/Likely benign	Dec 23, 2025	criteria provided, multiple submitters, no conflicts							
NM_000038.6(APC):c.4245T>C (p.Ser1415=)	APC		Familial adenomatous polyposis 1|Hereditary cancer-predisposing syndrome	VCV003148105	5	112175536	5	112839839	3148105	3307353	rs2533559564	NC_000005.10:112839838:T:C	single nucleotide variant	synonymous variant|non-coding transcript variant	Benign/Likely benign	Jan 5, 2025	criteria provided, multiple submitters, no conflicts							
NM_000038.6(APC):c.4251T>C (p.Ile1417=)	APC		Familial adenomatous polyposis 1|Hereditary cancer-predisposing syndrome	VCV000469956	5	112175542	5	112839845	469956	454762	rs758171294	NC_000005.10:112839844:T:C	single nucleotide variant	synonymous variant	Benign/Likely benign	Aug 7, 2025	criteria provided, multiple submitters, no conflicts							
NM_000038.6(APC):c.4257C>T (p.Ser1419=)	APC		Hereditary cancer-predisposing syndrome|Familial adenomatous polyposis 1	VCV001659229	5	112175548	5	112839851	1659229	1640773	rs2149910125	NC_000005.10:112839850:C:T	single nucleotide variant	synonymous variant	Benign/Likely benign	Mar 26, 2024	criteria provided, multiple submitters, no conflicts							
NM_000038.6(APC):c.4260C>G (p.Pro1420=)	APC		Familial adenomatous polyposis 1	VCV003148272	5	112175551	5	112839854	3148272	3307520	rs770579741	NC_000005.10:112839853:C:G	single nucleotide variant	synonymous variant|non-coding transcript variant	Benign	Mar 26, 2024	criteria provided, single submitter							
NM_000038.6(APC):c.4260C>A (p.Pro1420=)	APC		Hereditary cancer-predisposing syndrome|Classic or attenuated familial adenomatous polyposis|not specified|Familial adenomatous polyposis 1	VCV000184586	5	112175551	5	112839854	184586	182395	rs770579741	NC_000005.10:112839853:C:A	single nucleotide variant	synonymous variant	Benign/Likely benign	Jan 12, 2026	criteria provided, multiple submitters, no conflicts							
NM_000038.6(APC):c.4278C>T (p.Ser1426=)	APC		Familial adenomatous polyposis 1|Classic or attenuated familial adenomatous polyposis|Hereditary cancer-predisposing syndrome	VCV000627821	5	112175569	5	112839872	627821	617152	rs1383334936	NC_000005.10:112839871:C:T	single nucleotide variant	synonymous variant	Benign/Likely benign	Aug 9, 2025	criteria provided, multiple submitters, no conflicts							
NM_000038.6(APC):c.4284A>G (p.Gly1428=)	APC		Hereditary cancer-predisposing syndrome|Familial adenomatous polyposis 1	VCV001114357	5	112175575	5	112839878	1114357	1093647	rs2149910792	NC_000005.10:112839877:A:G	single nucleotide variant	synonymous variant	Benign/Likely benign	Apr 4, 2026	criteria provided, multiple submitters, no conflicts							
NM_000038.6(APC):c.4285C>T (p.Gln1429Ter)	APC	Q1411*, Q1429*, Q1338*, Q1146*, Q1401*, Q1370*, Q1388*, Q1404*, Q1439*, Q1269*, Q1303*, Q1328*, Q1447*	Familial adenomatous polyposis 1|Neoplasm	VCV000376063	5	112175576	5	112839879	376063	362942	rs74535574	NC_000005.10:112839878:C:T	single nucleotide variant	nonsense	Pathogenic	Dec 14, 2023	criteria provided, multiple submitters, no conflicts				Likely oncogenic	Mar 4, 2025	criteria provided, single submitter	
NM_000038.6(APC):c.4287A>G (p.Gln1429=)	APC		Hereditary cancer-predisposing syndrome|Familial adenomatous polyposis 1	VCV001739388	5	112175578	5	112839881	1739388	1797757	rs1765641681	NC_000005.10:112839880:A:G	single nucleotide variant	synonymous variant|non-coding transcript variant	Benign/Likely benign	Mar 26, 2024	criteria provided, multiple submitters, no conflicts							
NM_000038.6(APC):c.4311A>G (p.Lys1437=)	APC		Classic or attenuated familial adenomatous polyposis|APC-related disorder|Hereditary cancer-predisposing syndrome|not provided|Familial adenomatous polyposis 1	VCV000186951	5	112175602	5	112839905	186951	182396	rs371784771	NC_000005.10:112839904:A:G	single nucleotide variant	synonymous variant	Benign/Likely benign	Jun 19, 2026	criteria provided, multiple submitters, no conflicts							
NM_000038.6(APC):c.4317T>A (p.Pro1439=)	APC		Classic or attenuated familial adenomatous polyposis|Hereditary cancer-predisposing syndrome|Familial adenomatous polyposis 1|Desmoid disease, hereditary|Familial adenomatous polyposis 1|not specified|not provided	VCV000384325	5	112175608	5	112839911	384325	368119	rs769586752	NC_000005.10:112839910:T:A	single nucleotide variant	synonymous variant	Benign/Likely benign	Jan 4, 2026	criteria provided, multiple submitters, no conflicts							
NM_000038.6(APC):c.4323A>T (p.Pro1441=)	APC		Familial adenomatous polyposis 1|Hereditary cancer-predisposing syndrome|not provided	VCV000490275	5	112175614	5	112839917	490275	483829	rs923560245	NC_000005.10:112839916:A:T	single nucleotide variant	synonymous variant	Benign/Likely benign	May 4, 2025	criteria provided, multiple submitters, no conflicts							
NM_000038.6(APC):c.4326T>C (p.Pro1442=)	APC		not specified|Hereditary cancer-predisposing syndrome|Familial adenomatous polyposis 1|Classic or attenuated familial adenomatous polyposis	VCV000482268	5	112175617	5	112839920	482268	473758	rs67622085	NC_000005.10:112839919:T:C	single nucleotide variant	synonymous variant	Benign/Likely benign	Jul 27, 2025	criteria provided, multiple submitters, no conflicts							
NM_000038.6(APC):c.4326T>A (p.Pro1442=)	APC		APC-Associated Polyposis Disorders|Familial adenomatous polyposis 1|Hepatocellular carcinoma|Desmoid disease, hereditary|Gastric cancer|Colorectal cancer|Gastric adenocarcinoma and proximal polyposis of the stomach|not specified|Hereditary cancer-predisposing syndrome|not provided|Familial adenomatous polyposis 1	VCV000132705	5	112175617	5	112839920	132705	136453	rs67622085	NC_000005.10:112839919:T:A	single nucleotide variant	synonymous variant	Benign/Likely benign	Jun 1, 2026	criteria provided, multiple submitters, no conflicts							
NM_000038.6(APC):c.4332A>G (p.Gln1444=)	APC		Hereditary cancer-predisposing syndrome|Familial adenomatous polyposis 1	VCV000220326	5	112175623	5	112839926	220326	221516	rs748342378	NC_000005.10:112839925:A:G	single nucleotide variant	synonymous variant	Benign/Likely benign	Apr 17, 2025	criteria provided, multiple submitters, no conflicts							
NM_000038.6(APC):c.4336G>A (p.Ala1446Thr)	APC	A1446T, A1428T, A1286T, A1464T, A1345T, A1387T, A1418T, A1163T, A1421T, A1320T, A1355T, A1405T, A1456T	Desmoid disease, hereditary|Hepatocellular carcinoma|Gastric adenocarcinoma and proximal polyposis of the stomach|Familial adenomatous polyposis 1|Gastric cancer|Colorectal cancer|not specified|not provided|Familial adenomatous polyposis 1|Hereditary cancer-predisposing syndrome	VCV000127294	5	112175627	5	112839930	127294	132751	rs146572883	NC_000005.10:112839929:G:A	single nucleotide variant	missense variant	Benign/Likely benign	Feb 4, 2026	criteria provided, multiple submitters, no conflicts							
NM_000038.6(APC):c.4338T>G (p.Ala1446=)	APC		Familial adenomatous polyposis 1	VCV003148193	5	112175629	5	112839932	3148193	3307441	rs2149912136	NC_000005.10:112839931:T:G	single nucleotide variant	synonymous variant|non-coding transcript variant	Benign	Mar 26, 2024	criteria provided, single submitter							
NM_000038.6(APC):c.4339C>T (p.Gln1447Ter)	APC	Q1164*, Q1287*, Q1321*, Q1346*, Q1356*, Q1388*, Q1406*, Q1419*, Q1422*, Q1429*, Q1447*, Q1457*, Q1465*	Familial adenomatous polyposis 1	VCV001070561	5	112175630	5	112839933	1070561	1060162	rs1561591598	NC_000005.10:112839932:C:T	single nucleotide variant	nonsense	Pathogenic	Apr 9, 2025	criteria provided, multiple submitters, no conflicts							
NM_000038.6(APC):c.4341A>G (p.Gln1447=)	APC		Hereditary cancer-predisposing syndrome|not specified|Classic or attenuated familial adenomatous polyposis|not provided|Familial adenomatous polyposis 1|Desmoid disease, hereditary	VCV000385933	5	112175632	5	112839935	385933	368073	rs777153373	NC_000005.10:112839934:A:G	single nucleotide variant	synonymous variant	Benign/Likely benign	Aug 6, 2025	criteria provided, multiple submitters, no conflicts							
NM_000038.6(APC):c.4344C>T (p.Thr1448=)	APC		Classic or attenuated familial adenomatous polyposis|Hereditary cancer-predisposing syndrome|not provided|Familial adenomatous polyposis 1	VCV000220519	5	112175635	5	112839938	220519	221517	rs864622562	NC_000005.10:112839937:C:T	single nucleotide variant	synonymous variant	Benign/Likely benign	Dec 31, 2025	criteria provided, multiple submitters, no conflicts							
NM_000038.6(APC):c.4345A>T (p.Lys1449Ter)	APC	K1065*, K1166*, K1289*, K1320*, K1323*, K1348*, K1358*, K1366*, K1390*, K1408*, K1421*, K1424*, K1431*, K1439*, K1442*, K1449*, K1459*, K1467*, K1477*	Familial adenomatous polyposis 1	VCV003904047	5	112175636	5	112839939	3904047	4019920		NC_000005.10:112839938:A:T	single nucleotide variant	nonsense|non-coding transcript variant	Pathogenic	Jan 8, 2025	criteria provided, single submitter							
NM_000038.6(APC):c.4347G>A (p.Lys1449=)	APC		Hereditary cancer-predisposing syndrome|Familial adenomatous polyposis 1	VCV000630193	5	112175638	5	112839941	630193	617154	rs759982621	NC_000005.10:112839940:G:A	single nucleotide variant	synonymous variant	Benign/Likely benign	Mar 26, 2024	criteria provided, multiple submitters, no conflicts							
NM_000038.6(APC):c.4348C>T (p.Arg1450Ter)	APC	R1432*, R1450*, R1167*, R1290*, R1422*, R1425*, R1349*, R1359*, R1409*, R1460*, R1324*, R1391*, R1468*	Hereditary cancer-predisposing syndrome|Familial adenomatous polyposis 1|not provided|Familial multiple polyposis syndrome|Neoplasm	VCV000194585	5	112175639	5	112839942	194585	191748	rs121913332	NC_000005.10:112839941:C:T	single nucleotide variant	nonsense	Pathogenic	Jan 30, 2026	criteria provided, multiple submitters, no conflicts				Oncogenic	Mar 4, 2025	criteria provided, single submitter	
NM_000038.6(APC):c.4359T>G (p.Pro1453=)	APC		Familial adenomatous polyposis 1	VCV003148194	5	112175650	5	112839953	3148194	3307442	rs369121091	NC_000005.10:112839952:T:G	single nucleotide variant	synonymous variant|non-coding transcript variant	Benign	Mar 26, 2024	criteria provided, single submitter							
NM_000038.6(APC):c.4365T>C (p.Asn1455=)	APC		Hereditary cancer-predisposing syndrome|Familial adenomatous polyposis 1|Classic or attenuated familial adenomatous polyposis	VCV000231910	5	112175656	5	112839959	231910	233106	rs568891310	NC_000005.10:112839958:T:C	single nucleotide variant	synonymous variant	Benign/Likely benign	Sep 3, 2025	criteria provided, multiple submitters, no conflicts							
NM_000038.6(APC):c.4366A>T (p.Lys1456Ter)	APC	K1355*, K1373*, K1397*, K1484*, K1072*, K1296*, K1330*, K1365*, K1415*, K1428*, K1431*, K1456*, K1173*, K1327*, K1438*, K1446*, K1449*, K1466*, K1474*	Familial adenomatous polyposis 1	VCV004721654	5	112175657	5	112839960	4721654	4827309		NC_000005.10:112839959:A:T	single nucleotide variant	nonsense|non-coding transcript variant	Pathogenic	Jun 18, 2025	criteria provided, single submitter							
NM_000038.6(APC):c.4371A>G (p.Ala1457=)	APC		Familial adenomatous polyposis 1	VCV003148094	5	112175662	5	112839965	3148094	3307342	rs2149913050	NC_000005.10:112839964:A:G	single nucleotide variant	synonymous variant|non-coding transcript variant	Benign	Mar 26, 2024	criteria provided, single submitter							
NM_000038.6(APC):c.4383A>G (p.Glu1461=)	APC		Hereditary cancer-predisposing syndrome|Classic or attenuated familial adenomatous polyposis|Familial adenomatous polyposis 1	VCV000630807	5	112175674	5	112839977	630807	617157	rs1561592054	NC_000005.10:112839976:A:G	single nucleotide variant	synonymous variant	Benign/Likely benign	Nov 21, 2024	criteria provided, multiple submitters, no conflicts							
NM_000038.6(APC):c.4386G>A (p.Lys1462=)	APC		Hereditary cancer-predisposing syndrome|not specified|Familial adenomatous polyposis 1	VCV000385296	5	112175677	5	112839980	385296	368120	rs1057522179	NC_000005.10:112839979:G:A	single nucleotide variant	synonymous variant	Benign/Likely benign	Jun 30, 2025	criteria provided, multiple submitters, no conflicts							
NM_000038.6(APC):c.4389A>G (p.Arg1463=)	APC		Hereditary cancer-predisposing syndrome|Familial adenomatous polyposis 1	VCV000927901	5	112175680	5	112839983	927901	909965	rs1765670761	NC_000005.10:112839982:A:G	single nucleotide variant	synonymous variant	Benign/Likely benign	Mar 26, 2024	criteria provided, multiple submitters, no conflicts							
NM_000038.6(APC):c.4392G>A (p.Glu1464=)	APC		Familial adenomatous polyposis 1	VCV000758323	5	112175683	5	112839986	758323	764706	rs1561592147	NC_000005.10:112839985:G:A	single nucleotide variant	synonymous variant	Benign/Likely benign	Mar 26, 2024	criteria provided, multiple submitters, no conflicts							
NM_000038.6(APC):c.4396G>T (p.Gly1466Ter)	APC	G1082*, G1306*, G1383*, G1407*, G1425*, G1448*, G1459*, G1494*, G1183*, G1456*, G1476*, G1365*, G1375*, G1484*, G1337*, G1340*, G1438*, G1441*, G1466*	Familial adenomatous polyposis 1	VCV002000621	5	112175687	5	112839990	2000621	2061125	rs1765672840	NC_000005.10:112839989:G:T	single nucleotide variant	nonsense	Pathogenic	May 31, 2022	criteria provided, single submitter							
NM_000038.6(APC):c.4399C>T (p.Pro1467Ser)	APC	P1467S, P1449S, P1341S, P1439S, P1366S, P1477S, P1184S, P1307S, P1426S, P1442S, P1376S, P1408S, P1485S	Familial adenomatous polyposis 1	VCV000411419	5	112175690	5	112839993	411419	394888	rs749142480	NC_000005.10:112839992:C:T	single nucleotide variant	missense variant	Benign	Feb 26, 2023	reviewed by expert panel							
NM_000038.6(APC):c.4405C>T (p.Gln1469Ter)	APC	Q1451*, Q1469*, Q1186*, Q1368*, Q1444*, Q1487*, Q1378*, Q1410*, Q1428*, Q1441*, Q1309*, Q1479*, Q1343*	Familial adenomatous polyposis 1|Familial multiple polyposis syndrome	VCV000433662	5	112175696	5	112839999	433662	427299	rs1060503288	NC_000005.10:112839998:C:T	single nucleotide variant	nonsense	Pathogenic	Sep 15, 2023	criteria provided, multiple submitters, no conflicts							
NM_000038.6(APC):c.4416A>C (p.Val1472=)	APC		Hereditary cancer-predisposing syndrome|Familial adenomatous polyposis 1|not specified	VCV000469964	5	112175707	5	112840010	469964	454469	rs773352404	NC_000005.10:112840009:A:C	single nucleotide variant	synonymous variant	Benign/Likely benign	Jun 23, 2025	criteria provided, multiple submitters, no conflicts							
NM_000038.6(APC):c.4416A>T (p.Val1472=)	APC		Hereditary cancer-predisposing syndrome|not specified|Familial adenomatous polyposis 1|not provided	VCV000186724	5	112175707	5	112840010	186724	182398	rs773352404	NC_000005.10:112840009:A:T	single nucleotide variant	synonymous variant	Benign/Likely benign	Dec 9, 2025	criteria provided, multiple submitters, no conflicts							
NM_000038.6(APC):c.4420G>A (p.Ala1474Thr)	APC	A1456T, A1474T, A1383T, A1449T, A1191T, A1348T, A1314T, A1373T, A1433T, A1446T, A1492T, A1415T, A1484T	Familial adenomatous polyposis 1	VCV000133530	5	112175711	5	112840014	133530	137269	rs139387758	NC_000005.10:112840013:G:A	single nucleotide variant	missense variant	Benign	Feb 26, 2023	reviewed by expert panel							
NM_000038.6(APC):c.4425A>C (p.Ala1475=)	APC		Classic or attenuated familial adenomatous polyposis|Familial adenomatous polyposis 1	VCV003074270	5	112175716	5	112840019	3074270	3231405	rs2149914417	NC_000005.10:112840018:A:C	single nucleotide variant	synonymous variant|non-coding transcript variant	Benign/Likely benign	Mar 26, 2024	criteria provided, multiple submitters, no conflicts							
NM_000038.6(APC):c.4429C>T (p.Gln1477Ter)	APC	Q1093*, Q1194*, Q1317*, Q1348*, Q1351*, Q1376*, Q1386*, Q1394*, Q1418*, Q1436*, Q1449*, Q1452*, Q1459*, Q1467*, Q1470*, Q1477*, Q1487*, Q1495*, Q1505*	Familial adenomatous polyposis 1	VCV002584019	5	112175720	5	112840023	2584019	2751588	rs2149914507	NC_000005.10:112840022:C:T	single nucleotide variant	nonsense|non-coding transcript variant	Pathogenic	Aug 4, 2025	criteria provided, multiple submitters, no conflicts							
NM_000038.6(APC):c.4437C>G (p.Val1479=)	APC		Hereditary cancer-predisposing syndrome|Familial adenomatous polyposis 1	VCV001740590	5	112175728	5	112840031	1740590	1798091	rs776622357	NC_000005.10:112840030:C:G	single nucleotide variant	synonymous variant|non-coding transcript variant	Benign/Likely benign	Mar 26, 2024	criteria provided, multiple submitters, no conflicts							
NM_000038.6(APC):c.4437C>T (p.Val1479=)	APC		APC-related disorder|Classic or attenuated familial adenomatous polyposis|Hereditary cancer-predisposing syndrome|not specified|Familial adenomatous polyposis 1	VCV000231541	5	112175728	5	112840031	231541	233108	rs776622357	NC_000005.10:112840030:C:T	single nucleotide variant	synonymous variant	Benign/Likely benign	Dec 9, 2025	criteria provided, multiple submitters, no conflicts							
NM_000038.6(APC):c.4438C>T (p.Gln1480Ter)	APC	Q1197*, Q1379*, Q1490*, Q1320*, Q1389*, Q1455*, Q1462*, Q1480*, Q1354*, Q1421*, Q1452*, Q1498*, Q1439*	APC-related disorder|Familial adenomatous polyposis 1|Neoplasm	VCV001456637	5	112175729	5	112840032	1456637	1454739	rs2149914756	NC_000005.10:112840031:C:T	single nucleotide variant	nonsense	Pathogenic	Nov 12, 2024	criteria provided, multiple submitters, no conflicts				Likely oncogenic	Dec 29, 2025	criteria provided, single submitter	
NM_000038.6(APC):c.4440G>A (p.Gln1480=)	APC		Hereditary cancer-predisposing syndrome|Familial adenomatous polyposis 1	VCV000232622	5	112175731	5	112840034	232622	233109	rs876659881	NC_000005.10:112840033:G:A	single nucleotide variant	synonymous variant	Benign/Likely benign	Jul 8, 2024	criteria provided, multiple submitters, no conflicts							
NM_000038.6(APC):c.4443T>C (p.Val1481=)	APC		Hereditary cancer-predisposing syndrome|not specified|not provided|Classic or attenuated familial adenomatous polyposis|Familial adenomatous polyposis 1	VCV000482281	5	112175734	5	112840037	482281	473759	rs1241257709	NC_000005.10:112840036:T:C	single nucleotide variant	synonymous variant	Benign/Likely benign	Jan 18, 2026	criteria provided, multiple submitters, no conflicts							
NM_000038.6(APC):c.4446T>C (p.Leu1482=)	APC		Familial adenomatous polyposis 1	VCV003148014	5	112175737	5	112840040	3148014	3307262	rs2533575799	NC_000005.10:112840039:T:C	single nucleotide variant	synonymous variant|non-coding transcript variant	Benign	Mar 27, 2024	criteria provided, single submitter							
NM_000038.6(APC):c.4449A>G (p.Pro1483=)	APC		Hereditary cancer-predisposing syndrome|Familial adenomatous polyposis 1	VCV001077806	5	112175740	5	112840043	1077806	1072044	rs1765683928	NC_000005.10:112840042:A:G	single nucleotide variant	synonymous variant	Benign/Likely benign	Mar 27, 2024	criteria provided, multiple submitters, no conflicts							
NM_000038.6(APC):c.4452T>C (p.Asp1484=)	APC		Familial adenomatous polyposis 1|Hereditary cancer-predisposing syndrome	VCV000537653	5	112175743	5	112840046	537653	520796	rs1554085886	NC_000005.10:112840045:T:C	single nucleotide variant	synonymous variant	Benign/Likely benign	Nov 11, 2025	criteria provided, multiple submitters, no conflicts							
NM_000038.6(APC):c.4458T>C (p.Asp1486=)	APC		Familial adenomatous polyposis 1	VCV003148771	5	112175749	5	112840052	3148771	3308019	rs2149915235	NC_000005.10:112840051:T:C	single nucleotide variant	synonymous variant|non-coding transcript variant	Benign/Likely benign	Nov 30, 2025	criteria provided, multiple submitters, no conflicts							
NM_000038.6(APC):c.4461T>G (p.Thr1487=)	APC		Familial adenomatous polyposis 1	VCV003148308	5	112175752	5	112840055	3148308	3307556	rs2149915272	NC_000005.10:112840054:T:G	single nucleotide variant	synonymous variant|non-coding transcript variant	Benign	Mar 27, 2024	criteria provided, single submitter							
NM_000038.6(APC):c.4463T>G (p.Leu1488Ter)	APC	L1447*, L1460*, L1470*, L1205*, L1488*, L1498*, L1362*, L1387*, L1463*, L1506*, L1328*, L1397*, L1429*	Familial adenomatous polyposis 1|Neoplasm	VCV001382846	5	112175754	5	112840057	1382846	1513320	rs786202324	NC_000005.10:112840056:T:G	single nucleotide variant	nonsense	Pathogenic	May 11, 2023	criteria provided, multiple submitters, no conflicts				Likely oncogenic	Dec 29, 2025	criteria provided, single submitter	
NM_000038.6(APC):c.4464A>G (p.Leu1488=)	APC		not specified|Hereditary cancer-predisposing syndrome|Familial adenomatous polyposis 1	VCV000469965	5	112175755	5	112840058	469965	454784	rs1312207257	NC_000005.10:112840057:A:G	single nucleotide variant	synonymous variant	Benign/Likely benign	Jan 19, 2026	criteria provided, multiple submitters, no conflicts							
NM_000038.6(APC):c.4465T>C (p.Leu1489=)	APC		Hereditary cancer-predisposing syndrome|Classic or attenuated familial adenomatous polyposis|Familial adenomatous polyposis 1	VCV000482354	5	112175756	5	112840059	482354	473783	rs1554085897	NC_000005.10:112840058:T:C	single nucleotide variant	synonymous variant	Benign/Likely benign	Dec 22, 2025	criteria provided, multiple submitters, no conflicts							
NM_000038.6(APC):c.4466T>G (p.Leu1489Ter)	APC	L1363*, L1388*, L1448*, L1471*, L1489*, L1499*, L1206*, L1461*, L1464*, L1507*, L1329*, L1398*, L1430*	Familial adenomatous polyposis 1	VCV000950286	5	112175757	5	112840060	950286	923672	rs1765687695	NC_000005.10:112840059:T:G	single nucleotide variant	nonsense	Pathogenic	May 11, 2023	criteria provided, multiple submitters, no conflicts							
NM_000038.6(APC):c.4476C>T (p.Ala1492=)	APC		Hereditary cancer-predisposing syndrome|Familial adenomatous polyposis 1	VCV001641889	5	112175767	5	112840070	1641889	1650932	rs2149915694	NC_000005.10:112840069:C:T	single nucleotide variant	synonymous variant	Benign/Likely benign	Nov 28, 2025	criteria provided, multiple submitters, no conflicts							
NM_000038.6(APC):c.4479G>A (p.Thr1493=)	APC		Desmoid disease, hereditary|Colorectal cancer|Gastric cancer|Gastric adenocarcinoma and proximal polyposis of the stomach|Familial adenomatous polyposis 1|Hepatocellular carcinoma|APC-Associated Polyposis Disorders|Hereditary cancer-predisposing syndrome|not specified|not provided|Familial adenomatous polyposis 1	VCV000042242	5	112175770	5	112840073	42242	51412	rs41115	NC_000005.10:112840072:G:A	single nucleotide variant	synonymous variant	Benign	Feb 4, 2026	criteria provided, multiple submitters, no conflicts							
NM_000038.6(APC):c.4491A>C (p.Pro1497=)	APC		Familial adenomatous polyposis 1	VCV003148077	5	112175782	5	112840085	3148077	3307325	rs904213754	NC_000005.10:112840084:A:C	single nucleotide variant	synonymous variant|non-coding transcript variant	Benign	Mar 27, 2024	criteria provided, single submitter							
NM_000038.6(APC):c.4491A>T (p.Pro1497=)	APC		Hereditary cancer-predisposing syndrome|Familial adenomatous polyposis 1	VCV001740972	5	112175782	5	112840085	1740972	1808349	rs904213754	NC_000005.10:112840084:A:T	single nucleotide variant	synonymous variant|non-coding transcript variant	Benign/Likely benign	Oct 9, 2024	criteria provided, multiple submitters, no conflicts							
NM_000038.6(APC):c.4491A>G (p.Pro1497=)	APC		Classic or attenuated familial adenomatous polyposis|APC-related disorder|Hereditary cancer-predisposing syndrome|Familial adenomatous polyposis 1	VCV000469968	5	112175782	5	112840085	469968	454801	rs904213754	NC_000005.10:112840084:A:G	single nucleotide variant	synonymous variant	Benign/Likely benign	Dec 30, 2025	criteria provided, multiple submitters, no conflicts							
NM_000038.6(APC):c.4494T>C (p.Asp1498=)	APC		Hereditary cancer-predisposing syndrome|Familial adenomatous polyposis 1	VCV000824938	5	112175785	5	112840088	824938	808070	rs1580648891	NC_000005.10:112840087:T:C	single nucleotide variant	synonymous variant	Benign/Likely benign	Mar 27, 2024	criteria provided, multiple submitters, no conflicts							
NM_000038.6(APC):c.4495G>T (p.Gly1499Ter)	APC	G1481*, G1499*, G1440*, G1474*, G1509*, G1216*, G1398*, G1517*, G1339*, G1373*, G1408*, G1458*, G1471*	Hereditary cancer-predisposing syndrome|Familial multiple polyposis syndrome|Familial adenomatous polyposis 1	VCV000217983	5	112175786	5	112840089	217983	214725	rs756912930	NC_000005.10:112840088:G:T	single nucleotide variant	nonsense	Pathogenic	Oct 19, 2023	criteria provided, multiple submitters, no conflicts							
NM_000038.6(APC):c.4497A>G (p.Gly1499=)	APC		Familial adenomatous polyposis 1	VCV002731610	5	112175788	5	112840091	2731610	2890365	rs2149916128	NC_000005.10:112840090:A:G	single nucleotide variant	synonymous variant|non-coding transcript variant	Benign/Likely benign	Mar 27, 2024	criteria provided, multiple submitters, no conflicts							
NM_000038.6(APC):c.4503T>C (p.Ser1501=)	APC		Familial adenomatous polyposis 1	VCV001157226	5	112175794	5	112840097	1157226	1136123	rs1765696924	NC_000005.10:112840096:T:C	single nucleotide variant	synonymous variant	Benign/Likely benign	Jun 24, 2025	criteria provided, multiple submitters, no conflicts							
NM_000038.6(APC):c.4506T>A (p.Cys1502Ter)	APC	C1118*, C1219*, C1342*, C1373*, C1376*, C1401*, C1411*, C1419*, C1443*, C1461*, C1474*, C1477*, C1484*, C1492*, C1495*, C1502*, C1512*, C1520*, C1530*	APC-related disorder	VCV002630813	5	112175797	5	112840100	2630813	2796568	rs2149916320	NC_000005.10:112840099:T:A	single nucleotide variant	nonsense|non-coding transcript variant	Pathogenic	Sep 15, 2023	criteria provided, single submitter							
NM_000038.6(APC):c.4508C>A (p.Ser1503Ter)	APC	S1119*, S1220*, S1343*, S1374*, S1377*, S1402*, S1412*, S1420*, S1444*, S1462*, S1475*, S1478*, S1485*, S1493*, S1496*, S1503*, S1513*, S1521*, S1531*	Familial adenomatous polyposis 1	VCV002584283	5	112175799	5	112840102	2584283	2751849	rs2149916356	NC_000005.10:112840101:C:A	single nucleotide variant	nonsense|non-coding transcript variant	Pathogenic	May 11, 2023	criteria provided, single submitter							
NM_000038.6(APC):c.4512C>T (p.Ser1504=)	APC		Familial adenomatous polyposis 1	VCV003148089	5	112175803	5	112840106	3148089	3307337	rs999881274	NC_000005.10:112840105:C:T	single nucleotide variant	synonymous variant|non-coding transcript variant	Benign	Mar 27, 2024	criteria provided, single submitter							
NM_000038.6(APC):c.4512C>G (p.Ser1504=)	APC		Hereditary cancer-predisposing syndrome|Classic or attenuated familial adenomatous polyposis|not provided|Familial adenomatous polyposis 1	VCV000381895	5	112175803	5	112840106	381895	367796	rs999881274	NC_000005.10:112840105:C:G	single nucleotide variant	synonymous variant	Benign/Likely benign	Jun 4, 2025	criteria provided, multiple submitters, no conflicts							
NM_000038.6(APC):c.4516C>T (p.Leu1506=)	APC		Familial adenomatous polyposis 1|Hereditary cancer-predisposing syndrome	VCV003148768	5	112175807	5	112840110	3148768	3308016	rs1262965215	NC_000005.10:112840109:C:T	single nucleotide variant	non-coding transcript variant|synonymous variant	Benign/Likely benign	Mar 27, 2024	criteria provided, multiple submitters, no conflicts							
NM_000038.6(APC):c.4518G>A (p.Leu1506=)	APC		Hereditary cancer-predisposing syndrome|Familial adenomatous polyposis 1	VCV000742685	5	112175809	5	112840112	742685	749135	rs1554085932	NC_000005.10:112840111:G:A	single nucleotide variant	synonymous variant	Benign/Likely benign	Aug 11, 2025	criteria provided, multiple submitters, no conflicts							
NM_000038.6(APC):c.4518G>T (p.Leu1506=)	APC		Hereditary cancer-predisposing syndrome|Familial adenomatous polyposis 1	VCV000537583	5	112175809	5	112840112	537583	520341	rs1554085932	NC_000005.10:112840111:G:T	single nucleotide variant	synonymous variant	Benign/Likely benign	Mar 27, 2024	criteria provided, multiple submitters, no conflicts							
NM_000038.6(APC):c.4521T>C (p.Ser1507=)	APC		Familial adenomatous polyposis 1	VCV000416746	5	112175812	5	112840115	416746	394453	rs1060504885	NC_000005.10:112840114:T:C	single nucleotide variant	synonymous variant	Benign/Likely benign	Mar 27, 2024	criteria provided, multiple submitters, no conflicts							
NM_000038.6(APC):c.4524T>C (p.Ala1508=)	APC		Familial adenomatous polyposis 1|Hereditary cancer-predisposing syndrome|not provided|Classic or attenuated familial adenomatous polyposis	VCV000669997	5	112175815	5	112840118	669997	655623	rs767025305	NC_000005.10:112840117:T:C	single nucleotide variant	synonymous variant	Benign/Likely benign	Aug 3, 2025	criteria provided, multiple submitters, no conflicts							
NM_000038.6(APC):c.4527G>A (p.Leu1509=)	APC		Familial adenomatous polyposis 1	VCV003148241	5	112175818	5	112840121	3148241	3307489	rs2149916826	NC_000005.10:112840120:G:A	single nucleotide variant	synonymous variant|non-coding transcript variant	Benign	Mar 27, 2024	criteria provided, single submitter							
NM_000038.6(APC):c.4533C>T (p.Leu1511=)	APC		Classic or attenuated familial adenomatous polyposis|Hereditary cancer-predisposing syndrome|not provided|not specified|Familial adenomatous polyposis 1	VCV000236601	5	112175824	5	112840127	236601	239575	rs150089434	NC_000005.10:112840126:C:T	single nucleotide variant	synonymous variant	Benign/Likely benign	Jan 19, 2026	criteria provided, multiple submitters, no conflicts							
NM_000038.6(APC):c.4537G>T (p.Glu1513Ter)	APC	E1230*, E1353*, E1387*, E1412*, E1422*, E1454*, E1472*, E1485*, E1488*, E1495*, E1513*, E1523*, E1531*	Familial adenomatous polyposis 1	VCV001075816	5	112175828	5	112840131	1075816	1060167	rs1765705285	NC_000005.10:112840130:G:T	single nucleotide variant	nonsense	Pathogenic	Feb 6, 2025	criteria provided, single submitter							
NM_000038.6(APC):c.4539G>A (p.Glu1513=)	APC		Familial adenomatous polyposis 1|Hereditary cancer-predisposing syndrome	VCV000924380	5	112175830	5	112840133	924380	909974	rs1765705666	NC_000005.10:112840132:G:A	single nucleotide variant	synonymous variant	Benign/Likely benign	Mar 27, 2024	criteria provided, multiple submitters, no conflicts							
NM_000038.6(APC):c.4542A>T (p.Pro1514=)	APC		Familial adenomatous polyposis 1	VCV003148298	5	112175833	5	112840136	3148298	3307546	rs1459239401	NC_000005.10:112840135:A:T	single nucleotide variant	synonymous variant|non-coding transcript variant	Benign	Mar 27, 2024	criteria provided, single submitter							
NM_000038.6(APC):c.4542A>G (p.Pro1514=)	APC		Hereditary cancer-predisposing syndrome|Familial adenomatous polyposis 1	VCV000482297	5	112175833	5	112840136	482297	473794	rs1459239401	NC_000005.10:112840135:A:G	single nucleotide variant	synonymous variant	Benign/Likely benign	Dec 3, 2024	criteria provided, multiple submitters, no conflicts							
NM_000038.6(APC):c.4549C>T (p.Gln1517Ter)	APC	Q1499*, Q1517*, Q1357*, Q1426*, Q1492*, Q1527*, Q1535*, Q1489*, Q1234*, Q1391*, Q1416*, Q1458*, Q1476*	Hereditary cancer-predisposing syndrome|Familial adenomatous polyposis 1	VCV000428157	5	112175840	5	112840143	428157	419658	rs1114167596	NC_000005.10:112840142:C:T	single nucleotide variant	nonsense	Pathogenic	May 11, 2023	criteria provided, multiple submitters, no conflicts							
NM_000038.6(APC):c.4552A>T (p.Lys1518Ter)	APC	K1134*, K1235*, K1358*, K1389*, K1392*, K1417*, K1427*, K1435*, K1459*, K1477*, K1490*, K1493*, K1500*, K1508*, K1511*, K1518*, K1528*, K1536*, K1546*	Familial adenomatous polyposis 1	VCV002583736	5	112175843	5	112840146	2583736	2751307	rs1554085958	NC_000005.10:112840145:A:T	single nucleotide variant	nonsense|non-coding transcript variant	Pathogenic	May 11, 2023	criteria provided, single submitter							
NM_000038.6(APC):c.4557T>C (p.Asp1519=)	APC		Familial adenomatous polyposis 1	VCV003148000	5	112175848	5	112840151	3148000	3307248	rs2149917506	NC_000005.10:112840150:T:C	single nucleotide variant	synonymous variant|non-coding transcript variant	Benign	Mar 27, 2024	criteria provided, single submitter							
NM_000038.6(APC):c.4560G>A (p.Val1520=)	APC		Familial adenomatous polyposis 1	VCV003148163	5	112175851	5	112840154	3148163	3307411	rs2149917571	NC_000005.10:112840153:G:A	single nucleotide variant	synonymous variant|non-coding transcript variant	Benign	Mar 27, 2024	criteria provided, single submitter							
NM_000038.6(APC):c.4561G>T (p.Glu1521Ter)	APC	E1137*, E1238*, E1531*, E1420*, E1430*, E1462*, E1480*, E1511*, E1539*, E1549*, E1392*, E1438*, E1493*, E1521*, E1361*, E1395*, E1496*, E1503*, E1514*	APC-related disorder|Familial adenomatous polyposis 1	VCV002011698	5	112175852	5	112840155	2011698	2070927	rs2149917594	NC_000005.10:112840154:G:T	single nucleotide variant	nonsense	Pathogenic/Likely pathogenic	Jun 28, 2022	criteria provided, multiple submitters, no conflicts							
NM_000038.6(APC):c.4564T>C (p.Leu1522=)	APC		Familial adenomatous polyposis 1	VCV003148181	5	112175855	5	112840158	3148181	3307429	rs2149917667	NC_000005.10:112840157:T:C	single nucleotide variant	synonymous variant|non-coding transcript variant	Benign	Mar 27, 2024	criteria provided, single submitter							
NM_000038.6(APC):c.4585C>T (p.Gln1529Ter)	APC	Q1511*, Q1529*, Q1403*, Q1428*, Q1438*, Q1470*, Q1501*, Q1246*, Q1488*, Q1504*, Q1547*, Q1539*, Q1369*	not provided|Familial adenomatous polyposis 1	VCV000449335	5	112175876	5	112840179	449335	443650	rs1554085992	NC_000005.10:112840178:C:T	single nucleotide variant	nonsense	Pathogenic	May 11, 2023	criteria provided, multiple submitters, no conflicts							
NM_000038.6(APC):c.4587G>A (p.Gln1529=)	APC		Familial adenomatous polyposis 1	VCV003148130	5	112175878	5	112840181	3148130	3307378	rs2149918287	NC_000005.10:112840180:G:A	single nucleotide variant	synonymous variant|non-coding transcript variant	Benign	Mar 27, 2024	criteria provided, single submitter							
NM_000038.6(APC):c.4588G>T (p.Glu1530Ter)	APC	E1146*, E1247*, E1370*, E1401*, E1404*, E1429*, E1439*, E1447*, E1471*, E1489*, E1502*, E1505*, E1512*, E1520*, E1523*, E1530*, E1540*, E1548*, E1558*	Familial adenomatous polyposis 1	VCV002584285	5	112175879	5	112840182	2584285	2751851	rs1580649974	NC_000005.10:112840181:G:T	single nucleotide variant	nonsense|non-coding transcript variant	Pathogenic	May 11, 2023	criteria provided, single submitter							
NM_000038.6(APC):c.4590A>G (p.Glu1530=)	APC		not specified|Hereditary cancer-predisposing syndrome|Familial adenomatous polyposis 1	VCV000482399	5	112175881	5	112840184	482399	473797	rs1233687155	NC_000005.10:112840183:A:G	single nucleotide variant	synonymous variant	Benign/Likely benign	Jan 4, 2026	criteria provided, multiple submitters, no conflicts							
NM_000038.6(APC):c.4599T>C (p.Asn1533=)	APC		APC-related disorder|Hereditary cancer-predisposing syndrome|Familial adenomatous polyposis 1	VCV000231007	5	112175890	5	112840193	231007	233111	rs876658897	NC_000005.10:112840192:T:C	single nucleotide variant	synonymous variant	Benign/Likely benign	Mar 17, 2026	criteria provided, multiple submitters, no conflicts							
NM_000038.6(APC):c.4602G>A (p.Gly1534=)	APC		Familial adenomatous polyposis 1	VCV003148221	5	112175893	5	112840196	3148221	3307469	rs2149918726	NC_000005.10:112840195:G:A	single nucleotide variant	synonymous variant|non-coding transcript variant	Benign	Mar 27, 2024	criteria provided, single submitter							
NM_000038.6(APC):c.4606G>T (p.Glu1536Ter)	APC	E1253*, E1376*, E1410*, E1435*, E1445*, E1477*, E1495*, E1508*, E1511*, E1518*, E1536*, E1546*, E1554*	Familial adenomatous polyposis 1	VCV001050551	5	112175897	5	112840200	1050551	1037585	rs1554086001	NC_000005.10:112840199:G:T	single nucleotide variant	nonsense	Pathogenic	May 11, 2023	criteria provided, single submitter							
NM_000038.6(APC):c.4616C>A (p.Ser1539Ter)	APC	S1521*, S1539*, S1438*, S1498*, S1514*, S1557*, S1256*, S1379*, S1413*, S1549*, S1448*, S1480*, S1511*	Familial adenomatous polyposis 1	VCV000492668	5	112175907	5	112840210	492668	485626	rs1554086008	NC_000005.10:112840209:C:A	single nucleotide variant	nonsense	Pathogenic	Sep 24, 2024	criteria provided, single submitter							
NM_000038.6(APC):c.4617A>T (p.Ser1539=)	APC		Familial adenomatous polyposis 1	VCV003148295	5	112175908	5	112840211	3148295	3307543	rs1554086014	NC_000005.10:112840210:A:T	single nucleotide variant	synonymous variant|non-coding transcript variant	Benign	Mar 27, 2024	criteria provided, single submitter							
NM_000038.6(APC):c.4617A>C (p.Ser1539=)	APC		Hereditary cancer-predisposing syndrome|Familial adenomatous polyposis 1	VCV001637995	5	112175908	5	112840211	1637995	1559899	rs1554086014	NC_000005.10:112840210:A:C	single nucleotide variant	synonymous variant	Benign/Likely benign	Mar 27, 2024	criteria provided, multiple submitters, no conflicts							
NM_000038.6(APC):c.4617A>G (p.Ser1539=)	APC		Familial adenomatous polyposis 1|Hereditary cancer-predisposing syndrome	VCV000469972	5	112175908	5	112840211	469972	453983	rs1554086014	NC_000005.10:112840210:A:G	single nucleotide variant	synonymous variant	Benign/Likely benign	Apr 28, 2025	criteria provided, multiple submitters, no conflicts							
NM_000038.6(APC):c.4621C>T (p.Gln1541Ter)	APC	Q1523*, Q1541*, Q1500*, Q1513*, Q1559*, Q1258*, Q1516*, Q1551*, Q1415*, Q1440*, Q1482*, Q1381*, Q1450*	Hereditary cancer-predisposing syndrome|Familial adenomatous polyposis 1	VCV000184934	5	112175912	5	112840215	184934	182404	rs786201801	NC_000005.10:112840214:C:T	single nucleotide variant	nonsense	Pathogenic	Dec 8, 2023	criteria provided, multiple submitters, no conflicts							
NM_000038.6(APC):c.4623G>A (p.Gln1541=)	APC		Hereditary cancer-predisposing syndrome|Familial adenomatous polyposis 1	VCV001144572	5	112175914	5	112840217	1144572	1136124	rs369281524	NC_000005.10:112840216:G:A	single nucleotide variant	synonymous variant	Benign/Likely benign	May 12, 2025	criteria provided, multiple submitters, no conflicts							
NM_000038.6(APC):c.4626T>G (p.Pro1542=)	APC		Familial adenomatous polyposis 1	VCV003148365	5	112175917	5	112840220	3148365	3307613	rs2149919440	NC_000005.10:112840219:T:G	single nucleotide variant	synonymous variant|non-coding transcript variant	Benign	Mar 27, 2024	criteria provided, single submitter							
NM_000038.6(APC):c.4632A>G (p.Glu1544=)	APC		Familial adenomatous polyposis 1	VCV003147980	5	112175923	5	112840226	3147980	3307229	rs2149919539	NC_000005.10:112840225:A:G	single nucleotide variant	synonymous variant|non-coding transcript variant	Benign	Mar 27, 2024	criteria provided, single submitter							
NM_000038.6(APC):c.4634C>A (p.Ser1545Ter)	APC	S1527*, S1545*, S1262*, S1419*, S1555*, S1454*, S1520*, S1563*, S1385*, S1504*, S1517*, S1444*, S1486*	Familial adenomatous polyposis 1|Hereditary cancer-predisposing syndrome	VCV000490280	5	112175925	5	112840228	490280	483832	rs863225356	NC_000005.10:112840227:C:A	single nucleotide variant	nonsense	Pathogenic	May 11, 2023	criteria provided, multiple submitters, no conflicts							
NM_000038.6(APC):c.4634C>G (p.Ser1545Ter)	APC	S1527*, S1545*, S1262*, S1385*, S1419*, S1486*, S1504*, S1454*, S1520*, S1563*, S1517*, S1555*, S1444*	Hereditary cancer-predisposing syndrome|Familial adenomatous polyposis 1	VCV000217985	5	112175925	5	112840228	217985	214726	rs863225356	NC_000005.10:112840227:C:G	single nucleotide variant	nonsense	Pathogenic	May 11, 2023	criteria provided, multiple submitters, no conflicts							
NM_000038.6(APC):c.4635A>G (p.Ser1545=)	APC		Familial adenomatous polyposis 1	VCV003148012	5	112175926	5	112840229	3148012	3307260	rs2149919621	NC_000005.10:112840228:A:G	single nucleotide variant	synonymous variant|non-coding transcript variant	Benign	Mar 27, 2024	criteria provided, single submitter							
NM_000038.6(APC):c.4644C>T (p.Asn1548=)	APC		Familial adenomatous polyposis 1	VCV001562076	5	112175935	5	112840238	1562076	1608615	rs2149919882	NC_000005.10:112840237:C:T	single nucleotide variant	synonymous variant	Benign/Likely benign	Mar 27, 2024	criteria provided, multiple submitters, no conflicts							
NM_000038.6(APC):c.4645C>T (p.Gln1549Ter)	APC	Q1531*, Q1549*, Q1423*, Q1448*, Q1521*, Q1559*, Q1567*, Q1389*, Q1490*, Q1508*, Q1524*, Q1458*, Q1266*	Familial adenomatous polyposis 1	VCV000217986	5	112175936	5	112840239	217986	214727	rs863225357	NC_000005.10:112840238:C:T	single nucleotide variant	nonsense	Pathogenic	May 11, 2023	criteria provided, multiple submitters, no conflicts							
NM_000038.6(APC):c.4647A>G (p.Gln1549=)	APC		Hereditary cancer-predisposing syndrome|Familial adenomatous polyposis 1	VCV000753711	5	112175938	5	112840241	753711	764707	rs1580650685	NC_000005.10:112840240:A:G	single nucleotide variant	synonymous variant	Benign/Likely benign	Aug 28, 2025	criteria provided, multiple submitters, no conflicts							
NM_000038.6(APC):c.4648G>T (p.Glu1550Ter)	APC	E1491*, E1540*, E1550*, E1568*, E1578*, E1390*, E1459*, E1522*, E1532*, E1166*, E1267*, E1421*, E1467*, E1509*, E1525*, E1560*, E1424*, E1449*, E1543*	Familial adenomatous polyposis 1	VCV002780063	5	112175939	5	112840242	2780063	2947259	rs2149920018	NC_000005.10:112840241:G:T	single nucleotide variant	nonsense|non-coding transcript variant	Pathogenic	May 11, 2023	criteria provided, single submitter							
NM_000038.6(APC):c.4651A>T (p.Lys1551Ter)	APC	K1167*, K1268*, K1391*, K1422*, K1425*, K1450*, K1460*, K1468*, K1492*, K1510*, K1523*, K1526*, K1533*, K1541*, K1544*, K1551*, K1561*, K1569*, K1579*	APC-related disorder|Familial adenomatous polyposis 1	VCV002584099	5	112175942	5	112840245	2584099	2751667	rs2149920116	NC_000005.10:112840244:A:T	single nucleotide variant	non-coding transcript variant|nonsense	Pathogenic/Likely pathogenic	Aug 12, 2025	criteria provided, multiple submitters, no conflicts							
NM_000038.6(APC):c.4654G>T (p.Glu1552Ter)	APC	E1168*, E1269*, E1392*, E1423*, E1426*, E1451*, E1461*, E1469*, E1493*, E1511*, E1524*, E1527*, E1534*, E1542*, E1545*, E1552*, E1562*, E1570*, E1580*	Familial adenomatous polyposis 1	VCV002583966	5	112175945	5	112840248	2583966	2751535	rs2149920210	NC_000005.10:112840247:G:T	single nucleotide variant	nonsense|non-coding transcript variant	Pathogenic	May 11, 2023	criteria provided, single submitter							
NM_000038.6(APC):c.4656G>A (p.Glu1552=)	APC		Hereditary cancer-predisposing syndrome|Familial adenomatous polyposis 1	VCV001742208	5	112175947	5	112840250	1742208	1801850	rs1192588332	NC_000005.10:112840249:G:A	single nucleotide variant	synonymous variant|non-coding transcript variant	Benign/Likely benign	Mar 27, 2024	criteria provided, multiple submitters, no conflicts							
NM_000038.6(APC):c.4659A>G (p.Ala1553=)	APC		Familial adenomatous polyposis 1	VCV003147988	5	112175950	5	112840253	3147988	3307237	rs2149920334	NC_000005.10:112840252:A:G	single nucleotide variant	synonymous variant|non-coding transcript variant	Benign	Mar 27, 2024	criteria provided, single submitter							
NM_000038.6(APC):c.4659A>C (p.Ala1553=)	APC		Familial adenomatous polyposis 1	VCV002692715	5	112175950	5	112840253	2692715	2863542	rs2149920334	NC_000005.10:112840252:A:C	single nucleotide variant	synonymous variant|non-coding transcript variant	Benign/Likely benign	Mar 27, 2024	criteria provided, multiple submitters, no conflicts							
NM_000038.6(APC):c.4660G>T (p.Glu1554Ter)	APC	E1536*, E1554*, E1271*, E1513*, E1428*, E1526*, E1564*, E1453*, E1394*, E1463*, E1495*, E1529*, E1572*	Familial adenomatous polyposis 1|Familial multiple polyposis syndrome	VCV000433664	5	112175951	5	112840254	433664	427301	rs1392778905	NC_000005.10:112840253:G:T	single nucleotide variant	nonsense	Pathogenic	May 11, 2023	criteria provided, multiple submitters, no conflicts							
NM_000038.6(APC):c.4662A>G (p.Glu1554=)	APC		Familial adenomatous polyposis 1	VCV003147997	5	112175953	5	112840256	3147997	3307245	rs2149920450	NC_000005.10:112840255:A:G	single nucleotide variant	synonymous variant|non-coding transcript variant	Benign	Mar 27, 2024	criteria provided, single submitter							
NM_000038.6(APC):c.4665A>G (p.Lys1555=)	APC		Hereditary cancer-predisposing syndrome|Familial adenomatous polyposis 1	VCV000825082	5	112175956	5	112840259	825082	808080	rs1580650875	NC_000005.10:112840258:A:G	single nucleotide variant	synonymous variant	Benign/Likely benign	Mar 27, 2024	criteria provided, multiple submitters, no conflicts							
NM_000038.6(APC):c.4668T>C (p.Thr1556=)	APC		not specified|Classic or attenuated familial adenomatous polyposis|Hereditary cancer-predisposing syndrome|Familial adenomatous polyposis 1	VCV000996295	5	112175959	5	112840262	996295	983956	rs1554086074	NC_000005.10:112840261:T:C	single nucleotide variant	synonymous variant	Benign/Likely benign	May 23, 2024	criteria provided, multiple submitters, no conflicts							
NM_000038.6(APC):c.4668T>G (p.Thr1556=)	APC		Familial adenomatous polyposis 1|Hereditary cancer-predisposing syndrome	VCV000482489	5	112175959	5	112840262	482489	473809	rs1554086074	NC_000005.10:112840261:T:G	single nucleotide variant	synonymous variant	Benign/Likely benign	Jun 27, 2025	criteria provided, multiple submitters, no conflicts							
NM_000038.6(APC):c.4678G>T (p.Glu1560Ter)	APC	E1532*, E1542*, E1277*, E1459*, E1400*, E1469*, E1501*, E1519*, E1535*, E1560*, E1434*, E1570*, E1578*	Familial adenomatous polyposis 1	VCV001370355	5	112175969	5	112840272	1370355	1352693	rs2149920946	NC_000005.10:112840271:G:T	single nucleotide variant	nonsense	Pathogenic	Apr 22, 2024	criteria provided, single submitter							
NM_000038.6(APC):c.4680A>G (p.Glu1560=)	APC		not specified|Hereditary cancer-predisposing syndrome|Familial adenomatous polyposis 1	VCV001027589	5	112175971	5	112840274	1027589	1015360	rs1765740199	NC_000005.10:112840273:A:G	single nucleotide variant	synonymous variant	Benign/Likely benign	Nov 10, 2025	criteria provided, multiple submitters, no conflicts							
NM_000038.6(APC):c.4683G>A (p.Lys1561=)	APC		not specified|Hereditary cancer-predisposing syndrome|Familial adenomatous polyposis 1	VCV000378948	5	112175974	5	112840277	378948	368123	rs774900184	NC_000005.10:112840276:G:A	single nucleotide variant	synonymous variant	Benign/Likely benign	Apr 2, 2025	criteria provided, multiple submitters, no conflicts							
NM_000038.6(APC):c.4686C>T (p.Asp1562=)	APC		Classic or attenuated familial adenomatous polyposis|Hereditary cancer-predisposing syndrome|not specified|Familial adenomatous polyposis 1	VCV000384532	5	112175977	5	112840280	384532	368132	rs72541812	NC_000005.10:112840279:C:T	single nucleotide variant	synonymous variant	Benign/Likely benign	Jun 17, 2025	criteria provided, multiple submitters, no conflicts							
NM_000038.6(APC):c.4687C>T (p.Leu1563=)	APC		Hereditary cancer-predisposing syndrome|Familial adenomatous polyposis 1	VCV001742423	5	112175978	5	112840281	1742423	1798624	rs1554086098	NC_000005.10:112840280:C:T	single nucleotide variant	synonymous variant|non-coding transcript variant	Benign/Likely benign	Mar 27, 2024	criteria provided, multiple submitters, no conflicts							
NM_000038.6(APC):c.4689A>C (p.Leu1563=)	APC		Hereditary cancer-predisposing syndrome|Familial adenomatous polyposis 1	VCV000825097	5	112175980	5	112840283	825097	808083	rs1440495350	NC_000005.10:112840282:A:C	single nucleotide variant	synonymous variant	Benign/Likely benign	Apr 24, 2025	criteria provided, multiple submitters, no conflicts							
NM_000038.6(APC):c.4689A>G (p.Leu1563=)	APC		Hereditary cancer-predisposing syndrome|Familial adenomatous polyposis 1|not provided	VCV000490283	5	112175980	5	112840283	490283	483909	rs1440495350	NC_000005.10:112840282:A:G	single nucleotide variant	synonymous variant	Benign/Likely benign	Nov 1, 2024	criteria provided, multiple submitters, no conflicts							
NM_000038.6(APC):c.4690T>C (p.Leu1564=)	APC		Familial adenomatous polyposis 1|Hereditary cancer-predisposing syndrome	VCV000416747	5	112175981	5	112840284	416747	394896	rs1009904304	NC_000005.10:112840283:T:C	single nucleotide variant	synonymous variant	Benign/Likely benign	Mar 27, 2024	criteria provided, multiple submitters, no conflicts							
NM_000038.6(APC):c.4691T>A (p.Leu1564Ter)	APC	L1180*, L1281*, L1404*, L1435*, L1438*, L1463*, L1473*, L1481*, L1505*, L1523*, L1536*, L1539*, L1546*, L1554*, L1557*, L1564*, L1574*, L1582*, L1592*	Familial adenomatous polyposis 1	VCV002583431	5	112175982	5	112840285	2583431	2751002	rs2149921292	NC_000005.10:112840284:T:A	single nucleotide variant	nonsense|non-coding transcript variant	Pathogenic	May 11, 2023	criteria provided, single submitter							
NM_000038.6(APC):c.4691T>G (p.Leu1564Ter)	APC	L1404*, L1505*, L1523*, L1582*, L1463*, L1536*, L1539*, L1281*, L1438*, L1473*, L1546*, L1564*, L1574*	Familial adenomatous polyposis 1	VCV001405926	5	112175982	5	112840285	1405926	1493188	rs2149921292	NC_000005.10:112840284:T:G	single nucleotide variant	nonsense	Pathogenic	May 11, 2023	criteria provided, multiple submitters, no conflicts							
NM_000038.6(APC):c.4695T>C (p.Asp1565=)	APC		Hereditary cancer-predisposing syndrome|Familial adenomatous polyposis 1	VCV000825105	5	112175986	5	112840289	825105	808084	rs1561594772	NC_000005.10:112840288:T:C	single nucleotide variant	synonymous variant	Benign/Likely benign	Dec 4, 2024	criteria provided, multiple submitters, no conflicts							
NM_000038.6(APC):c.4700C>G (p.Ser1567Ter)	APC	S1466*, S1508*, S1567*, S1577*, S1476*, S1526*, S1539*, S1549*, S1585*, S1284*, S1407*, S1441*, S1542*	Hereditary cancer-predisposing syndrome|Familial adenomatous polyposis 1|APC-related disorder|Neoplasm	VCV000960996	5	112175991	5	112840294	960996	944208	rs1765745643	NC_000005.10:112840293:C:G	single nucleotide variant	nonsense	Pathogenic	Dec 28, 2024	criteria provided, multiple submitters, no conflicts				Likely oncogenic	Mar 4, 2025	criteria provided, single submitter	
NM_000038.6(APC):c.4704T>C (p.Asp1568=)	APC		not specified|Hereditary cancer-predisposing syndrome|Familial adenomatous polyposis 1	VCV000482367	5	112175995	5	112840298	482367	474048	rs1554086117	NC_000005.10:112840297:T:C	single nucleotide variant	synonymous variant	Benign/Likely benign	Jan 26, 2026	criteria provided, multiple submitters, no conflicts							
NM_000038.6(APC):c.4707T>C (p.Asp1569=)	APC		Familial adenomatous polyposis 1	VCV001082031	5	112175998	5	112840301	1082031	1072046	rs2149921724	NC_000005.10:112840300:T:C	single nucleotide variant	synonymous variant	Benign/Likely benign	Mar 27, 2024	criteria provided, multiple submitters, no conflicts							
NM_000038.6(APC):c.4710T>C (p.Asp1570=)	APC		Classic or attenuated familial adenomatous polyposis|Hereditary cancer-predisposing syndrome|Familial adenomatous polyposis 1	VCV000825117	5	112176001	5	112840304	825117	808086	rs201764198	NC_000005.10:112840303:T:C	single nucleotide variant	synonymous variant	Benign/Likely benign	Mar 27, 2024	criteria provided, multiple submitters, no conflicts							
NM_000038.6(APC):c.4713T>C (p.Asp1571=)	APC		Familial adenomatous polyposis 1	VCV003148057	5	112176004	5	112840307	3148057	3307305	rs2149921863	NC_000005.10:112840306:T:C	single nucleotide variant	synonymous variant|non-coding transcript variant	Benign	Mar 27, 2024	criteria provided, single submitter							
NM_000038.6(APC):c.4719A>G (p.Glu1573=)	APC		Hereditary cancer-predisposing syndrome|Familial adenomatous polyposis 1	VCV003148141	5	112176010	5	112840313	3148141	3307389	rs1266445232	NC_000005.10:112840312:A:G	single nucleotide variant	synonymous variant|non-coding transcript variant	Benign/Likely benign	Oct 8, 2025	criteria provided, multiple submitters, no conflicts							
NM_000038.6(APC):c.4723C>T (p.Leu1575=)	APC		not specified|Familial adenomatous polyposis 1	VCV000389553	5	112176014	5	112840317	389553	368133	rs1057523466	NC_000005.10:112840316:C:T	single nucleotide variant	synonymous variant	Benign/Likely benign	Mar 27, 2024	criteria provided, multiple submitters, no conflicts							
NM_000038.6(APC):c.4725A>C (p.Leu1575=)	APC		Familial adenomatous polyposis 1|Hereditary cancer-predisposing syndrome	VCV003148250	5	112176016	5	112840319	3148250	3307498	rs1057523328	NC_000005.10:112840318:A:C	single nucleotide variant	synonymous variant|non-coding transcript variant	Benign/Likely benign	Apr 18, 2025	criteria provided, multiple submitters, no conflicts							
NM_000038.6(APC):c.4725A>G (p.Leu1575=)	APC		Hereditary cancer-predisposing syndrome|not specified|Classic or attenuated familial adenomatous polyposis|Familial adenomatous polyposis 1	VCV000389098	5	112176016	5	112840319	389098	368134	rs1057523328	NC_000005.10:112840318:A:G	single nucleotide variant	synonymous variant	Benign/Likely benign	May 1, 2024	criteria provided, multiple submitters, no conflicts							
NM_000038.6(APC):c.4726G>T (p.Glu1576Ter)	APC	E1558*, E1576*, E1450*, E1475*, E1551*, E1293*, E1594*, E1485*, E1517*, E1535*, E1548*, E1586*, E1416*	Hereditary cancer-predisposing syndrome|Familial multiple polyposis syndrome	VCV000433666	5	112176017	5	112840320	433666	427303	rs1554086134	NC_000005.10:112840319:G:T	single nucleotide variant	nonsense	Pathogenic	May 19, 2017	criteria provided, multiple submitters, no conflicts							
NM_000038.6(APC):c.4729G>T (p.Glu1577Ter)	APC	E1193*, E1294*, E1417*, E1448*, E1451*, E1476*, E1486*, E1494*, E1518*, E1536*, E1549*, E1552*, E1559*, E1567*, E1570*, E1577*, E1587*, E1595*, E1605*	Familial adenomatous polyposis 1	VCV002583909	5	112176020	5	112840323	2583909	2751478	rs1356068619	NC_000005.10:112840322:G:T	single nucleotide variant	nonsense|non-coding transcript variant	Pathogenic	May 11, 2023	criteria provided, single submitter							
NM_000038.6(APC):c.4731A>G (p.Glu1577=)	APC		Familial adenomatous polyposis 1	VCV003148114	5	112176022	5	112840325	3148114	3307362	rs2149922318	NC_000005.10:112840324:A:G	single nucleotide variant	synonymous variant|non-coding transcript variant	Benign	Mar 27, 2024	criteria provided, single submitter							
NM_000038.6(APC):c.4740T>C (p.Ile1580=)	APC		Familial adenomatous polyposis 1|Hereditary cancer-predisposing syndrome	VCV000416762	5	112176031	5	112840334	416762	394404	rs760033815	NC_000005.10:112840333:T:C	single nucleotide variant	synonymous variant	Benign/Likely benign	Oct 23, 2025	criteria provided, multiple submitters, no conflicts							
NM_000038.6(APC):c.4746C>G (p.Ala1582=)	APC		Familial adenomatous polyposis 1	VCV003148440	5	112176037	5	112840340	3148440	3307688	rs2149922717	NC_000005.10:112840339:C:G	single nucleotide variant	synonymous variant|non-coding transcript variant	Benign	Mar 27, 2024	criteria provided, single submitter							
NM_000038.6(APC):c.4746C>T (p.Ala1582=)	APC		Familial adenomatous polyposis 1	VCV003020196	5	112176037	5	112840340	3020196	3183063	rs2149922717	NC_000005.10:112840339:C:T	single nucleotide variant	synonymous variant|non-coding transcript variant	Benign/Likely benign	Apr 10, 2024	criteria provided, multiple submitters, no conflicts							
NM_000038.6(APC):c.4752A>G (p.Pro1584=)	APC		Familial adenomatous polyposis 1|Hereditary cancer-predisposing syndrome	VCV000785716	5	112176043	5	112840346	785716	709561	rs1554086150	NC_000005.10:112840345:A:G	single nucleotide variant	synonymous variant	Benign/Likely benign	Sep 1, 2025	criteria provided, multiple submitters, no conflicts							
NM_000038.6(APC):c.4752A>C (p.Pro1584=)	APC		Hereditary cancer-predisposing syndrome|Familial adenomatous polyposis 1|Classic or attenuated familial adenomatous polyposis	VCV000485102	5	112176043	5	112840346	485102	473778	rs1554086150	NC_000005.10:112840345:A:C	single nucleotide variant	synonymous variant	Benign/Likely benign	May 23, 2025	criteria provided, multiple submitters, no conflicts							
NM_000038.6(APC):c.4755A>G (p.Thr1585=)	APC		Classic or attenuated familial adenomatous polyposis|not specified|Hereditary cancer-predisposing syndrome|Familial adenomatous polyposis 1	VCV001343445	5	112176046	5	112840349	1343445	1335145	rs2149922960	NC_000005.10:112840348:A:G	single nucleotide variant	synonymous variant	Benign/Likely benign	Oct 15, 2025	criteria provided, multiple submitters, no conflicts							
NM_000038.6(APC):c.4758G>A (p.Lys1586=)	APC		Classic or attenuated familial adenomatous polyposis|Hereditary cancer-predisposing syndrome|not specified|not provided|Familial adenomatous polyposis 1	VCV000416756	5	112176049	5	112840352	416756	394470	rs1060504890	NC_000005.10:112840351:G:A	single nucleotide variant	synonymous variant	Benign/Likely benign	Nov 2, 2025	criteria provided, multiple submitters, no conflicts							
NM_000038.6(APC):c.4760C>A (p.Ser1587Ter)	APC	S1496*, S1528*, S1559*, S1605*, S1304*, S1427*, S1461*, S1486*, S1587*, S1546*, S1562*, S1569*, S1597*	Familial adenomatous polyposis 1	VCV000844002	5	112176051	5	112840354	844002	829739	rs1765760073	NC_000005.10:112840353:C:A	single nucleotide variant	nonsense	Pathogenic	Mar 7, 2025	criteria provided, multiple submitters, no conflicts							
NM_000038.6(APC):c.4761A>G (p.Ser1587=)	APC		Hereditary cancer-predisposing syndrome|Familial adenomatous polyposis 1	VCV000487045	5	112176052	5	112840355	487045	474053	rs863224280	NC_000005.10:112840354:A:G	single nucleotide variant	synonymous variant	Benign/Likely benign	Apr 15, 2024	criteria provided, multiple submitters, no conflicts							
NM_000038.6(APC):c.4761A>C (p.Ser1587=)	APC		Hereditary cancer-predisposing syndrome|Familial adenomatous polyposis 1	VCV000215563	5	112176052	5	112840355	215563	212430	rs863224280	NC_000005.10:112840354:A:C	single nucleotide variant	synonymous variant	Benign/Likely benign	Jun 21, 2024	criteria provided, multiple submitters, no conflicts							
NM_000038.6(APC):c.4763C>G (p.Ser1588Ter)	APC	S1428*, S1487*, S1505*, S1529*, S1560*, S1578*, S1581*, S1606*, S1459*, S1588*, S1204*, S1305*, S1462*, S1547*, S1570*, S1616*, S1497*, S1563*, S1598*	Hereditary cancer-predisposing syndrome	VCV003928773	5	112176054	5	112840357	3928773	4050571		NC_000005.10:112840356:C:G	single nucleotide variant	nonsense|non-coding transcript variant	Pathogenic	May 13, 2025	criteria provided, single submitter							
NM_000038.6(APC):c.4767T>G (p.Arg1589=)	APC		Hereditary cancer-predisposing syndrome|Familial adenomatous polyposis 1	VCV001667370	5	112176058	5	112840361	1667370	1591308	rs181255489	NC_000005.10:112840360:T:G	single nucleotide variant	synonymous variant	Benign/Likely benign	Nov 25, 2025	criteria provided, multiple submitters, no conflicts							
NM_000038.6(APC):c.4776A>G (p.Lys1592=)	APC		Hereditary cancer-predisposing syndrome|Familial adenomatous polyposis 1	VCV000236608	5	112176067	5	112840370	236608	239580	rs878853452	NC_000005.10:112840369:A:G	single nucleotide variant	synonymous variant	Benign/Likely benign	Oct 28, 2025	criteria provided, multiple submitters, no conflicts							
NM_000038.6(APC):c.4779G>A (p.Lys1593=)	APC		Familial adenomatous polyposis 1|Hereditary cancer-predisposing syndrome|not specified	VCV000416721	5	112176070	5	112840373	416721	394474	rs1060504872	NC_000005.10:112840372:G:A	single nucleotide variant	synonymous variant	Benign/Likely benign	Jan 30, 2026	criteria provided, multiple submitters, no conflicts							
NM_000038.6(APC):c.4782A>G (p.Pro1594=)	APC		Hereditary cancer-predisposing syndrome|Familial adenomatous polyposis 1	VCV001089602	5	112176073	5	112840376	1089602	1072047	rs2149923636	NC_000005.10:112840375:A:G	single nucleotide variant	synonymous variant	Benign/Likely benign	Jul 22, 2025	criteria provided, multiple submitters, no conflicts							
NM_000038.6(APC):c.4785C>G (p.Ala1595=)	APC		Familial adenomatous polyposis 1	VCV002119733	5	112176076	5	112840379	2119733	2180213	rs201287984	NC_000005.10:112840378:C:G	single nucleotide variant	synonymous variant|non-coding transcript variant	Benign/Likely benign	Mar 27, 2024	criteria provided, multiple submitters, no conflicts							
NM_000038.6(APC):c.4785C>T (p.Ala1595=)	APC		Hereditary cancer-predisposing syndrome|Familial adenomatous polyposis 1	VCV001090659	5	112176076	5	112840379	1090659	1072048	rs201287984	NC_000005.10:112840378:C:T	single nucleotide variant	synonymous variant	Benign/Likely benign	Sep 18, 2025	criteria provided, multiple submitters, no conflicts							
NM_000038.6(APC):c.4786C>T (p.Gln1596Ter)	APC	Q1436*, Q1505*, Q1596*, Q1212*, Q1555*, Q1571*, Q1578*, Q1586*, Q1624*, Q1313*, Q1470*, Q1495*, Q1513*, Q1568*, Q1614*, Q1467*, Q1537*, Q1589*, Q1606*	Familial adenomatous polyposis 1	VCV003660442	5	112176077	5	112840380	3660442	3797583		NC_000005.10:112840379:C:T	single nucleotide variant	nonsense|non-coding transcript variant	Pathogenic	Jul 24, 2024	criteria provided, single submitter							
NM_000038.6(APC):c.4791T>G (p.Thr1597=)	APC		Familial adenomatous polyposis 1|Hereditary cancer-predisposing syndrome	VCV002775071	5	112176082	5	112840385	2775071	2935795	rs2533600139	NC_000005.10:112840384:T:G	single nucleotide variant	synonymous variant|non-coding transcript variant	Benign/Likely benign	Mar 27, 2024	criteria provided, multiple submitters, no conflicts							
NM_000038.6(APC):c.4794T>C (p.Ala1598=)	APC		Familial adenomatous polyposis 1	VCV003148305	5	112176085	5	112840388	3148305	3307553	rs2149923935	NC_000005.10:112840387:T:C	single nucleotide variant	synonymous variant|non-coding transcript variant	Benign	Mar 27, 2024	criteria provided, single submitter							
NM_000038.6(APC):c.4796C>G (p.Ser1599Ter)	APC	S1581*, S1599*, S1508*, S1571*, S1617*, S1473*, S1558*, S1609*, S1316*, S1439*, S1498*, S1574*, S1540*	not provided|Familial adenomatous polyposis 1	VCV000469977	5	112176087	5	112840390	469977	454803	rs1554086212	NC_000005.10:112840389:C:G	single nucleotide variant	nonsense	Pathogenic	Aug 1, 2019	criteria provided, multiple submitters, no conflicts							
NM_000038.6(APC):c.4797A>C (p.Ser1599=)	APC		Familial adenomatous polyposis 1|Hereditary cancer-predisposing syndrome|not specified	VCV003024036	5	112176088	5	112840391	3024036	3183854	rs2149923978	NC_000005.10:112840390:A:C	single nucleotide variant	synonymous variant|non-coding transcript variant	Benign/Likely benign	Oct 11, 2024	criteria provided, multiple submitters, no conflicts							
NM_000038.6(APC):c.4806T>G (p.Pro1602=)	APC		Familial adenomatous polyposis 1	VCV003148543	5	112176097	5	112840400	3148543	3307791	rs1160772397	NC_000005.10:112840399:T:G	single nucleotide variant	synonymous variant|non-coding transcript variant	Benign	Mar 27, 2024	criteria provided, single submitter							
NM_000038.6(APC):c.4815G>A (p.Val1605=)	APC		Familial adenomatous polyposis 1|Hereditary cancer-predisposing syndrome	VCV000411451	5	112176106	5	112840409	411451	394527	rs1060503313	NC_000005.10:112840408:G:A	single nucleotide variant	synonymous variant	Benign/Likely benign	Oct 17, 2025	criteria provided, multiple submitters, no conflicts							
NM_000038.6(APC):c.4818A>G (p.Ala1606=)	APC		Hereditary cancer-predisposing syndrome|Familial adenomatous polyposis 1	VCV000631331	5	112176109	5	112840412	631331	617166	rs1561595697	NC_000005.10:112840411:A:G	single nucleotide variant	synonymous variant	Benign/Likely benign	Feb 17, 2025	criteria provided, multiple submitters, no conflicts							
NM_000038.6(APC):c.4827A>G (p.Pro1609=)	APC		Familial adenomatous polyposis 1|Hereditary cancer-predisposing syndrome	VCV000490286	5	112176118	5	112840421	490286	483978	rs1398360614	NC_000005.10:112840420:A:G	single nucleotide variant	synonymous variant	Benign/Likely benign	Jan 20, 2026	criteria provided, multiple submitters, no conflicts							
NM_000038.6(APC):c.4831C>T (p.Gln1611Ter)	APC	Q1593*, Q1611*, Q1328*, Q1451*, Q1570*, Q1629*, Q1485*, Q1520*, Q1583*, Q1621*, Q1510*, Q1552*, Q1586*	Gastric cancer|Colorectal cancer|Familial adenomatous polyposis 1|Hepatocellular carcinoma|Desmoid disease, hereditary|Gastric adenocarcinoma and proximal polyposis of the stomach|not provided|Familial adenomatous polyposis 1|Familial multiple polyposis syndrome	VCV000449336	5	112176122	5	112840425	449336	443651	rs774847203	NC_000005.10:112840424:C:T	single nucleotide variant	nonsense	Pathogenic/Likely pathogenic	Jul 23, 2025	criteria provided, multiple submitters, no conflicts							
NM_000038.6(APC):c.4833G>A (p.Gln1611=)	APC		not provided|Familial adenomatous polyposis 1|Classic or attenuated familial adenomatous polyposis|APC-Associated Polyposis Disorders|Hereditary cancer-predisposing syndrome|not specified	VCV000350412	5	112176124	5	112840427	350412	294906	rs762030106	NC_000005.10:112840426:G:A	single nucleotide variant	synonymous variant	Benign/Likely benign	Jan 11, 2026	criteria provided, multiple submitters, no conflicts							
NM_000038.6(APC):c.4836G>T (p.Leu1612=)	APC		Familial adenomatous polyposis 1	VCV001668118	5	112176127	5	112840430	1668118	1569983	rs1765779549	NC_000005.10:112840429:G:T	single nucleotide variant	synonymous variant	Benign/Likely benign	Mar 28, 2024	criteria provided, multiple submitters, no conflicts							
NM_000038.6(APC):c.4842G>A (p.Val1614=)	APC		Familial adenomatous polyposis 1|Hereditary cancer-predisposing syndrome	VCV000763341	5	112176133	5	112840436	763341	764708	rs919961971	NC_000005.10:112840435:G:A	single nucleotide variant	synonymous variant	Benign/Likely benign	Apr 15, 2024	criteria provided, multiple submitters, no conflicts							
NM_000038.6(APC):c.4845C>G (p.Tyr1615Ter)	APC	Y1231*, Y1332*, Y1455*, Y1486*, Y1489*, Y1514*, Y1524*, Y1532*, Y1556*, Y1574*, Y1587*, Y1590*, Y1597*, Y1605*, Y1608*, Y1615*, Y1625*, Y1633*, Y1643*	Familial adenomatous polyposis 1	VCV002583866	5	112176136	5	112840439	2583866	2751435	rs2533603450	NC_000005.10:112840438:C:G	single nucleotide variant	nonsense|non-coding transcript variant	Pathogenic	May 12, 2023	criteria provided, single submitter							
NM_000038.6(APC):c.4854A>G (p.Leu1618=)	APC		Hereditary cancer-predisposing syndrome|Classic or attenuated familial adenomatous polyposis|Familial adenomatous polyposis 1	VCV000537670	5	112176145	5	112840448	537670	520550	rs377666490	NC_000005.10:112840447:A:G	single nucleotide variant	synonymous variant	Benign/Likely benign	Mar 11, 2025	criteria provided, multiple submitters, no conflicts							
NM_000038.6(APC):c.4857A>G (p.Pro1619=)	APC		Hereditary cancer-predisposing syndrome|Familial adenomatous polyposis 1|not specified	VCV000416742	5	112176148	5	112840451	416742	394475	rs564651232	NC_000005.10:112840450:A:G	single nucleotide variant	synonymous variant	Benign/Likely benign	Mar 4, 2025	criteria provided, multiple submitters, no conflicts							
NM_000038.6(APC):c.4861C>T (p.Gln1621Ter)	APC	Q1492*, Q1520*, Q1538*, Q1596*, Q1603*, Q1611*, Q1614*, Q1621*, Q1631*, Q1649*, Q1530*, Q1237*, Q1495*, Q1580*, Q1639*, Q1338*, Q1461*, Q1562*, Q1593*	Hereditary cancer-predisposing syndrome	VCV001743651	5	112176152	5	112840455	1743651	1801998	rs762533972	NC_000005.10:112840454:C:T	single nucleotide variant	nonsense	Pathogenic	Apr 11, 2021	criteria provided, single submitter							
NM_000038.6(APC):c.4863A>G (p.Gln1621=)	APC		Hereditary cancer-predisposing syndrome|Familial adenomatous polyposis 1	VCV000629959	5	112176154	5	112840457	629959	617167	rs1561595977	NC_000005.10:112840456:A:G	single nucleotide variant	synonymous variant	Benign/Likely benign	May 10, 2024	criteria provided, multiple submitters, no conflicts							
NM_000038.6(APC):c.4866C>T (p.Asn1622=)	APC		Hereditary cancer-predisposing syndrome|Familial adenomatous polyposis 1	VCV001648527	5	112176157	5	112840460	1648527	1600680	rs1765789672	NC_000005.10:112840459:C:T	single nucleotide variant	synonymous variant	Benign/Likely benign	Jan 15, 2025	criteria provided, multiple submitters, no conflicts							
NM_000038.6(APC):c.4867A>C (p.Arg1623=)	APC		Hereditary cancer-predisposing syndrome|not specified|Familial adenomatous polyposis 1	VCV000389914	5	112176158	5	112840461	389914	367797	rs1057523581	NC_000005.10:112840460:A:C	single nucleotide variant	synonymous variant	Benign/Likely benign	Oct 11, 2025	criteria provided, multiple submitters, no conflicts							
NM_000038.6(APC):c.4869G>A (p.Arg1623=)	APC		Hereditary cancer-predisposing syndrome|Familial adenomatous polyposis 1	VCV001142849	5	112176160	5	112840463	1142849	1136127	rs2149925981	NC_000005.10:112840462:G:A	single nucleotide variant	synonymous variant	Benign/Likely benign	Aug 23, 2025	criteria provided, multiple submitters, no conflicts							
NM_000038.6(APC):c.4870T>C (p.Leu1624=)	APC		Familial adenomatous polyposis 1|Hereditary cancer-predisposing syndrome	VCV002802339	5	112176161	5	112840464	2802339	2963024	rs2149926015	NC_000005.10:112840463:T:C	single nucleotide variant	synonymous variant|non-coding transcript variant	Benign/Likely benign	Dec 20, 2025	criteria provided, multiple submitters, no conflicts							
NM_000038.6(APC):c.4879C>T (p.Gln1627Ter)	APC	Q1498*, Q1501*, Q1536*, Q1599*, Q1602*, Q1609*, Q1344*, Q1526*, Q1637*, Q1645*, Q1243*, Q1544*, Q1568*, Q1586*, Q1617*, Q1655*, Q1467*, Q1620*, Q1627*	Familial adenomatous polyposis 1	VCV002094404	5	112176170	5	112840473	2094404	2145852	rs1554086263	NC_000005.10:112840472:C:T	single nucleotide variant	nonsense	Pathogenic	May 12, 2023	criteria provided, multiple submitters, no conflicts							
NM_000038.6(APC):c.4884G>A (p.Lys1628=)	APC		Familial adenomatous polyposis 1|Hereditary cancer-predisposing syndrome	VCV002776406	5	112176175	5	112840478	2776406	2946197	rs908764017	NC_000005.10:112840477:G:A	single nucleotide variant	synonymous variant|non-coding transcript variant	Benign/Likely benign	Feb 2, 2025	criteria provided, multiple submitters, no conflicts							
NM_000038.6(APC):c.4887T>C (p.His1629=)	APC		Hereditary cancer-predisposing syndrome|Familial adenomatous polyposis 1	VCV002782582	5	112176178	5	112840481	2782582	2941139	rs2149926544	NC_000005.10:112840480:T:C	single nucleotide variant	synonymous variant|non-coding transcript variant	Benign/Likely benign	Nov 18, 2025	criteria provided, multiple submitters, no conflicts							
NM_000038.6(APC):c.4890T>G (p.Val1630=)	APC		Familial adenomatous polyposis 1	VCV002723945	5	112176181	5	112840484	2723945	2881856	rs753384326	NC_000005.10:112840483:T:G	single nucleotide variant	synonymous variant|non-coding transcript variant	Benign/Likely benign	Mar 31, 2025	criteria provided, multiple submitters, no conflicts							
NM_000038.6(APC):c.4893T>C (p.Ser1631=)	APC		Hereditary cancer-predisposing syndrome|not specified|not provided|Familial adenomatous polyposis 1	VCV000132688	5	112176184	5	112840487	132688	136436	rs35634377	NC_000005.10:112840486:T:C	single nucleotide variant	synonymous variant	Benign/Likely benign	Jan 31, 2026	criteria provided, multiple submitters, no conflicts							
NM_000038.6(APC):c.4899A>C (p.Thr1633=)	APC		Hereditary cancer-predisposing syndrome|Classic or attenuated familial adenomatous polyposis|Familial adenomatous polyposis 1	VCV001743885	5	112176190	5	112840493	1743885	1802229	rs926773764	NC_000005.10:112840492:A:C	single nucleotide variant	synonymous variant|non-coding transcript variant	Benign/Likely benign	Dec 15, 2025	criteria provided, multiple submitters, no conflicts							
NM_000038.6(APC):c.4902G>A (p.Pro1634=)	APC		Classic or attenuated familial adenomatous polyposis|Hereditary cancer-predisposing syndrome|not specified|Familial adenomatous polyposis 1	VCV000231514	5	112176193	5	112840496	231514	233120	rs876659202	NC_000005.10:112840495:G:A	single nucleotide variant	synonymous variant	Benign/Likely benign	Jul 31, 2025	criteria provided, multiple submitters, no conflicts							
NM_000038.6(APC):c.4905G>A (p.Gly1635=)	APC		APC-related attenuated familial adenomatous polyposis|Gardner syndrome|APC-Associated Polyposis Disorders|Hereditary cancer-predisposing syndrome|not specified|not provided|Familial adenomatous polyposis 1	VCV000135704	5	112176196	5	112840499	135704	139416	rs137988845	NC_000005.10:112840498:G:A	single nucleotide variant	synonymous variant	Benign/Likely benign	Feb 2, 2026	criteria provided, multiple submitters, no conflicts							
NM_000038.6(APC):c.4908T>C (p.Asp1636=)	APC		Hereditary cancer-predisposing syndrome|not provided|Familial adenomatous polyposis 1	VCV000482373	5	112176199	5	112840502	482373	474059	rs1554086296	NC_000005.10:112840501:T:C	single nucleotide variant	synonymous variant	Benign/Likely benign	Aug 18, 2025	criteria provided, multiple submitters, no conflicts							
NM_000038.6(APC):c.4917A>T (p.Pro1639=)	APC		Familial adenomatous polyposis 1	VCV003148833	5	112176208	5	112840511	3148833	3308081	rs1375316248	NC_000005.10:112840510:A:T	single nucleotide variant	synonymous variant|non-coding transcript variant	Benign/Likely benign	Apr 15, 2024	criteria provided, multiple submitters, no conflicts							
NM_000038.6(APC):c.4917A>G (p.Pro1639=)	APC		Familial adenomatous polyposis 1|Hereditary cancer-predisposing syndrome	VCV000490289	5	112176208	5	112840511	490289	483918	rs1375316248	NC_000005.10:112840510:A:G	single nucleotide variant	synonymous variant	Benign/Likely benign	Jun 9, 2025	criteria provided, multiple submitters, no conflicts							
NM_000038.6(APC):c.4919G>A (p.Arg1640Gln)	APC	R1622Q, R1640Q, R1357Q, R1480Q, R1549Q, R1612Q, R1581Q, R1599Q, R1650Q, R1658Q, R1514Q, R1539Q, R1615Q	APC-related disorder|Hereditary cancer-predisposing syndrome|not specified|not provided|Familial adenomatous polyposis 1|Desmoid disease, hereditary	VCV000133531	5	112176210	5	112840513	133531	137270	rs529480958	NC_000005.10:112840512:G:A	single nucleotide variant	missense variant	Benign/Likely benign	Jan 11, 2026	criteria provided, multiple submitters, no conflicts							
NM_000038.6(APC):c.4920G>T (p.Arg1640=)	APC		Hereditary cancer-predisposing syndrome|Familial adenomatous polyposis 1	VCV000825292	5	112176211	5	112840514	825292	808098	rs1580654177	NC_000005.10:112840513:G:T	single nucleotide variant	synonymous variant	Benign/Likely benign	Mar 28, 2024	criteria provided, multiple submitters, no conflicts							
NM_000038.6(APC):c.4920G>C (p.Arg1640=)	APC		Hereditary cancer-predisposing syndrome|Familial adenomatous polyposis 1	VCV000825291	5	112176211	5	112840514	825291	808097	rs1580654177	NC_000005.10:112840513:G:C	single nucleotide variant	synonymous variant	Benign/Likely benign	Jun 30, 2025	criteria provided, multiple submitters, no conflicts							
NM_000038.6(APC):c.4923G>A (p.Val1641=)	APC		Hereditary cancer-predisposing syndrome|Familial adenomatous polyposis 1	VCV001744143	5	112176214	5	112840517	1744143	1799039	rs2149927495	NC_000005.10:112840516:G:A	single nucleotide variant	synonymous variant|non-coding transcript variant	Benign/Likely benign	Mar 28, 2024	criteria provided, multiple submitters, no conflicts							
NM_000038.6(APC):c.4932T>G (p.Val1644=)	APC		Hereditary cancer-predisposing syndrome|Familial adenomatous polyposis 1	VCV000469984	5	112176223	5	112840526	469984	454811	rs1554086321	NC_000005.10:112840525:T:G	single nucleotide variant	synonymous variant	Benign/Likely benign	Jan 26, 2025	criteria provided, multiple submitters, no conflicts							
NM_000038.6(APC):c.4933G>T (p.Glu1645Ter)	APC	E1261*, E1362*, E1485*, E1516*, E1519*, E1544*, E1554*, E1562*, E1586*, E1604*, E1617*, E1620*, E1627*, E1635*, E1638*, E1645*, E1655*, E1663*, E1673*	Familial adenomatous polyposis 1	VCV002584263	5	112176224	5	112840527	2584263	2751829	rs2533609192	NC_000005.10:112840526:G:T	single nucleotide variant	nonsense|non-coding transcript variant	Pathogenic	May 12, 2023	criteria provided, single submitter							
NM_000038.6(APC):c.4941A>C (p.Thr1647=)	APC		Hereditary cancer-predisposing syndrome|Familial adenomatous polyposis 1	VCV000469985	5	112176232	5	112840535	469985	453988	rs876660116	NC_000005.10:112840534:A:C	single nucleotide variant	synonymous variant	Benign/Likely benign	May 28, 2024	criteria provided, multiple submitters, no conflicts							
NM_000038.6(APC):c.4947A>C (p.Ile1649=)	APC		Hereditary cancer-predisposing syndrome|Familial adenomatous polyposis 1	VCV000759629	5	112176238	5	112840541	759629	764710	rs1580654389	NC_000005.10:112840540:A:C	single nucleotide variant	synonymous variant	Benign/Likely benign	Mar 28, 2024	criteria provided, multiple submitters, no conflicts							
NM_000038.6(APC):c.4953T>C (p.Phe1651=)	APC		Familial adenomatous polyposis 1|Hereditary cancer-predisposing syndrome	VCV003148780	5	112176244	5	112840547	3148780	3308028	rs1765811869	NC_000005.10:112840546:T:C	single nucleotide variant	synonymous variant|non-coding transcript variant	Benign/Likely benign	Feb 10, 2025	criteria provided, multiple submitters, no conflicts							
NM_000038.6(APC):c.4956C>T (p.Ser1652=)	APC		Hereditary cancer-predisposing syndrome|Familial adenomatous polyposis 1	VCV000926917	5	112176247	5	112840550	926917	909984	rs1765812159	NC_000005.10:112840549:C:T	single nucleotide variant	synonymous variant	Benign/Likely benign	Mar 28, 2024	criteria provided, multiple submitters, no conflicts							
NM_000038.6(APC):c.4959A>G (p.Thr1653=)	APC		Familial adenomatous polyposis 1	VCV002806458	5	112176250	5	112840553	2806458	2971390	rs2149928525	NC_000005.10:112840552:A:G	single nucleotide variant	synonymous variant|non-coding transcript variant	Benign/Likely benign	Mar 28, 2024	criteria provided, multiple submitters, no conflicts							
NM_000038.6(APC):c.4962T>C (p.Ala1654=)	APC		Classic or attenuated familial adenomatous polyposis|Hereditary cancer-predisposing syndrome|not specified|not provided|Familial adenomatous polyposis 1	VCV000220814	5	112176253	5	112840556	220814	221518	rs551322279	NC_000005.10:112840555:T:C	single nucleotide variant	synonymous variant	Benign/Likely benign	Jul 25, 2025	criteria provided, multiple submitters, no conflicts							
NM_000038.6(APC):c.4965A>G (p.Thr1655=)	APC		Hereditary cancer-predisposing syndrome|not specified|Familial adenomatous polyposis 1	VCV000219989	5	112176256	5	112840559	219989	221519	rs863224282	NC_000005.10:112840558:A:G	single nucleotide variant	synonymous variant	Benign/Likely benign	Nov 10, 2025	criteria provided, multiple submitters, no conflicts							
NM_000038.6(APC):c.4965A>C (p.Thr1655=)	APC		Hereditary cancer-predisposing syndrome|Familial adenomatous polyposis 1|Classic or attenuated familial adenomatous polyposis	VCV000215565	5	112176256	5	112840559	215565	212432	rs863224282	NC_000005.10:112840558:A:C	single nucleotide variant	synonymous variant	Benign/Likely benign	Oct 20, 2025	criteria provided, multiple submitters, no conflicts							
NM_000038.6(APC):c.4968T>G (p.Ser1656=)	APC		Hereditary cancer-predisposing syndrome|Familial adenomatous polyposis 1	VCV001744444	5	112176259	5	112840562	1744444	1809226	rs569552944	NC_000005.10:112840561:T:G	single nucleotide variant	synonymous variant|non-coding transcript variant	Benign/Likely benign	Mar 28, 2024	criteria provided, multiple submitters, no conflicts							
NM_000038.6(APC):c.4971A>G (p.Leu1657=)	APC		Classic or attenuated familial adenomatous polyposis|Hereditary cancer-predisposing syndrome|Familial adenomatous polyposis 1	VCV001133902	5	112176262	5	112840565	1133902	1115183	rs2149928876	NC_000005.10:112840564:A:G	single nucleotide variant	synonymous variant	Benign/Likely benign	Jul 19, 2024	criteria provided, multiple submitters, no conflicts							
NM_000038.6(APC):c.4977T>C (p.Asp1659=)	APC		Hereditary cancer-predisposing syndrome|Familial adenomatous polyposis 1	VCV003148002	5	112176268	5	112840571	3148002	3307250	rs2149929011	NC_000005.10:112840570:T:C	single nucleotide variant	synonymous variant|non-coding transcript variant	Benign/Likely benign	Mar 28, 2024	criteria provided, multiple submitters, no conflicts							
NM_000038.6(APC):c.4978C>T (p.Leu1660=)	APC		Familial adenomatous polyposis 1|Hereditary cancer-predisposing syndrome	VCV001121855	5	112176269	5	112840572	1121855	1115184	rs767271480	NC_000005.10:112840571:C:T	single nucleotide variant	synonymous variant	Benign/Likely benign	Jul 2, 2025	criteria provided, multiple submitters, no conflicts							
NM_000038.6(APC):c.4980A>G (p.Leu1660=)	APC		not specified|Hereditary cancer-predisposing syndrome|Familial adenomatous polyposis 1	VCV000215566	5	112176271	5	112840574	215566	212433	rs863224283	NC_000005.10:112840573:A:G	single nucleotide variant	synonymous variant	Benign/Likely benign	May 30, 2026	criteria provided, multiple submitters, no conflicts							
NM_000038.6(APC):c.4983A>C (p.Thr1661=)	APC		Hereditary cancer-predisposing syndrome|Familial adenomatous polyposis 1	VCV003148134	5	112176274	5	112840577	3148134	3307382	rs1765819907	NC_000005.10:112840576:A:C	single nucleotide variant	synonymous variant|non-coding transcript variant	Benign/Likely benign	Jun 1, 2025	criteria provided, multiple submitters, no conflicts							
NM_000038.6(APC):c.4986C>A (p.Ile1662=)	APC		Familial adenomatous polyposis 1	VCV003148131	5	112176277	5	112840580	3148131	3307379	rs876658910	NC_000005.10:112840579:C:A	single nucleotide variant	non-coding transcript variant|synonymous variant	Benign	Mar 28, 2024	criteria provided, single submitter							
NM_000038.6(APC):c.4986C>T (p.Ile1662=)	APC		not provided|Familial adenomatous polyposis 1|Hereditary cancer-predisposing syndrome|Classic or attenuated familial adenomatous polyposis|not specified	VCV000231025	5	112176277	5	112840580	231025	233124	rs876658910	NC_000005.10:112840579:C:T	single nucleotide variant	synonymous variant	Benign/Likely benign	Oct 7, 2025	criteria provided, multiple submitters, no conflicts							
NM_000038.6(APC):c.4987G>T (p.Glu1663Ter)	APC	E1645*, E1663*, E1604*, E1638*, E1562*, E1572*, E1622*, E1673*, E1681*, E1380*, E1503*, E1635*, E1537*	Familial multiple polyposis syndrome|Familial adenomatous polyposis 1	VCV000236611	5	112176278	5	112840581	236611	239583	rs758987855	NC_000005.10:112840580:G:T	single nucleotide variant	nonsense	Pathogenic	Sep 4, 2025	criteria provided, multiple submitters, no conflicts							
NM_000038.6(APC):c.4989A>G (p.Glu1663=)	APC		Hereditary cancer-predisposing syndrome|Familial adenomatous polyposis 1	VCV000215567	5	112176280	5	112840583	215567	212435	rs863224284	NC_000005.10:112840582:A:G	single nucleotide variant	synonymous variant	Benign/Likely benign	Jul 30, 2025	criteria provided, multiple submitters, no conflicts							
NM_000038.6(APC):c.4992C>T (p.Ser1664=)	APC		Hereditary cancer-predisposing syndrome|Familial adenomatous polyposis 1	VCV000070120	5	112176283	5	112840586	70120	81011	rs138743276	NC_000005.10:112840585:C:T	single nucleotide variant	synonymous variant	Benign/Likely benign	Mar 28, 2024	criteria provided, multiple submitters, no conflicts							
NM_000038.6(APC):c.4995T>C (p.Pro1665=)	APC		Familial adenomatous polyposis 1	VCV003148806	5	112176286	5	112840589	3148806	3308054	rs2533613615	NC_000005.10:112840588:T:C	single nucleotide variant	synonymous variant|non-coding transcript variant	Benign/Likely benign	Oct 8, 2025	criteria provided, multiple submitters, no conflicts							
NM_000038.6(APC):c.4995T>G (p.Pro1665=)	APC		Hereditary cancer-predisposing syndrome|Familial adenomatous polyposis 1	VCV002566966	5	112176286	5	112840589	2566966	2732627	rs2533613615	NC_000005.10:112840588:T:G	single nucleotide variant	synonymous variant|non-coding transcript variant	Benign/Likely benign	Mar 28, 2024	criteria provided, multiple submitters, no conflicts							
NM_000038.6(APC):c.4998A>G (p.Pro1666=)	APC		Familial adenomatous polyposis 1|Hereditary cancer-predisposing syndrome	VCV003148763	5	112176289	5	112840592	3148763	3308011	rs2149929465	NC_000005.10:112840591:A:G	single nucleotide variant	synonymous variant|non-coding transcript variant	Benign/Likely benign	Jan 26, 2025	criteria provided, multiple submitters, no conflicts							
NM_000038.6(APC):c.5020G>T (p.Gly1674Ter)	APC	G1290*, G1548*, G1646*, G1514*, G1591*, G1615*, G1702*, G1573*, G1664*, G1667*, G1674*, G1692*, G1391*, G1545*, G1583*, G1633*, G1649*, G1656*, G1684*	Familial adenomatous polyposis 1	VCV002040107	5	112176311	5	112840614	2040107	2101878	rs899555020	NC_000005.10:112840613:G:T	single nucleotide variant	nonsense	Pathogenic	Dec 22, 2021	criteria provided, single submitter							
NM_000038.6(APC):c.5022A>G (p.Gly1674=)	APC		Hereditary cancer-predisposing syndrome|Familial adenomatous polyposis 1	VCV000756364	5	112176313	5	112840616	756364	764711	rs1580655351	NC_000005.10:112840615:A:G	single nucleotide variant	synonymous variant	Benign/Likely benign	Jul 18, 2024	criteria provided, multiple submitters, no conflicts							
NM_000038.6(APC):c.5025T>G (p.Val1675=)	APC		Classic or attenuated familial adenomatous polyposis|Hereditary cancer-predisposing syndrome|not specified|not provided|Familial adenomatous polyposis 1	VCV000229746	5	112176316	5	112840619	229746	233125	rs876658169	NC_000005.10:112840618:T:G	single nucleotide variant	synonymous variant	Benign/Likely benign	Apr 1, 2026	criteria provided, multiple submitters, no conflicts							
NM_000038.6(APC):c.[5026A>G;7399C>A]	APC	R1676G, R1658G, R1694G, R1550G, R1575G, R1516G, R1651G, R1686G, R1393G, R1585G, R1617G, R1635G, R1648G, P2467T, P2449T, P2184T, P2341T, P2376T, P2408T, P2439T, P2307T, P2426T, P2477T, P2366T, P2442T, P2485T	not specified	VCV003063816	5|5	112176317	5|5	112840620	3063816	132759|132775	rs370560998|rs372305287	NC_000005.10:112840619:A:G|NC_000005.10:112842992:C:A	Haplotype	missense variant	Benign	Jan 9, 2024	criteria provided, single submitter							
NM_000038.6(APC):c.5027G>C (p.Arg1676Thr)	APC	R1658T, R1676T, R1516T, R1585T, R1694T, R1393T, R1617T, R1635T, R1651T, R1648T, R1686T, R1550T, R1575T	Classic or attenuated familial adenomatous polyposis|Hereditary cancer-predisposing syndrome|not specified|not provided|Familial adenomatous polyposis 1	VCV000141548	5	112176318	5	112840621	141548	151262	rs143674116	NC_000005.10:112840620:G:C	single nucleotide variant	missense variant	Benign/Likely benign	Jan 27, 2026	criteria provided, multiple submitters, no conflicts							
NM_000038.6(APC):c.5029G>T (p.Gly1677Ter)	APC	G1551*, G1618*, G1677*, G1695*, G1517*, G1576*, G1636*, G1649*, G1652*, G1687*, G1659*, G1394*, G1586*	Familial adenomatous polyposis 1	VCV001390510	5	112176320	5	112840623	1390510	1396683	rs2149930219	NC_000005.10:112840622:G:T	single nucleotide variant	nonsense	Pathogenic	May 12, 2023	criteria provided, multiple submitters, no conflicts							
NM_000038.6(APC):c.5034G>A (p.Gly1678=)	APC		APC-Associated Polyposis Disorders|Hereditary cancer-predisposing syndrome|not specified|not provided|Familial adenomatous polyposis 1	VCV000042243	5	112176325	5	112840628	42243	51413	rs42427	NC_000005.10:112840627:G:A	single nucleotide variant	synonymous variant	Benign	Feb 4, 2026	criteria provided, multiple submitters, no conflicts							
NM_000038.6(APC):c.5037A>G (p.Ala1679=)	APC		Hereditary cancer-predisposing syndrome|Familial adenomatous polyposis 1	VCV001744920	5	112176328	5	112840631	1744920	1805766	rs1765833243	NC_000005.10:112840630:A:G	single nucleotide variant	synonymous variant|non-coding transcript variant	Benign/Likely benign	Mar 28, 2024	criteria provided, multiple submitters, no conflicts							
NM_000038.6(APC):c.5043A>G (p.Ser1681=)	APC		Hereditary cancer-predisposing syndrome|not provided|Familial adenomatous polyposis 1	VCV000825395	5	112176334	5	112840637	825395	808103	rs755065310	NC_000005.10:112840636:A:G	single nucleotide variant	synonymous variant	Benign/Likely benign	Nov 12, 2025	criteria provided, multiple submitters, no conflicts							
NM_000038.6(APC):c.5046T>C (p.Gly1682=)	APC		Familial adenomatous polyposis 1	VCV003148425	5	112176337	5	112840640	3148425	3307673	rs2149930644	NC_000005.10:112840639:T:C	single nucleotide variant	synonymous variant|non-coding transcript variant	Benign	Mar 28, 2024	criteria provided, single submitter							
NM_000038.6(APC):c.5052T>C (p.Phe1684=)	APC		APC-related disorder|Hereditary cancer-predisposing syndrome|Familial adenomatous polyposis 1	VCV000469988	5	112176343	5	112840646	469988	454495	rs1489564235	NC_000005.10:112840645:T:C	single nucleotide variant	synonymous variant	Benign/Likely benign	Apr 24, 2026	criteria provided, multiple submitters, no conflicts							
NM_000038.6(APC):c.5059C>T (p.Arg1687Ter)	APC	R1669*, R1687*, R1646*, R1705*, R1404*, R1659*, R1697*, R1561*, R1586*, R1527*, R1596*, R1628*, R1662*	Familial adenomatous polyposis 1	VCV000537468	5	112176350	5	112840653	537468	520797	rs1554086415	NC_000005.10:112840652:C:T	single nucleotide variant	nonsense	Pathogenic	Jul 7, 2023	criteria provided, single submitter							
NM_000038.6(APC):c.5061A>G (p.Arg1687=)	APC		Familial adenomatous polyposis 1	VCV003148008	5	112176352	5	112840655	3148008	3307256	rs2149931007	NC_000005.10:112840654:A:G	single nucleotide variant	synonymous variant|non-coding transcript variant	Benign	Mar 28, 2024	criteria provided, single submitter							
NM_000038.6(APC):c.5064T>C (p.Asp1688=)	APC		Familial adenomatous polyposis 1|Hereditary cancer-predisposing syndrome	VCV002452765	5	112176355	5	112840658	2452765	2433747	rs1161046076	NC_000005.10:112840657:T:C	single nucleotide variant	synonymous variant|non-coding transcript variant	Benign/Likely benign	Apr 9, 2025	criteria provided, multiple submitters, no conflicts							
NM_000038.6(APC):c.5067C>G (p.Thr1689=)	APC		Familial adenomatous polyposis 1	VCV000537635	5	112176358	5	112840661	537635	520346	rs1554086427	NC_000005.10:112840660:C:G	single nucleotide variant	synonymous variant	Benign/Likely benign	Mar 28, 2024	criteria provided, multiple submitters, no conflicts							
NM_000038.6(APC):c.5067C>T (p.Thr1689=)	APC		Familial adenomatous polyposis 1|Hereditary cancer-predisposing syndrome	VCV000486756	5	112176358	5	112840661	486756	473870	rs1554086427	NC_000005.10:112840660:C:T	single nucleotide variant	synonymous variant	Benign/Likely benign	Mar 28, 2024	criteria provided, multiple submitters, no conflicts							
NM_000038.6(APC):c.5073T>C (p.Pro1691=)	APC		Familial adenomatous polyposis 1	VCV003148073	5	112176364	5	112840667	3148073	3307321	rs2149931310	NC_000005.10:112840666:T:C	single nucleotide variant	synonymous variant|non-coding transcript variant	Benign	Mar 28, 2024	criteria provided, single submitter							
NM_000038.6(APC):c.5076A>G (p.Thr1692=)	APC		Familial adenomatous polyposis 1	VCV003148044	5	112176367	5	112840670	3148044	3307292	rs2149931403	NC_000005.10:112840669:A:G	single nucleotide variant	synonymous variant|non-coding transcript variant	Benign	Mar 28, 2024	criteria provided, single submitter							
NM_000038.6(APC):c.5077G>T (p.Glu1693Ter)	APC	E1309*, E1410*, E1533*, E1564*, E1567*, E1592*, E1602*, E1610*, E1634*, E1652*, E1665*, E1668*, E1675*, E1683*, E1686*, E1693*, E1703*, E1711*, E1721*	Familial adenomatous polyposis 1	VCV003772920	5	112176368	5	112840671	3772920	3889070		NC_000005.10:112840670:G:T	single nucleotide variant	nonsense|non-coding transcript variant	Pathogenic	Nov 12, 2024	criteria provided, single submitter							
NM_000038.6(APC):c.5083A>T (p.Arg1695Ter)	APC	R1311*, R1412*, R1535*, R1566*, R1569*, R1594*, R1604*, R1612*, R1636*, R1654*, R1667*, R1670*, R1677*, R1685*, R1688*, R1695*, R1705*, R1713*, R1723*	Familial adenomatous polyposis 1	VCV002583246	5	112176374	5	112840677	2583246	2750817	rs555019540	NC_000005.10:112840676:A:T	single nucleotide variant	nonsense|non-coding transcript variant	Pathogenic	May 12, 2023	criteria provided, single submitter							
NM_000038.6(APC):c.5088T>C (p.Ser1696=)	APC		Familial adenomatous polyposis 1|Hereditary cancer-predisposing syndrome	VCV002775145	5	112176379	5	112840682	2775145	2935869	rs2149931692	NC_000005.10:112840681:T:C	single nucleotide variant	synonymous variant|non-coding transcript variant	Benign/Likely benign	Mar 28, 2024	criteria provided, multiple submitters, no conflicts							
NM_000038.6(APC):c.5091A>G (p.Thr1697=)	APC		Familial adenomatous polyposis 1	VCV003148309	5	112176382	5	112840685	3148309	3307557	rs1765844168	NC_000005.10:112840684:A:G	single nucleotide variant	synonymous variant|non-coding transcript variant	Benign	Mar 28, 2024	criteria provided, single submitter							
NM_000038.6(APC):c.5097G>A (p.Glu1699=)	APC		Hereditary cancer-predisposing syndrome|not specified|Familial adenomatous polyposis 1	VCV000633045	5	112176388	5	112840691	633045	621188	rs1561597648	NC_000005.10:112840690:G:A	single nucleotide variant	synonymous variant	Benign/Likely benign	Sep 3, 2025	criteria provided, multiple submitters, no conflicts							
NM_000038.6(APC):c.5100T>C (p.Ala1700=)	APC		Hereditary cancer-predisposing syndrome|Familial adenomatous polyposis 1	VCV001745356	5	112176391	5	112840694	1745356	1802409	rs2149932007	NC_000005.10:112840693:T:C	single nucleotide variant	synonymous variant|non-coding transcript variant	Benign/Likely benign	Mar 28, 2024	criteria provided, multiple submitters, no conflicts							
NM_000038.6(APC):c.5101C>T (p.Gln1701Ter)	APC	Q1610*, Q1660*, Q1683*, Q1541*, Q1575*, Q1600*, Q1676*, Q1711*, Q1418*, Q1701*, Q1642*, Q1673*, Q1719*	Familial adenomatous polyposis 1|Familial multiple polyposis syndrome	VCV000853623	5	112176392	5	112840695	853623	829746	rs1561597691	NC_000005.10:112840694:C:T	single nucleotide variant	nonsense	Pathogenic	Apr 19, 2019	criteria provided, multiple submitters, no conflicts							
NM_000038.6(APC):c.5106A>C (p.Gly1702=)	APC		Familial adenomatous polyposis 1|Hereditary cancer-predisposing syndrome	VCV003148071	5	112176397	5	112840700	3148071	3307319	rs2533621358	NC_000005.10:112840699:A:C	single nucleotide variant	synonymous variant|non-coding transcript variant	Benign/Likely benign	Oct 29, 2025	criteria provided, multiple submitters, no conflicts							
NM_000038.6(APC):c.5110A>T (p.Lys1704Ter)	APC	K1613*, K1621*, K1676*, K1704*, K1320*, K1421*, K1575*, K1697*, K1722*, K1544*, K1603*, K1663*, K1679*, K1694*, K1714*, K1578*, K1645*, K1686*, K1732*	Familial adenomatous polyposis 1	VCV002038624	5	112176401	5	112840704	2038624	2101692	rs2149932254	NC_000005.10:112840703:A:T	single nucleotide variant	nonsense	Pathogenic	Sep 23, 2024	criteria provided, single submitter							
NM_000038.6(APC):c.5115C>T (p.Thr1705=)	APC		Hereditary cancer-predisposing syndrome|Familial adenomatous polyposis 1	VCV000490292	5	112176406	5	112840709	490292	483833	rs373698193	NC_000005.10:112840708:C:T	single nucleotide variant	synonymous variant	Benign/Likely benign	Sep 23, 2024	criteria provided, multiple submitters, no conflicts							
NM_000038.6(APC):c.5121T>C (p.Ser1707=)	APC		Hereditary cancer-predisposing syndrome|Familial adenomatous polyposis 1	VCV001655480	5	112176412	5	112840715	1655480	1615830	rs2149932558	NC_000005.10:112840714:T:C	single nucleotide variant	synonymous variant	Benign/Likely benign	Mar 28, 2024	criteria provided, multiple submitters, no conflicts							
NM_000038.6(APC):c.5127C>G (p.Thr1709=)	APC		Familial adenomatous polyposis 1	VCV001118255	5	112176418	5	112840721	1118255	1093652	rs2149932701	NC_000005.10:112840720:C:G	single nucleotide variant	synonymous variant	Benign/Likely benign	Mar 28, 2024	criteria provided, multiple submitters, no conflicts							
NM_000038.6(APC):c.5133T>C (p.Pro1711=)	APC		Hereditary cancer-predisposing syndrome|Familial adenomatous polyposis 1	VCV001613755	5	112176424	5	112840727	1613755	1536510	rs764152659	NC_000005.10:112840726:T:C	single nucleotide variant	synonymous variant	Benign/Likely benign	Mar 28, 2024	criteria provided, multiple submitters, no conflicts							
NM_000038.6(APC):c.5136A>G (p.Glu1712=)	APC		Familial adenomatous polyposis 1	VCV000469992	5	112176427	5	112840730	469992	454207	rs573531013	NC_000005.10:112840729:A:G	single nucleotide variant	synonymous variant	Benign/Likely benign	Apr 1, 2024	criteria provided, multiple submitters, no conflicts							
NM_000038.6(APC):c.5137T>C (p.Leu1713=)	APC		Familial adenomatous polyposis 1|Hereditary cancer-predisposing syndrome	VCV000490293	5	112176428	5	112840731	490293	483837	rs1554086476	NC_000005.10:112840730:T:C	single nucleotide variant	synonymous variant	Benign/Likely benign	Apr 1, 2024	criteria provided, multiple submitters, no conflicts							
NM_000038.6(APC):c.5139G>A (p.Leu1713=)	APC		Familial adenomatous polyposis 1|Hereditary cancer-predisposing syndrome	VCV002452763	5	112176430	5	112840733	2452763	2433745	rs2149932958	NC_000005.10:112840732:G:A	single nucleotide variant	synonymous variant|non-coding transcript variant	Benign/Likely benign	Apr 1, 2024	criteria provided, multiple submitters, no conflicts							
NM_000038.6(APC):c.5142T>C (p.Asp1714=)	APC		Hereditary cancer-predisposing syndrome|Familial adenomatous polyposis 1	VCV001745615	5	112176433	5	112840736	1745615	1802667	rs1765857302	NC_000005.10:112840735:T:C	single nucleotide variant	synonymous variant|non-coding transcript variant	Benign/Likely benign	Apr 1, 2024	criteria provided, multiple submitters, no conflicts							
NM_000038.6(APC):c.5145C>T (p.Asp1715=)	APC		Hereditary cancer-predisposing syndrome|Familial adenomatous polyposis 1|Classic or attenuated familial adenomatous polyposis	VCV000485133	5	112176436	5	112840739	485133	473793	rs1391225195	NC_000005.10:112840738:C:T	single nucleotide variant	synonymous variant	Benign/Likely benign	Apr 1, 2024	criteria provided, multiple submitters, no conflicts							
NM_000038.6(APC):c.5155G>T (p.Glu1719Ter)	APC	E1436*, E1618*, E1712*, E1737*, E1590*, E1709*, E1747*, E1335*, E1559*, E1593*, E1628*, E1678*, E1729*, E1636*, E1660*, E1691*, E1694*, E1701*, E1719*	Hereditary cancer-predisposing syndrome|Familial adenomatous polyposis 1	VCV002447195	5	112176446	5	112840749	2447195	2422318	rs2149933395	NC_000005.10:112840748:G:T	single nucleotide variant	nonsense|non-coding transcript variant	Pathogenic/Likely pathogenic	Oct 24, 2025	criteria provided, multiple submitters, no conflicts							
NM_000038.6(APC):c.5166T>C (p.Asp1722=)	APC		Familial adenomatous polyposis 1	VCV003254459	5	112176457	5	112840760	3254459	3413237	rs2149933656	NC_000005.10:112840759:T:C	single nucleotide variant	synonymous variant|non-coding transcript variant	Benign	Apr 1, 2024	criteria provided, single submitter							
NM_000038.6(APC):c.5172T>G (p.Leu1724=)	APC		Familial adenomatous polyposis 1	VCV003254015	5	112176463	5	112840766	3254015	3412796	rs2149933796	NC_000005.10:112840765:T:G	single nucleotide variant	synonymous variant|non-coding transcript variant	Benign	Apr 1, 2024	criteria provided, single submitter							
NM_000038.6(APC):c.5178A>G (p.Glu1726=)	APC		Classic or attenuated familial adenomatous polyposis|Hereditary cancer-predisposing syndrome|not provided|Familial adenomatous polyposis 1	VCV000184975	5	112176469	5	112840772	184975	182411	rs368494571	NC_000005.10:112840771:A:G	single nucleotide variant	synonymous variant	Benign/Likely benign	Nov 5, 2025	criteria provided, multiple submitters, no conflicts							
NM_000038.6(APC):c.5181C>T (p.Cys1727=)	APC		APC-related disorder|Classic or attenuated familial adenomatous polyposis|not specified|Hereditary cancer-predisposing syndrome|Familial adenomatous polyposis 1	VCV000490296	5	112176472	5	112840775	490296	483987	rs1554086499	NC_000005.10:112840774:C:T	single nucleotide variant	synonymous variant	Benign/Likely benign	Mar 17, 2026	criteria provided, multiple submitters, no conflicts							
NM_000038.6(APC):c.5193T>A (p.Ala1731=)	APC		Familial adenomatous polyposis 1	VCV003253869	5	112176484	5	112840787	3253869	3412650	rs2149934328	NC_000005.10:112840786:T:A	single nucleotide variant	synonymous variant|non-coding transcript variant	Benign	Apr 1, 2024	criteria provided, single submitter							
NM_000038.6(APC):c.5205G>C (p.Gly1735=)	APC		Hereditary cancer-predisposing syndrome|Familial adenomatous polyposis 1|Classic or attenuated familial adenomatous polyposis|not provided	VCV000704734	5	112176496	5	112840799	704734	691648	rs1580657367	NC_000005.10:112840798:G:C	single nucleotide variant	synonymous variant	Benign/Likely benign	Sep 3, 2025	criteria provided, multiple submitters, no conflicts							
NM_000038.6(APC):c.5208A>G (p.Lys1736=)	APC		Familial adenomatous polyposis 1|not provided|Hereditary cancer-predisposing syndrome	VCV000668545	5	112176499	5	112840802	668545	655624	rs757577924	NC_000005.10:112840801:A:G	single nucleotide variant	synonymous variant	Benign/Likely benign	Oct 14, 2025	criteria provided, multiple submitters, no conflicts							
NM_000038.6(APC):c.5217G>A (p.Lys1739=)	APC		Familial adenomatous polyposis 1	VCV000793425	5	112176508	5	112840811	793425	782088	rs1580657520	NC_000005.10:112840810:G:A	single nucleotide variant	synonymous variant	Benign/Likely benign	Apr 1, 2024	criteria provided, multiple submitters, no conflicts							
NM_000038.6(APC):c.5220T>G (p.Pro1740=)	APC		Familial adenomatous polyposis 1	VCV003254085	5	112176511	5	112840814	3254085	3412865	rs2149935019	NC_000005.10:112840813:T:G	single nucleotide variant	synonymous variant|non-coding transcript variant	Benign	Apr 1, 2024	criteria provided, single submitter							
NM_000038.6(APC):c.5220T>A (p.Pro1740=)	APC		Familial adenomatous polyposis 1	VCV003253843	5	112176511	5	112840814	3253843	3412624	rs2149935019	NC_000005.10:112840813:T:A	single nucleotide variant	synonymous variant|non-coding transcript variant	Benign	Apr 1, 2024	criteria provided, single submitter							
NM_000038.6(APC):c.5232A>G (p.Lys1744=)	APC		not provided|Familial adenomatous polyposis 1|Hereditary cancer-predisposing syndrome	VCV000378954	5	112176523	5	112840826	378954	368141	rs1057520431	NC_000005.10:112840825:A:G	single nucleotide variant	synonymous variant	Benign/Likely benign	Dec 3, 2025	criteria provided, multiple submitters, no conflicts							
NM_000038.6(APC):c.5235G>A (p.Lys1745=)	APC		Hereditary cancer-predisposing syndrome|Familial adenomatous polyposis 1	VCV003254322	5	112176526	5	112840829	3254322	3413101	rs2149935380	NC_000005.10:112840828:G:A	single nucleotide variant	synonymous variant|non-coding transcript variant	Benign/Likely benign	Sep 7, 2025	criteria provided, multiple submitters, no conflicts							
NM_000038.6(APC):c.5247G>A (p.Gln1749=)	APC		Hereditary cancer-predisposing syndrome|Familial adenomatous polyposis 1	VCV000628135	5	112176538	5	112840841	628135	617176	rs1397709973	NC_000005.10:112840840:G:A	single nucleotide variant	synonymous variant	Benign/Likely benign	Apr 1, 2024	criteria provided, multiple submitters, no conflicts							
NM_000038.6(APC):c.5249T>C (p.Val1750Ala)	APC	V1621A, V1624A, V1691A, V1725A, V1740A, V1750A, V1768A, V1467A, V1590A, V1778A, V1649A, V1709A, V1366A, V1659A, V1667A, V1722A, V1732A, V1743A, V1760A	Hereditary cancer-predisposing syndrome	VCV001746329	5	112176540	5	112840843	1746329	1809818	rs1437302454	NC_000005.10:112840842:T:C	single nucleotide variant	missense variant	Benign	Apr 15, 2024	criteria provided, single submitter							
NM_000038.6(APC):c.5250C>T (p.Val1750=)	APC		Classic or attenuated familial adenomatous polyposis|not specified|Hereditary cancer-predisposing syndrome|not provided|Familial adenomatous polyposis 1	VCV000184668	5	112176541	5	112840844	184668	182414	rs2229997	NC_000005.10:112840843:C:T	single nucleotide variant	synonymous variant	Benign/Likely benign	Feb 1, 2026	criteria provided, multiple submitters, no conflicts							
NM_000038.6(APC):c.5250C>G (p.Val1750=)	APC		APC-Associated Polyposis Disorders|Hereditary cancer-predisposing syndrome|not specified|not provided|Familial adenomatous polyposis 1	VCV000136410	5	112176541	5	112840844	136410	140113	rs2229997	NC_000005.10:112840843:C:G	single nucleotide variant	synonymous variant	Benign/Likely benign	Feb 2, 2026	criteria provided, multiple submitters, no conflicts							
NM_000038.6(APC):c.5253G>A (p.Gln1751=)	APC		Hereditary cancer-predisposing syndrome|Familial adenomatous polyposis 1	VCV000537623	5	112176544	5	112840847	537623	520799	rs1554086570	NC_000005.10:112840846:G:A	single nucleotide variant	synonymous variant	Benign/Likely benign	Feb 3, 2026	criteria provided, multiple submitters, no conflicts							
NM_000038.6(APC):c.5256A>G (p.Gln1752=)	APC		Familial adenomatous polyposis 1	VCV003254515	5	112176547	5	112840850	3254515	3413293	rs2149935871	NC_000005.10:112840849:A:G	single nucleotide variant	synonymous variant|non-coding transcript variant	Benign	Apr 1, 2024	criteria provided, single submitter							
NM_000038.6(APC):c.5259A>G (p.Ala1753=)	APC		Hereditary cancer-predisposing syndrome|Familial adenomatous polyposis 1	VCV001746398	5	112176550	5	112840853	1746398	1809886	rs2533632045	NC_000005.10:112840852:A:G	single nucleotide variant	synonymous variant|non-coding transcript variant	Benign/Likely benign	Apr 29, 2025	criteria provided, multiple submitters, no conflicts							
NM_000038.6(APC):c.5262T>A (p.Ser1754=)	APC		Familial adenomatous polyposis 1|Hereditary cancer-predisposing syndrome	VCV000232511	5	112176553	5	112840856	232511	233138	rs876659812	NC_000005.10:112840855:T:A	single nucleotide variant	synonymous variant	Benign/Likely benign	Jun 9, 2025	criteria provided, multiple submitters, no conflicts							
NM_000038.6(APC):c.5265G>T (p.Ala1755=)	APC		Hereditary cancer-predisposing syndrome|Familial adenomatous polyposis 1	VCV001114115	5	112176556	5	112840859	1114115	1093653	rs34506289	NC_000005.10:112840858:G:T	single nucleotide variant	synonymous variant	Benign/Likely benign	Jun 4, 2025	criteria provided, multiple submitters, no conflicts							
NM_000038.6(APC):c.5265G>A (p.Ala1755=)	APC		APC-Associated Polyposis Disorders|Hereditary cancer-predisposing syndrome|not specified|not provided|Familial adenomatous polyposis 1	VCV000042244	5	112176556	5	112840859	42244	51414	rs34506289	NC_000005.10:112840858:G:A	single nucleotide variant	synonymous variant	Benign/Likely benign	Jun 1, 2026	criteria provided, multiple submitters, no conflicts							
NM_000038.6(APC):c.5268T>A (p.Ser1756=)	APC		APC-Associated Polyposis Disorders|Hereditary cancer-predisposing syndrome|not specified|not provided|Familial adenomatous polyposis 1	VCV000186718	5	112176559	5	112840862	186718	182416	rs866006	NC_000005.10:112840861:T:A	single nucleotide variant	synonymous variant	Benign/Likely benign	May 1, 2026	criteria provided, multiple submitters, no conflicts							
NM_000038.6(APC):c.5268T>G (p.Ser1756=)	APC		APC-Associated Polyposis Disorders|Hereditary cancer-predisposing syndrome|not specified|not provided|Familial adenomatous polyposis 1	VCV000042245	5	112176559	5	112840862	42245	51415	rs866006	NC_000005.10:112840861:T:G	single nucleotide variant	synonymous variant	Benign	Feb 4, 2026	criteria provided, multiple submitters, no conflicts							
NM_000038.6(APC):c.5271T>C (p.Ser1757=)	APC		Classic or attenuated familial adenomatous polyposis|Hereditary cancer-predisposing syndrome|not specified|not provided|Familial adenomatous polyposis 1|Desmoid disease, hereditary	VCV000184535	5	112176562	5	112840865	184535	182417	rs752875511	NC_000005.10:112840864:T:C	single nucleotide variant	synonymous variant	Benign/Likely benign	Feb 1, 2026	criteria provided, multiple submitters, no conflicts							
NM_000038.6(APC):c.5274T>C (p.Ser1758=)	APC		Familial adenomatous polyposis 1|Hereditary cancer-predisposing syndrome	VCV001172185	5	112176565	5	112840868	1172185	1160575	rs199600387	NC_000005.10:112840867:T:C	single nucleotide variant	synonymous variant	Benign/Likely benign	Apr 1, 2024	criteria provided, multiple submitters, no conflicts							
NM_000038.6(APC):c.5274T>A (p.Ser1758=)	APC		Hereditary cancer-predisposing syndrome|not specified|not provided|Familial adenomatous polyposis 1	VCV000142238	5	112176565	5	112840868	142238	151952	rs199600387	NC_000005.10:112840867:T:A	single nucleotide variant	synonymous variant	Benign/Likely benign	Feb 1, 2026	criteria provided, multiple submitters, no conflicts							
NM_000038.6(APC):c.5277A>G (p.Ala1759=)	APC		Familial adenomatous polyposis 1|Hereditary cancer-predisposing syndrome	VCV003230713	5	112176568	5	112840871	3230713	3382557	rs2533633460	NC_000005.10:112840870:A:G	single nucleotide variant	synonymous variant|non-coding transcript variant	Benign/Likely benign	Apr 1, 2024	criteria provided, multiple submitters, no conflicts							
NM_000038.6(APC):c.5280C>T (p.Pro1760=)	APC		Familial adenomatous polyposis 1	VCV003253980	5	112176571	5	112840874	3253980	3412761	rs1554086592	NC_000005.10:112840873:C:T	single nucleotide variant	synonymous variant|non-coding transcript variant	Benign	Apr 1, 2024	criteria provided, single submitter							
NM_000038.6(APC):c.5280C>A (p.Pro1760=)	APC		Familial adenomatous polyposis 1|Hereditary cancer-predisposing syndrome	VCV000490300	5	112176571	5	112840874	490300	483842	rs1554086592	NC_000005.10:112840873:C:A	single nucleotide variant	synonymous variant	Benign/Likely benign	Apr 1, 2024	criteria provided, multiple submitters, no conflicts							
NM_000038.6(APC):c.5283C>T (p.Asn1761=)	APC		Hereditary cancer-predisposing syndrome|Familial adenomatous polyposis 1	VCV000469996	5	112176574	5	112840877	469996	454822	rs933729249	NC_000005.10:112840876:C:T	single nucleotide variant	synonymous variant	Benign/Likely benign	Jul 21, 2025	criteria provided, multiple submitters, no conflicts							
NM_000038.6(APC):c.5292G>A (p.Gln1764=)	APC		Hereditary cancer-predisposing syndrome|Familial adenomatous polyposis 1	VCV003254033	5	112176583	5	112840886	3254033	3412814	rs876660722	NC_000005.10:112840885:G:A	single nucleotide variant	synonymous variant|non-coding transcript variant	Benign/Likely benign	Dec 8, 2024	criteria provided, multiple submitters, no conflicts							
NM_000038.6(APC):c.5298T>C (p.Asp1766=)	APC		Hereditary cancer-predisposing syndrome|not specified|not provided|Familial adenomatous polyposis 1	VCV000380749	5	112176589	5	112840892	380749	368145	rs781533317	NC_000005.10:112840891:T:C	single nucleotide variant	synonymous variant	Benign/Likely benign	Jan 26, 2026	criteria provided, multiple submitters, no conflicts							
NM_000038.6(APC):c.5316A>G (p.Pro1772=)	APC		Hereditary cancer-predisposing syndrome|Familial adenomatous polyposis 1	VCV000925224	5	112176607	5	112840910	925224	910004	rs1765922293	NC_000005.10:112840909:A:G	single nucleotide variant	synonymous variant	Benign/Likely benign	Nov 17, 2025	criteria provided, multiple submitters, no conflicts							
NM_000038.6(APC):c.5319T>A (p.Thr1773=)	APC		Familial adenomatous polyposis 1|Hereditary cancer-predisposing syndrome	VCV000469998	5	112176610	5	112840913	469998	453996	rs563219702	NC_000005.10:112840912:T:A	single nucleotide variant	synonymous variant	Benign/Likely benign	Jun 2, 2024	criteria provided, multiple submitters, no conflicts							
NM_000038.6(APC):c.5319T>C (p.Thr1773=)	APC		Classic or attenuated familial adenomatous polyposis|Hereditary cancer-predisposing syndrome|not specified|Familial adenomatous polyposis 1	VCV000236618	5	112176610	5	112840913	236618	239589	rs563219702	NC_000005.10:112840912:T:C	single nucleotide variant	synonymous variant	Benign/Likely benign	Jan 21, 2026	criteria provided, multiple submitters, no conflicts							
NM_000038.6(APC):c.5325A>C (p.Pro1775=)	APC		Hereditary cancer-predisposing syndrome|Familial adenomatous polyposis 1	VCV002759216	5	112176616	5	112840919	2759216	2917798	rs2149937554	NC_000005.10:112840918:A:C	single nucleotide variant	synonymous variant|non-coding transcript variant	Benign/Likely benign	Mar 15, 2026	criteria provided, multiple submitters, no conflicts							
NM_000038.6(APC):c.5328A>G (p.Val1776=)	APC		Familial adenomatous polyposis 1	VCV001146357	5	112176619	5	112840922	1146357	1136129	rs2149937593	NC_000005.10:112840921:A:G	single nucleotide variant	synonymous variant	Benign/Likely benign	Apr 1, 2024	criteria provided, multiple submitters, no conflicts							
NM_000038.6(APC):c.5340A>T (p.Pro1780=)	APC		Familial adenomatous polyposis 1	VCV003254144	5	112176631	5	112840934	3254144	3412923	rs2149937895	NC_000005.10:112840933:A:T	single nucleotide variant	synonymous variant|non-coding transcript variant	Benign	Apr 1, 2024	criteria provided, single submitter							
NM_000038.6(APC):c.5341C>T (p.Gln1781Ter)	APC	Q1763*, Q1781*, Q1621*, Q1655*, Q1753*, Q1756*, Q1498*, Q1680*, Q1690*, Q1722*, Q1740*, Q1791*, Q1799*	Familial adenomatous polyposis 1	VCV000469995	5	112176632	5	112840935	469995	453998	rs1554086653	NC_000005.10:112840934:C:T	single nucleotide variant	nonsense	Pathogenic	May 12, 2023	criteria provided, multiple submitters, no conflicts							
NM_000038.6(APC):c.5343A>G (p.Gln1781=)	APC		Hereditary cancer-predisposing syndrome|Classic or attenuated familial adenomatous polyposis|Familial adenomatous polyposis 1	VCV001746945	5	112176634	5	112840937	1746945	1806489	rs2149937953	NC_000005.10:112840936:A:G	single nucleotide variant	synonymous variant|non-coding transcript variant	Benign/Likely benign	Apr 1, 2024	criteria provided, multiple submitters, no conflicts							
NM_000038.6(APC):c.5352A>G (p.Glu1784=)	APC		Familial adenomatous polyposis 1	VCV002969929	5	112176643	5	112840946	2969929	3129020	rs2149938117	NC_000005.10:112840945:A:G	single nucleotide variant	synonymous variant|non-coding transcript variant	Benign/Likely benign	Apr 2, 2024	criteria provided, multiple submitters, no conflicts							
NM_000038.6(APC):c.5355T>C (p.Tyr1785=)	APC		Familial adenomatous polyposis 1	VCV001921085	5	112176646	5	112840949	1921085	1968774	rs2149938166	NC_000005.10:112840948:T:C	single nucleotide variant	synonymous variant|non-coding transcript variant	Benign/Likely benign	Apr 2, 2024	criteria provided, multiple submitters, no conflicts							
NM_000038.6(APC):c.5361A>T (p.Thr1787=)	APC		Familial adenomatous polyposis 1	VCV002697375	5	112176652	5	112840955	2697375	2864772	rs2149938317	NC_000005.10:112840954:A:T	single nucleotide variant	synonymous variant|non-coding transcript variant	Benign/Likely benign	Apr 2, 2024	criteria provided, multiple submitters, no conflicts							
NM_000038.6(APC):c.5364T>C (p.Arg1788=)	APC		Familial adenomatous polyposis 1	VCV003254523	5	112176655	5	112840958	3254523	3413301	rs2149938397	NC_000005.10:112840957:T:C	single nucleotide variant	synonymous variant|non-coding transcript variant	Benign	Apr 2, 2024	criteria provided, single submitter							
NM_000038.6(APC):c.5367A>C (p.Val1789=)	APC		Familial adenomatous polyposis 1	VCV003254206	5	112176658	5	112840961	3254206	3412985	rs1765934357	NC_000005.10:112840960:A:C	single nucleotide variant	synonymous variant|non-coding transcript variant	Benign	Apr 2, 2024	criteria provided, single submitter							
NM_000038.6(APC):c.5367A>G (p.Val1789=)	APC		Hereditary cancer-predisposing syndrome|Familial adenomatous polyposis 1	VCV001116355	5	112176658	5	112840961	1116355	1093654	rs1765934357	NC_000005.10:112840960:A:G	single nucleotide variant	synonymous variant	Benign/Likely benign	Apr 2, 2024	criteria provided, multiple submitters, no conflicts							
NM_000038.6(APC):c.5376T>C (p.Asn1792=)	APC		not provided|Hereditary cancer-predisposing syndrome|not specified|Familial adenomatous polyposis 1	VCV000378980	5	112176667	5	112840970	378980	367800	rs76364845	NC_000005.10:112840969:T:C	single nucleotide variant	synonymous variant	Benign/Likely benign	Jan 13, 2026	criteria provided, multiple submitters, no conflicts							
NM_000038.6(APC):c.5382C>T (p.Asp1794=)	APC		Familial adenomatous polyposis 1|Hereditary cancer-predisposing syndrome|not specified	VCV000490306	5	112176673	5	112840976	490306	483872	rs566370229	NC_000005.10:112840975:C:T	single nucleotide variant	synonymous variant	Benign/Likely benign	Oct 13, 2025	criteria provided, multiple submitters, no conflicts							
NM_000038.6(APC):c.5384C>G (p.Ser1795Ter)	APC	S1795*, S1777*, S1704*, S1512*, S1669*, S1694*, S1736*, S1754*, S1635*, S1767*, S1813*, S1770*, S1805*	not provided|Familial adenomatous polyposis 1	VCV000470004	5	112176675	5	112840978	470004	454831	rs1554086694	NC_000005.10:112840977:C:G	single nucleotide variant	nonsense	Pathogenic/Likely pathogenic	Aug 6, 2025	criteria provided, multiple submitters, no conflicts							
NM_000038.6(APC):c.5385A>G (p.Ser1795=)	APC		Hereditary cancer-predisposing syndrome|Familial adenomatous polyposis 1	VCV001747188	5	112176676	5	112840979	1747188	1802939	rs1561599781	NC_000005.10:112840978:A:G	single nucleotide variant	synonymous variant|non-coding transcript variant	Benign/Likely benign	Sep 18, 2025	criteria provided, multiple submitters, no conflicts							
NM_000038.6(APC):c.5391T>C (p.Asn1797=)	APC		Familial adenomatous polyposis 1	VCV003254460	5	112176682	5	112840985	3254460	3413238	rs2149938993	NC_000005.10:112840984:T:C	single nucleotide variant	synonymous variant|non-coding transcript variant	Benign/Likely benign	Sep 27, 2025	criteria provided, multiple submitters, no conflicts							
NM_000038.6(APC):c.5396T>G (p.Leu1799Ter)	APC	L1516*, L1670*, L1758*, L1771*, L1781*, L1817*, L1415*, L1698*, L1708*, L1774*, L1799*, L1827*, L1673*, L1716*, L1740*, L1789*, L1792*, L1639*, L1809*	Familial adenomatous polyposis 1	VCV002824923	5	112176687	5	112840990	2824923	2989425	rs2533641270	NC_000005.10:112840989:T:G	single nucleotide variant	nonsense|non-coding transcript variant	Pathogenic	Aug 25, 2023	criteria provided, single submitter							
NM_000038.6(APC):c.5400T>C (p.Asn1800=)	APC		Hereditary cancer-predisposing syndrome|Familial adenomatous polyposis 1	VCV000701367	5	112176691	5	112840994	701367	686570	rs376290290	NC_000005.10:112840993:T:C	single nucleotide variant	synonymous variant	Benign/Likely benign	Apr 2, 2024	criteria provided, multiple submitters, no conflicts							
NM_000038.6(APC):c.5403T>A (p.Ala1801=)	APC		Familial adenomatous polyposis 1	VCV003254175	5	112176694	5	112840997	3254175	3412954	rs750936426	NC_000005.10:112840996:T:A	single nucleotide variant	non-coding transcript variant|synonymous variant	Benign	Apr 2, 2024	criteria provided, single submitter							
NM_000038.6(APC):c.5403T>C (p.Ala1801=)	APC		not specified|Hereditary cancer-predisposing syndrome|Familial adenomatous polyposis 1	VCV000388133	5	112176694	5	112840997	388133	369348	rs750936426	NC_000005.10:112840996:T:C	single nucleotide variant	synonymous variant	Benign/Likely benign	Apr 2, 2024	criteria provided, multiple submitters, no conflicts							
NM_000038.6(APC):c.5409A>G (p.Arg1803=)	APC		Classic or attenuated familial adenomatous polyposis|Familial adenomatous polyposis 1|Hereditary cancer-predisposing syndrome	VCV000537601	5	112176700	5	112841003	537601	520816	rs766679576	NC_000005.10:112841002:A:G	single nucleotide variant	synonymous variant	Benign/Likely benign	Apr 2, 2024	criteria provided, multiple submitters, no conflicts							
NM_000038.6(APC):c.5421C>T (p.Asp1807=)	APC		Hereditary cancer-predisposing syndrome|Familial adenomatous polyposis 1	VCV000487055	5	112176712	5	112841015	487055	473839	rs753501921	NC_000005.10:112841014:C:T	single nucleotide variant	synonymous variant	Benign/Likely benign	Jul 21, 2025	criteria provided, multiple submitters, no conflicts							
NM_000038.6(APC):c.5432C>G (p.Ser1811Ter)	APC	S1720*, S1528*, S1752*, S1793*, S1770*, S1829*, S1651*, S1685*, S1710*, S1783*, S1786*, S1811*, S1821*	Familial adenomatous polyposis 1	VCV000960787	5	112176723	5	112841026	960787	944217	rs1060503325	NC_000005.10:112841025:C:G	single nucleotide variant	nonsense	Pathogenic	Dec 4, 2024	criteria provided, multiple submitters, no conflicts							
NM_000038.6(APC):c.5436G>A (p.Lys1812=)	APC		Familial adenomatous polyposis 1	VCV001655227	5	112176727	5	112841030	1655227	1549800	rs746952584	NC_000005.10:112841029:G:A	single nucleotide variant	synonymous variant	Benign/Likely benign	Mar 18, 2025	criteria provided, multiple submitters, no conflicts							
NM_000038.6(APC):c.5451A>G (p.Lys1817=)	APC		Hereditary cancer-predisposing syndrome|Familial adenomatous polyposis 1|Classic or attenuated familial adenomatous polyposis|not specified	VCV000428114	5	112176742	5	112841045	428114	419665	rs1004701019	NC_000005.10:112841044:A:G	single nucleotide variant	synonymous variant	Benign/Likely benign	Dec 19, 2025	criteria provided, multiple submitters, no conflicts							
NM_000038.6(APC):c.5460C>T (p.Ser1820=)	APC		Hereditary cancer-predisposing syndrome|Familial adenomatous polyposis 1	VCV003254009	5	112176751	5	112841054	3254009	3412790	rs2149940725	NC_000005.10:112841053:C:T	single nucleotide variant	synonymous variant|non-coding transcript variant	Benign/Likely benign	Jul 25, 2025	criteria provided, multiple submitters, no conflicts							
NM_000038.6(APC):c.5460C>G (p.Ser1820=)	APC		Familial adenomatous polyposis 1	VCV001561312	5	112176751	5	112841054	1561312	1554737	rs2149940725	NC_000005.10:112841053:C:G	single nucleotide variant	synonymous variant	Benign/Likely benign	Apr 2, 2024	criteria provided, multiple submitters, no conflicts							
NM_000038.6(APC):c.5463G>A (p.Lys1821=)	APC		Hereditary cancer-predisposing syndrome|Familial adenomatous polyposis 1	VCV001369881	5	112176754	5	112841057	1369881	1437587	rs1319199935	NC_000005.10:112841056:G:A	single nucleotide variant	synonymous variant	Benign/Likely benign	Apr 22, 2024	criteria provided, multiple submitters, no conflicts							
NM_000038.6(APC):c.5465T>A (p.Val1822Asp)	APC	V1804D, V1822D, V1539D, V1696D, V1781D, V1797D, V1662D, V1721D, V1794D, V1731D, V1832D, V1840D, V1763D	Familial adenomatous polyposis 1	VCV000021030	5	112176756	5	112841059	21030	33882	rs459552	NC_000005.10:112841058:T:A	single nucleotide variant	missense variant	Benign	Feb 26, 2023	reviewed by expert panel							
NM_000038.6(APC):c.5466C>T (p.Val1822=)	APC		Hereditary cancer-predisposing syndrome|Familial adenomatous polyposis 1	VCV003254437	5	112176757	5	112841060	3254437	3413215	rs2149940883	NC_000005.10:112841059:C:T	single nucleotide variant	synonymous variant|non-coding transcript variant	Benign/Likely benign	Mar 15, 2025	criteria provided, multiple submitters, no conflicts							
NM_000038.6(APC):c.5472T>C (p.Asn1824=)	APC		Familial adenomatous polyposis 1|Hereditary cancer-predisposing syndrome	VCV000233746	5	112176763	5	112841066	233746	233146	rs200742564	NC_000005.10:112841065:T:C	single nucleotide variant	synonymous variant	Benign/Likely benign	Nov 5, 2025	criteria provided, multiple submitters, no conflicts							
NM_000038.6(APC):c.5478G>A (p.Lys1826=)	APC		Hereditary cancer-predisposing syndrome|Familial adenomatous polyposis 1|not provided	VCV000470008	5	112176769	5	112841072	470008	454214	rs768922376	NC_000005.10:112841071:G:A	single nucleotide variant	synonymous variant	Benign/Likely benign	May 13, 2025	criteria provided, multiple submitters, no conflicts							
NM_000038.6(APC):c.5481C>T (p.Leu1827=)	APC		Familial adenomatous polyposis 1|Hereditary cancer-predisposing syndrome	VCV000470009	5	112176772	5	112841075	470009	454503	rs774567729	NC_000005.10:112841074:C:T	single nucleotide variant	synonymous variant	Benign/Likely benign	Nov 24, 2025	criteria provided, multiple submitters, no conflicts							
NM_000038.6(APC):c.5481C>A (p.Leu1827=)	APC		not specified|Classic or attenuated familial adenomatous polyposis|Familial adenomatous polyposis 1|Hereditary cancer-predisposing syndrome	VCV000380240	5	112176772	5	112841075	380240	368160	rs774567729	NC_000005.10:112841074:C:A	single nucleotide variant	synonymous variant	Benign/Likely benign	Jul 13, 2025	criteria provided, multiple submitters, no conflicts							
NM_000038.6(APC):c.5496T>C (p.Asp1832=)	APC		Familial adenomatous polyposis 1|Hereditary cancer-predisposing syndrome	VCV000749773	5	112176787	5	112841090	749773	749136	rs1561600562	NC_000005.10:112841089:T:C	single nucleotide variant	synonymous variant	Benign/Likely benign	Jun 26, 2024	criteria provided, multiple submitters, no conflicts							
NM_000038.6(APC):c.5502C>T (p.Val1834=)	APC		Classic or attenuated familial adenomatous polyposis|Hereditary cancer-predisposing syndrome|Familial adenomatous polyposis 1	VCV000629991	5	112176793	5	112841096	629991	617182	rs1561600661	NC_000005.10:112841095:C:T	single nucleotide variant	synonymous variant	Benign/Likely benign	Apr 2, 2024	criteria provided, multiple submitters, no conflicts							
NM_000038.6(APC):c.5506G>T (p.Gly1836Ter)	APC	G1553*, G1676*, G1710*, G1735*, G1745*, G1777*, G1795*, G1808*, G1811*, G1818*, G1836*, G1846*, G1854*	Hereditary cancer-predisposing syndrome|Familial adenomatous polyposis 1	VCV001692249	5	112176797	5	112841100	1692249	1684689	rs766739164	NC_000005.10:112841099:G:T	single nucleotide variant	nonsense	Pathogenic/Likely pathogenic	May 21, 2026	criteria provided, multiple submitters, no conflicts							
NM_000038.6(APC):c.5511T>C (p.Ser1837=)	APC		Hereditary cancer-predisposing syndrome|Familial adenomatous polyposis 1	VCV001567374	5	112176802	5	112841105	1567374	1591534	rs754225941	NC_000005.10:112841104:T:C	single nucleotide variant	synonymous variant	Benign/Likely benign	Jun 8, 2025	criteria provided, multiple submitters, no conflicts							
NM_000038.6(APC):c.5520T>C (p.Phe1840=)	APC		Hereditary cancer-predisposing syndrome|Familial adenomatous polyposis 1	VCV001538220	5	112176811	5	112841114	1538220	1619446	rs1765970267	NC_000005.10:112841113:T:C	single nucleotide variant	synonymous variant	Benign/Likely benign	Oct 26, 2025	criteria provided, multiple submitters, no conflicts							
NM_000038.6(APC):c.5523T>C (p.Asp1841=)	APC		Hereditary cancer-predisposing syndrome|Familial adenomatous polyposis 1	VCV000924910	5	112176814	5	112841117	924910	910012	rs1765970846	NC_000005.10:112841116:T:C	single nucleotide variant	synonymous variant	Benign/Likely benign	Apr 2, 2024	criteria provided, multiple submitters, no conflicts							
NM_000038.6(APC):c.5525C>G (p.Ser1842Ter)	APC	S1716*, S1759*, S1852*, S1458*, S1559*, S1682*, S1741*, S1783*, S1824*, S1835*, S1870*, S1713*, S1751*, S1801*, S1814*, S1817*, S1832*, S1842*, S1860*	Hereditary cancer-predisposing syndrome	VCV001748091	5	112176816	5	112841119	1748091	1810280	rs2149942405	NC_000005.10:112841118:C:G	single nucleotide variant	nonsense	Pathogenic	Mar 18, 2025	criteria provided, single submitter							
NM_000038.6(APC):c.5525C>A (p.Ser1842Ter)	APC	S1559*, S1682*, S1716*, S1741*, S1751*, S1783*, S1801*, S1814*, S1817*, S1824*, S1842*, S1852*, S1860*	Familial adenomatous polyposis 1	VCV001073101	5	112176816	5	112841119	1073101	1060176	rs2149942405	NC_000005.10:112841118:C:A	single nucleotide variant	nonsense	Pathogenic	Jan 11, 2018	criteria provided, single submitter							
NM_000038.6(APC):c.5526A>G (p.Ser1842=)	APC		Classic or attenuated familial adenomatous polyposis|Hereditary cancer-predisposing syndrome|Familial adenomatous polyposis 1	VCV000537632	5	112176817	5	112841120	537632	520591	rs577725739	NC_000005.10:112841119:A:G	single nucleotide variant	synonymous variant	Benign/Likely benign	Apr 2, 2024	criteria provided, multiple submitters, no conflicts							
NM_000038.6(APC):c.5529T>A (p.Pro1843=)	APC		Hereditary cancer-predisposing syndrome|not specified|Familial adenomatous polyposis 1|Classic or attenuated familial adenomatous polyposis	VCV000416764	5	112176820	5	112841123	416764	394424	rs1060504894	NC_000005.10:112841122:T:A	single nucleotide variant	synonymous variant	Benign/Likely benign	Nov 1, 2025	criteria provided, multiple submitters, no conflicts							
NM_000038.6(APC):c.5535T>C (p.His1845=)	APC		Familial adenomatous polyposis 1|Hereditary cancer-predisposing syndrome	VCV003254066	5	112176826	5	112841129	3254066	3412847	rs2149942646	NC_000005.10:112841128:T:C	single nucleotide variant	synonymous variant|non-coding transcript variant	Benign/Likely benign	Jan 13, 2026	criteria provided, multiple submitters, no conflicts							
NM_000038.6(APC):c.5541G>A (p.Thr1847=)	APC		not provided|Classic or attenuated familial adenomatous polyposis|Hereditary cancer-predisposing syndrome|not specified|Familial adenomatous polyposis 1	VCV000416716	5	112176832	5	112841135	416716	394934	rs777449060	NC_000005.10:112841134:G:A	single nucleotide variant	synonymous variant	Benign/Likely benign	Jan 11, 2026	criteria provided, multiple submitters, no conflicts							
NM_000038.6(APC):c.5544T>C (p.Pro1848=)	APC		Hereditary cancer-predisposing syndrome|Familial adenomatous polyposis 1	VCV000825820	5	112176835	5	112841138	825820	808132	rs1294772411	NC_000005.10:112841137:T:C	single nucleotide variant	synonymous variant	Benign/Likely benign	Aug 7, 2025	criteria provided, multiple submitters, no conflicts							
NM_000038.6(APC):c.5556T>G (p.Thr1852=)	APC		Familial adenomatous polyposis 1	VCV002017439	5	112176847	5	112841150	2017439	2065080	rs1765978234	NC_000005.10:112841149:T:G	single nucleotide variant	synonymous variant|non-coding transcript variant	Benign/Likely benign	Apr 2, 2024	criteria provided, multiple submitters, no conflicts							
NM_000038.6(APC):c.5556T>C (p.Thr1852=)	APC		Hereditary cancer-predisposing syndrome|Familial adenomatous polyposis 1	VCV001663807	5	112176847	5	112841150	1663807	1588629	rs1765978234	NC_000005.10:112841149:T:C	single nucleotide variant	synonymous variant	Benign/Likely benign	Nov 17, 2025	criteria provided, multiple submitters, no conflicts							
NM_000038.6(APC):c.5559T>G (p.Pro1853=)	APC		Hereditary cancer-predisposing syndrome|Familial adenomatous polyposis 1	VCV001641891	5	112176850	5	112841153	1641891	1650934	rs1407859071	NC_000005.10:112841152:T:G	single nucleotide variant	synonymous variant	Benign/Likely benign	Jan 7, 2025	criteria provided, multiple submitters, no conflicts							
NM_000038.6(APC):c.5559T>C (p.Pro1853=)	APC		Hereditary cancer-predisposing syndrome|not specified|Familial adenomatous polyposis 1	VCV000825827	5	112176850	5	112841153	825827	808133	rs1407859071	NC_000005.10:112841152:T:C	single nucleotide variant	synonymous variant	Benign/Likely benign	Oct 6, 2025	criteria provided, multiple submitters, no conflicts							
NM_000038.6(APC):c.5562C>T (p.Tyr1854=)	APC		Hereditary cancer-predisposing syndrome|Familial adenomatous polyposis 1	VCV001748318	5	112176853	5	112841156	1748318	1806566	rs2149943308	NC_000005.10:112841155:C:T	single nucleotide variant	synonymous variant|non-coding transcript variant	Benign/Likely benign	Apr 2, 2024	criteria provided, multiple submitters, no conflicts							
NM_000038.6(APC):c.5562C>G (p.Tyr1854Ter)	APC	Y1826*, Y1872*, Y1753*, Y1763*, Y1836*, Y1571*, Y1829*, Y1854*, Y1864*, Y1694*, Y1728*, Y1795*, Y1813*	Hereditary cancer-predisposing syndrome|Familial adenomatous polyposis 1	VCV001400152	5	112176853	5	112841156	1400152	1444241	rs2149943308	NC_000005.10:112841155:C:G	single nucleotide variant	nonsense	Pathogenic/Likely pathogenic	Jul 24, 2024	criteria provided, multiple submitters, no conflicts							
NM_000038.6(APC):c.5565T>A (p.Cys1855Ter)	APC	C1471*, C1572*, C1695*, C1726*, C1729*, C1754*, C1764*, C1772*, C1796*, C1814*, C1827*, C1830*, C1837*, C1845*, C1848*, C1855*, C1865*, C1873*, C1883*	Hereditary cancer-predisposing syndrome	VCV004861226	5	112176856	5	112841159	4861226	4969943		NC_000005.10:112841158:T:A	single nucleotide variant	nonsense|non-coding transcript variant	Pathogenic	Apr 16, 2026	criteria provided, single submitter							
NM_000038.6(APC):c.5568T>C (p.Phe1856=)	APC		Hereditary cancer-predisposing syndrome|Familial adenomatous polyposis 1	VCV000825832	5	112176859	5	112841162	825832	808134	rs1580661426	NC_000005.10:112841161:T:C	single nucleotide variant	synonymous variant	Benign/Likely benign	Jan 1, 2025	criteria provided, multiple submitters, no conflicts							
NM_000038.6(APC):c.5570C>G (p.Ser1857Ter)	APC	S1473*, S1574*, S1697*, S1728*, S1731*, S1756*, S1766*, S1774*, S1798*, S1816*, S1829*, S1832*, S1839*, S1847*, S1850*, S1857*, S1867*, S1875*, S1885*	Familial adenomatous polyposis 1	VCV002583912	5	112176861	5	112841164	2583912	2751481	rs1561601114	NC_000005.10:112841163:C:G	single nucleotide variant	nonsense|non-coding transcript variant	Pathogenic	May 12, 2023	criteria provided, single submitter							
NM_000038.6(APC):c.5570C>A (p.Ser1857Ter)	APC	S1839*, S1857*, S1816*, S1766*, S1798*, S1867*, S1756*, S1574*, S1697*, S1731*, S1829*, S1832*, S1875*	not provided|Familial adenomatous polyposis 1	VCV000619609	5	112176861	5	112841164	619609	611066	rs1561601114	NC_000005.10:112841163:C:A	single nucleotide variant	nonsense	Pathogenic/Likely pathogenic	Sep 10, 2025	criteria provided, multiple submitters, no conflicts							
NM_000038.6(APC):c.5571A>G (p.Ser1857=)	APC		Familial adenomatous polyposis 1	VCV003253852	5	112176862	5	112841165	3253852	3412633	rs376624613	NC_000005.10:112841164:A:G	single nucleotide variant	synonymous variant|non-coding transcript variant	Benign	Apr 2, 2024	criteria provided, single submitter							
NM_000038.6(APC):c.5571A>C (p.Ser1857=)	APC		Hereditary cancer-predisposing syndrome|Classic or attenuated familial adenomatous polyposis|not provided|Familial adenomatous polyposis 1|not specified	VCV000183888	5	112176862	5	112841165	183888	182420	rs376624613	NC_000005.10:112841164:A:C	single nucleotide variant	synonymous variant	Benign/Likely benign	Jan 26, 2026	criteria provided, multiple submitters, no conflicts							
NM_000038.6(APC):c.5572C>A (p.Arg1858=)	APC		Familial adenomatous polyposis 1	VCV001011379	5	112176863	5	112841166	1011379	990485	rs1270783041	NC_000005.10:112841165:C:A	single nucleotide variant	synonymous variant	Benign/Likely benign	Jul 30, 2025	criteria provided, multiple submitters, no conflicts							
NM_000038.6(APC):c.5572C>T (p.Arg1858Ter)	APC	R1840*, R1858*, R1833*, R1876*, R1698*, R1732*, R1767*, R1817*, R1575*, R1799*, R1830*, R1868*, R1757*	Hereditary cancer-predisposing syndrome|not provided|Classic or attenuated familial adenomatous polyposis|APC-related disorder|Familial adenomatous polyposis 1|Neoplasm	VCV000486765	5	112176863	5	112841166	486765	473864	rs1270783041	NC_000005.10:112841165:C:T	single nucleotide variant	nonsense	Pathogenic	Dec 18, 2025	criteria provided, multiple submitters, no conflicts				Likely oncogenic	Mar 4, 2025	criteria provided, single submitter	
NM_000038.6(APC):c.5577T>C (p.Asn1859=)	APC		Hereditary cancer-predisposing syndrome|Familial adenomatous polyposis 1	VCV000630870	5	112176868	5	112841171	630870	617186	rs1561601173	NC_000005.10:112841170:T:C	single nucleotide variant	synonymous variant	Benign/Likely benign	Jan 10, 2025	criteria provided, multiple submitters, no conflicts							
NM_000038.6(APC):c.5583T>C (p.Ser1861=)	APC		Hereditary cancer-predisposing syndrome|Familial adenomatous polyposis 1	VCV000920719	5	112176874	5	112841177	920719	910015	rs1765985057	NC_000005.10:112841176:T:C	single nucleotide variant	synonymous variant	Benign/Likely benign	Mar 6, 2025	criteria provided, multiple submitters, no conflicts							
NM_000038.6(APC):c.5592T>C (p.Ser1864=)	APC		Familial adenomatous polyposis 1	VCV003254526	5	112176883	5	112841186	3254526	3413304	rs2149944064	NC_000005.10:112841185:T:C	single nucleotide variant	synonymous variant|non-coding transcript variant	Benign	Apr 2, 2024	criteria provided, single submitter							
NM_000038.6(APC):c.5593C>T (p.Leu1865=)	APC		not specified|Familial adenomatous polyposis 1	VCV001961996	5	112176884	5	112841187	1961996	2013092	rs1064794887	NC_000005.10:112841186:C:T	single nucleotide variant	synonymous variant|non-coding transcript variant	Benign/Likely benign	Dec 29, 2025	criteria provided, multiple submitters, no conflicts							
NM_000038.6(APC):c.5604T>C (p.Asp1868=)	APC		Hereditary cancer-predisposing syndrome|Familial adenomatous polyposis 1	VCV003253981	5	112176895	5	112841198	3253981	3412762	rs2149944376	NC_000005.10:112841197:T:C	single nucleotide variant	synonymous variant|non-coding transcript variant	Benign/Likely benign	Sep 19, 2025	criteria provided, multiple submitters, no conflicts							
NM_000038.6(APC):c.5613T>C (p.Asp1871=)	APC		Familial adenomatous polyposis 1	VCV003254434	5	112176904	5	112841207	3254434	3413212	rs2149944607	NC_000005.10:112841206:T:C	single nucleotide variant	synonymous variant|non-coding transcript variant	Benign/Likely benign	Apr 2, 2024	criteria provided, multiple submitters, no conflicts							
NM_000038.6(APC):c.5619C>T (p.Asp1873=)	APC		Classic or attenuated familial adenomatous polyposis|Hereditary cancer-predisposing syndrome|Familial adenomatous polyposis 1|not specified|not provided	VCV000470014	5	112176910	5	112841213	470014	454524	rs755764542	NC_000005.10:112841212:C:T	single nucleotide variant	synonymous variant	Benign/Likely benign	Dec 29, 2025	criteria provided, multiple submitters, no conflicts							
NM_000038.6(APC):c.5625C>T (p.Ser1875=)	APC		Familial adenomatous polyposis 1	VCV003253859	5	112176916	5	112841219	3253859	3412640	rs2149944965	NC_000005.10:112841218:C:T	single nucleotide variant	synonymous variant|non-coding transcript variant	Benign	Apr 2, 2024	criteria provided, single submitter							
NM_000038.6(APC):c.5628G>A (p.Arg1876=)	APC		Hereditary cancer-predisposing syndrome|Familial adenomatous polyposis 1	VCV002734127	5	112176919	5	112841222	2734127	2898459	rs1064794942	NC_000005.10:112841221:G:A	single nucleotide variant	synonymous variant|non-coding transcript variant	Benign/Likely benign	Feb 9, 2026	criteria provided, multiple submitters, no conflicts							
NM_000038.6(APC):c.5631A>G (p.Glu1877=)	APC		Familial adenomatous polyposis 1|Hereditary cancer-predisposing syndrome	VCV002587009	5	112176922	5	112841225	2587009	2753685	rs2149945125	NC_000005.10:112841224:A:G	single nucleotide variant	synonymous variant|non-coding transcript variant	Benign/Likely benign	Apr 2, 2024	criteria provided, multiple submitters, no conflicts							
NM_000038.6(APC):c.5634G>A (p.Lys1878=)	APC		Classic or attenuated familial adenomatous polyposis|Hereditary cancer-predisposing syndrome|Familial adenomatous polyposis 1	VCV000921438	5	112176925	5	112841228	921438	910020	rs1580662013	NC_000005.10:112841227:G:A	single nucleotide variant	synonymous variant	Benign/Likely benign	Sep 24, 2025	criteria provided, multiple submitters, no conflicts							
NM_000038.6(APC):c.5644A>T (p.Arg1882Ter)	APC	R1599*, R1781*, R1823*, R1864*, R1882*, R1892*, R1841*, R1854*, R1722*, R1756*, R1900*, R1791*, R1857*	Familial adenomatous polyposis 1	VCV001355732	5	112176935	5	112841238	1355732	1509483	rs2149945442	NC_000005.10:112841237:A:T	single nucleotide variant	nonsense	Pathogenic	Dec 1, 2020	criteria provided, single submitter							
NM_000038.6(APC):c.5652A>G (p.Ala1884=)	APC		not specified|Familial adenomatous polyposis 1|Hereditary cancer-predisposing syndrome	VCV000485157	5	112176943	5	112841246	485157	474073	rs876658458	NC_000005.10:112841245:A:G	single nucleotide variant	synonymous variant	Benign/Likely benign	Apr 2, 2024	criteria provided, multiple submitters, no conflicts							
NM_000038.6(APC):c.5652A>C (p.Ala1884=)	APC		Hereditary cancer-predisposing syndrome|Familial adenomatous polyposis 1	VCV000230238	5	112176943	5	112841246	230238	233152	rs876658458	NC_000005.10:112841245:A:C	single nucleotide variant	synonymous variant	Benign/Likely benign	Apr 2, 2024	criteria provided, multiple submitters, no conflicts							
NM_000038.6(APC):c.5655A>G (p.Lys1885=)	APC		Familial adenomatous polyposis 1	VCV003253766	5	112176946	5	112841249	3253766	3412547	rs2149945704	NC_000005.10:112841248:A:G	single nucleotide variant	synonymous variant|non-coding transcript variant	Benign	Apr 2, 2024	criteria provided, single submitter							
NM_000038.6(APC):c.5661T>C (p.Asn1887=)	APC		Hereditary cancer-predisposing syndrome|Familial adenomatous polyposis 1	VCV000927457	5	112176952	5	112841255	927457	910022	rs1766001708	NC_000005.10:112841254:T:C	single nucleotide variant	synonymous variant	Benign/Likely benign	Apr 2, 2024	criteria provided, multiple submitters, no conflicts							
NM_000038.6(APC):c.5667A>G (p.Glu1889=)	APC		Classic or attenuated familial adenomatous polyposis|Familial adenomatous polyposis 1|Hereditary cancer-predisposing syndrome	VCV001134589	5	112176958	5	112841261	1134589	1115187	rs2149946016	NC_000005.10:112841260:A:G	single nucleotide variant	synonymous variant	Benign/Likely benign	Apr 2, 2024	criteria provided, multiple submitters, no conflicts							
NM_000038.6(APC):c.5669C>G (p.Ser1890Ter)	APC	S1872*, S1890*, S1607*, S1799*, S1900*, S1862*, S1730*, S1764*, S1789*, S1831*, S1849*, S1865*, S1908*	Hereditary cancer-predisposing syndrome|Familial adenomatous polyposis 1	VCV000548803	5	112176960	5	112841263	548803	539247	rs1554086862	NC_000005.10:112841262:C:G	single nucleotide variant	nonsense	Pathogenic/Likely pathogenic	Jul 17, 2025	criteria provided, multiple submitters, no conflicts							
NM_000038.6(APC):c.5670A>G (p.Ser1890=)	APC		Classic or attenuated familial adenomatous polyposis|APC-related disorder|Hereditary cancer-predisposing syndrome|not specified|not provided|Familial adenomatous polyposis 1	VCV000470016	5	112176961	5	112841264	470016	454221	rs945185629	NC_000005.10:112841263:A:G	single nucleotide variant	synonymous variant	Benign/Likely benign	Dec 24, 2025	criteria provided, multiple submitters, no conflicts							
NM_000038.6(APC):c.5673G>A (p.Glu1891=)	APC		Hereditary cancer-predisposing syndrome|Familial adenomatous polyposis 1	VCV000744502	5	112176964	5	112841267	744502	749137	rs1554086868	NC_000005.10:112841266:G:A	single nucleotide variant	synonymous variant	Benign/Likely benign	Jul 9, 2025	criteria provided, multiple submitters, no conflicts							
NM_000038.6(APC):c.5676T>C (p.Ala1892=)	APC		Familial adenomatous polyposis 1|Hereditary cancer-predisposing syndrome|Classic or attenuated familial adenomatous polyposis	VCV000470017	5	112176967	5	112841270	470017	454527	rs978239155	NC_000005.10:112841269:T:C	single nucleotide variant	synonymous variant	Benign/Likely benign	Jan 19, 2026	criteria provided, multiple submitters, no conflicts							
NM_000038.6(APC):c.5685C>A (p.Thr1895=)	APC		Familial adenomatous polyposis 1	VCV003253920	5	112176976	5	112841279	3253920	3412701	rs148592182	NC_000005.10:112841278:C:A	single nucleotide variant	synonymous variant|non-coding transcript variant	Benign	Apr 2, 2024	criteria provided, single submitter							
NM_000038.6(APC):c.5685C>G (p.Thr1895=)	APC		Hereditary cancer-predisposing syndrome|Familial adenomatous polyposis 1	VCV000184440	5	112176976	5	112841279	184440	182423	rs148592182	NC_000005.10:112841278:C:G	single nucleotide variant	synonymous variant	Benign/Likely benign	Mar 14, 2025	criteria provided, multiple submitters, no conflicts							
NM_000038.6(APC):c.5688C>T (p.Ser1896=)	APC		Familial adenomatous polyposis 1	VCV003253765	5	112176979	5	112841282	3253765	3412546	rs1561601778	NC_000005.10:112841281:C:T	single nucleotide variant	synonymous variant|non-coding transcript variant	Benign	Apr 2, 2024	criteria provided, single submitter							
NM_000038.6(APC):c.5691C>T (p.His1897=)	APC		Hereditary cancer-predisposing syndrome|Familial adenomatous polyposis 1	VCV000923418	5	112176982	5	112841285	923418	910023	rs1766011377	NC_000005.10:112841284:C:T	single nucleotide variant	synonymous variant	Benign/Likely benign	Apr 2, 2024	criteria provided, multiple submitters, no conflicts							
NM_000038.6(APC):c.5694A>G (p.Thr1898=)	APC		Familial adenomatous polyposis 1|Hereditary cancer-predisposing syndrome|not specified	VCV000508820	5	112176985	5	112841288	508820	501200	rs780923444	NC_000005.10:112841287:A:G	single nucleotide variant	synonymous variant	Benign/Likely benign	Dec 15, 2025	criteria provided, multiple submitters, no conflicts							
NM_000038.6(APC):c.5697A>G (p.Glu1899=)	APC		Familial adenomatous polyposis 1|Hereditary cancer-predisposing syndrome|Classic or attenuated familial adenomatous polyposis	VCV001171303	5	112176988	5	112841291	1171303	1160578	rs1429224530	NC_000005.10:112841290:A:G	single nucleotide variant	synonymous variant	Benign/Likely benign	Apr 2, 2024	criteria provided, multiple submitters, no conflicts							
NM_000038.6(APC):c.5698C>T (p.Leu1900=)	APC		Hereditary cancer-predisposing syndrome|Familial adenomatous polyposis 1|Classic or attenuated familial adenomatous polyposis	VCV000485108	5	112176989	5	112841292	485108	473821	rs944332850	NC_000005.10:112841291:C:T	single nucleotide variant	synonymous variant	Benign/Likely benign	Mar 27, 2025	criteria provided, multiple submitters, no conflicts							
NM_000038.6(APC):c.5700A>G (p.Leu1900=)	APC		Hereditary cancer-predisposing syndrome|Familial adenomatous polyposis 1	VCV003254163	5	112176991	5	112841294	3254163	3412942	rs1766015423	NC_000005.10:112841293:A:G	single nucleotide variant	synonymous variant|non-coding transcript variant	Benign/Likely benign	May 9, 2025	criteria provided, multiple submitters, no conflicts							
NM_000038.6(APC):c.5703C>G (p.Thr1901=)	APC		Hereditary cancer-predisposing syndrome|Familial adenomatous polyposis 1	VCV002819275	5	112176994	5	112841297	2819275	2977801	rs1766016604	NC_000005.10:112841296:C:G	single nucleotide variant	synonymous variant|non-coding transcript variant	Benign/Likely benign	Oct 8, 2025	criteria provided, multiple submitters, no conflicts							
NM_000038.6(APC):c.5703C>T (p.Thr1901=)	APC		Hereditary cancer-predisposing syndrome|Familial adenomatous polyposis 1	VCV000926591	5	112176994	5	112841297	926591	910025	rs1766016604	NC_000005.10:112841296:C:T	single nucleotide variant	synonymous variant	Benign/Likely benign	Jun 14, 2024	criteria provided, multiple submitters, no conflicts							
NM_000038.6(APC):c.5709C>T (p.Asn1903=)	APC		Familial adenomatous polyposis 1|Hereditary cancer-predisposing syndrome	VCV000798121	5	112177000	5	112841303	798121	782089	rs1371378897	NC_000005.10:112841302:C:T	single nucleotide variant	synonymous variant	Benign/Likely benign	Apr 2, 2024	criteria provided, multiple submitters, no conflicts							
NM_000038.6(APC):c.5715A>G (p.Gln1905=)	APC		Hereditary cancer-predisposing syndrome|Classic or attenuated familial adenomatous polyposis|not specified|Familial adenomatous polyposis 1	VCV000185869	5	112177006	5	112841309	185869	182424	rs779869418	NC_000005.10:112841308:A:G	single nucleotide variant	synonymous variant	Benign/Likely benign	Nov 25, 2025	criteria provided, multiple submitters, no conflicts							
NM_000038.6(APC):c.5717C>G (p.Ser1906Ter)	APC	S1780*, S1815*, S1881*, S1896*, S1906*, S1916*, S1746*, S1805*, S1847*, S1865*, S1888*, S1899*, S1934*, S1522*, S1777*, S1878*, S1623*, S1823*, S1924*	Hereditary cancer-predisposing syndrome	VCV001749264	5	112177008	5	112841311	1749264	1800293	rs2149947321	NC_000005.10:112841310:C:G	single nucleotide variant	nonsense	Pathogenic	Jul 19, 2022	criteria provided, single submitter							
NM_000038.6(APC):c.5718A>C (p.Ser1906=)	APC		Hereditary cancer-predisposing syndrome|Familial adenomatous polyposis 1	VCV000703540	5	112177009	5	112841312	703540	691649	rs1060504879	NC_000005.10:112841311:A:C	single nucleotide variant	synonymous variant	Benign/Likely benign	May 27, 2025	criteria provided, multiple submitters, no conflicts							
NM_000038.6(APC):c.5718A>G (p.Ser1906=)	APC		Hereditary cancer-predisposing syndrome|Familial adenomatous polyposis 1	VCV000416733	5	112177009	5	112841312	416733	394937	rs1060504879	NC_000005.10:112841311:A:G	single nucleotide variant	synonymous variant	Benign/Likely benign	Apr 2, 2024	criteria provided, multiple submitters, no conflicts							
NM_000038.6(APC):c.5721T>C (p.Ala1907=)	APC		Hereditary cancer-predisposing syndrome|Familial adenomatous polyposis 1	VCV003254461	5	112177012	5	112841315	3254461	3413239	rs2149947464	NC_000005.10:112841314:T:C	single nucleotide variant	synonymous variant|non-coding transcript variant	Benign/Likely benign	Feb 5, 2025	criteria provided, multiple submitters, no conflicts							
NM_000038.6(APC):c.5727G>A (p.Lys1909=)	APC		Familial adenomatous polyposis 1	VCV003254462	5	112177018	5	112841321	3254462	3413240	rs2149947586	NC_000005.10:112841320:G:A	single nucleotide variant	synonymous variant|non-coding transcript variant	Benign	Apr 2, 2024	criteria provided, single submitter							
NM_000038.6(APC):c.5730A>G (p.Thr1910=)	APC		Hereditary cancer-predisposing syndrome|Familial adenomatous polyposis 1	VCV002883591	5	112177021	5	112841324	2883591	3046346	rs2149947683	NC_000005.10:112841323:A:G	single nucleotide variant	synonymous variant|non-coding transcript variant	Benign/Likely benign	May 24, 2026	criteria provided, multiple submitters, no conflicts							
NM_000038.6(APC):c.5733A>G (p.Gln1911=)	APC		Hereditary cancer-predisposing syndrome|Familial adenomatous polyposis 1	VCV001332228	5	112177024	5	112841327	1332228	1322947	rs1554086927	NC_000005.10:112841326:A:G	single nucleotide variant	synonymous variant	Benign/Likely benign	Jun 18, 2024	criteria provided, multiple submitters, no conflicts							
NM_000038.6(APC):c.5736T>A (p.Ala1912=)	APC		not specified|Familial adenomatous polyposis 1|Hereditary cancer-predisposing syndrome	VCV000517002	5	112177027	5	112841330	517002	501091	rs1036907955	NC_000005.10:112841329:T:A	single nucleotide variant	synonymous variant	Benign/Likely benign	Sep 8, 2025	criteria provided, multiple submitters, no conflicts							
NM_000038.6(APC):c.5736T>G (p.Ala1912=)	APC		Hereditary cancer-predisposing syndrome|not specified|Familial adenomatous polyposis 1	VCV000387625	5	112177027	5	112841330	387625	369351	rs1036907955	NC_000005.10:112841329:T:G	single nucleotide variant	synonymous variant	Benign/Likely benign	Apr 2, 2024	criteria provided, multiple submitters, no conflicts							
NM_000038.6(APC):c.5745G>A (p.Lys1915=)	APC		Hereditary cancer-predisposing syndrome|Familial adenomatous polyposis 1	VCV001749407	5	112177036	5	112841339	1749407	1800435	rs201988789	NC_000005.10:112841338:G:A	single nucleotide variant	synonymous variant|non-coding transcript variant	Benign/Likely benign	Apr 2, 2024	criteria provided, multiple submitters, no conflicts							
NM_000038.6(APC):c.5745G>C (p.Lys1915Asn)	APC	K1632N, K1755N, K1789N, K1814N, K1824N, K1856N, K1874N, K1887N, K1890N, K1897N, K1915N, K1925N, K1933N	Hereditary cancer-predisposing syndrome|not provided	VCV001237153	5	112177036	5	112841339	1237153	1226277	rs201988789	NC_000005.10:112841338:G:C	single nucleotide variant	missense variant	Benign	Oct 6, 2021	criteria provided, multiple submitters, no conflicts							
NM_000038.6(APC):c.5757T>C (p.Asn1919=)	APC		Hereditary cancer-predisposing syndrome|Familial adenomatous polyposis 1	VCV001153713	5	112177048	5	112841351	1153713	1136130	rs2149948420	NC_000005.10:112841350:T:C	single nucleotide variant	synonymous variant	Benign/Likely benign	Apr 2, 2024	criteria provided, multiple submitters, no conflicts							
NM_001127510.3(APC):c.5758C>T (p.Arg1920Ter)	APC	R1637*, R1760*, R1794*, R1819*, R1829*, R1861*, R1879*, R1892*, R1895*, R1902*, R1920*, R1930*, R1938*	Hereditary cancer-predisposing syndrome|not provided	VCV001691813	5	112177049	5	112841352	1691813	1684269	rs587779800	NC_000005.10:112841351:C:T	single nucleotide variant		Pathogenic/Likely pathogenic	Jun 17, 2025	criteria provided, multiple submitters, no conflicts							
NM_000038.6(APC):c.5763T>C (p.Gly1921=)	APC		Familial adenomatous polyposis 1	VCV003253998	5	112177054	5	112841357	3253998	3412779	rs2149948571	NC_000005.10:112841356:T:C	single nucleotide variant	synonymous variant|non-coding transcript variant	Benign	Apr 2, 2024	criteria provided, single submitter							
NM_000038.6(APC):c.5763T>G (p.Gly1921=)	APC		Hereditary cancer-predisposing syndrome|Familial adenomatous polyposis 1	VCV001091477	5	112177054	5	112841357	1091477	1072053	rs2149948571	NC_000005.10:112841356:T:G	single nucleotide variant	synonymous variant	Benign/Likely benign	Apr 2, 2024	criteria provided, multiple submitters, no conflicts							
NM_000038.6(APC):c.5764C>T (p.Gln1922Ter)	APC	Q1904*, Q1922*, Q1639*, Q1821*, Q1897*, Q1831*, Q1881*, Q1932*, Q1762*, Q1863*, Q1894*, Q1796*, Q1940*	not provided|Hereditary cancer-predisposing syndrome	VCV000418010	5	112177055	5	112841358	418010	406570	rs1064793024	NC_000005.10:112841357:C:T	single nucleotide variant	nonsense	Pathogenic	Nov 2, 2021	criteria provided, multiple submitters, no conflicts							
NM_000038.6(APC):c.5775C>T (p.Pro1925=)	APC		Classic or attenuated familial adenomatous polyposis|not provided|not specified|Hereditary cancer-predisposing syndrome|Familial adenomatous polyposis 1	VCV000506365	5	112177066	5	112841369	506365	500926	rs562201671	NC_000005.10:112841368:C:T	single nucleotide variant	synonymous variant	Benign/Likely benign	Oct 27, 2025	criteria provided, multiple submitters, no conflicts							
NM_000038.6(APC):c.5784G>A (p.Gln1928=)	APC		Classic or attenuated familial adenomatous polyposis|not specified|Hereditary cancer-predisposing syndrome|Familial adenomatous polyposis 1	VCV000416724	5	112177075	5	112841378	416724	394494	rs761186363	NC_000005.10:112841377:G:A	single nucleotide variant	synonymous variant	Benign/Likely benign	Nov 9, 2025	criteria provided, multiple submitters, no conflicts							
NM_000038.6(APC):c.5790A>G (p.Gln1930=)	APC		APC-Associated Polyposis Disorders|Hereditary cancer-predisposing syndrome|not specified|not provided|Familial adenomatous polyposis 1	VCV000184255	5	112177081	5	112841384	184255	182427	rs141152252	NC_000005.10:112841383:A:G	single nucleotide variant	synonymous variant	Benign/Likely benign	Feb 3, 2026	criteria provided, multiple submitters, no conflicts							
NM_000038.6(APC):c.5793C>T (p.Ser1931=)	APC		Hereditary cancer-predisposing syndrome|Familial adenomatous polyposis 1	VCV000741750	5	112177084	5	112841387	741750	749138	rs1580663971	NC_000005.10:112841386:C:T	single nucleotide variant	synonymous variant	Benign/Likely benign	Apr 2, 2024	criteria provided, multiple submitters, no conflicts							
NM_000038.6(APC):c.5799T>C (p.Phe1933=)	APC		Hereditary cancer-predisposing syndrome|Familial adenomatous polyposis 1	VCV000921933	5	112177090	5	112841393	921933	910031	rs1048920936	NC_000005.10:112841392:T:C	single nucleotide variant	synonymous variant	Benign/Likely benign	Apr 2, 2024	criteria provided, multiple submitters, no conflicts							
NM_000038.6(APC):c.5802C>T (p.Pro1934=)	APC		Hereditary cancer-predisposing syndrome|Familial adenomatous polyposis 1	VCV000755104	5	112177093	5	112841396	755104	764712	rs876658810	NC_000005.10:112841395:C:T	single nucleotide variant	synonymous variant	Benign/Likely benign	Apr 2, 2024	criteria provided, multiple submitters, no conflicts							
NM_000038.6(APC):c.5802C>G (p.Pro1934=)	APC		Hereditary cancer-predisposing syndrome|not specified|Familial adenomatous polyposis 1	VCV000230852	5	112177093	5	112841396	230852	233156	rs876658810	NC_000005.10:112841395:C:G	single nucleotide variant	synonymous variant	Benign/Likely benign	Sep 3, 2025	criteria provided, multiple submitters, no conflicts							
NM_000038.6(APC):c.5803C>T (p.Gln1935Ter)	APC	Q1775*, Q1809*, Q1894*, Q1907*, Q1963*, Q1834*, Q1844*, Q1852*, Q1925*, Q1953*, Q1551*, Q1652*, Q1928*, Q1806*, Q1876*, Q1910*, Q1917*, Q1935*, Q1945*	Hereditary cancer-predisposing syndrome	VCV001749795	5	112177094	5	112841397	1749795	1810714	rs2149949620	NC_000005.10:112841396:C:T	single nucleotide variant	nonsense	Pathogenic	Aug 22, 2024	criteria provided, single submitter							
NM_000038.6(APC):c.5805G>A (p.Gln1935=)	APC		Classic or attenuated familial adenomatous polyposis|Hereditary cancer-predisposing syndrome|not specified|not provided|Familial adenomatous polyposis 1	VCV000183878	5	112177096	5	112841399	183878	182428	rs377040690	NC_000005.10:112841398:G:A	single nucleotide variant	synonymous variant	Benign/Likely benign	Feb 3, 2026	criteria provided, multiple submitters, no conflicts							
NM_000038.6(APC):c.5808A>G (p.Ser1936=)	APC		Familial adenomatous polyposis 1	VCV003254511	5	112177099	5	112841402	3254511	3413289	rs2149949760	NC_000005.10:112841401:A:G	single nucleotide variant	synonymous variant|non-coding transcript variant	Benign/Likely benign	Apr 2, 2024	criteria provided, multiple submitters, no conflicts							
NM_000038.6(APC):c.5811C>G (p.Ser1937=)	APC		Hereditary cancer-predisposing syndrome|Familial adenomatous polyposis 1	VCV001124031	5	112177102	5	112841405	1124031	1115188	rs2149949820	NC_000005.10:112841404:C:G	single nucleotide variant	synonymous variant	Benign/Likely benign	Apr 2, 2024	criteria provided, multiple submitters, no conflicts							
NM_000038.6(APC):c.5817C>T (p.Asp1939=)	APC		Hereditary cancer-predisposing syndrome|Familial adenomatous polyposis 1	VCV003253776	5	112177108	5	112841411	3253776	3412557	rs1580664287	NC_000005.10:112841410:C:T	single nucleotide variant	synonymous variant|non-coding transcript variant	Benign/Likely benign	Nov 29, 2025	criteria provided, multiple submitters, no conflicts							
NM_000038.6(APC):c.5823A>C (p.Pro1941=)	APC		Hereditary cancer-predisposing syndrome|Familial adenomatous polyposis 1	VCV000798503	5	112177114	5	112841417	798503	782090	rs770869007	NC_000005.10:112841416:A:C	single nucleotide variant	synonymous variant	Benign/Likely benign	Oct 14, 2025	criteria provided, multiple submitters, no conflicts							
NM_000038.6(APC):c.5823A>G (p.Pro1941=)	APC		Classic or attenuated familial adenomatous polyposis|Hereditary cancer-predisposing syndrome|not specified|not provided|Familial adenomatous polyposis 1	VCV000416743	5	112177114	5	112841417	416743	394948	rs770869007	NC_000005.10:112841416:A:G	single nucleotide variant	synonymous variant	Benign/Likely benign	Jan 19, 2026	criteria provided, multiple submitters, no conflicts							
NM_000038.6(APC):c.5829A>G (p.Arg1943=)	APC		Hereditary cancer-predisposing syndrome|Familial adenomatous polyposis 1	VCV001749920	5	112177120	5	112841423	1749920	1810839	rs2149950322	NC_000005.10:112841422:A:G	single nucleotide variant	synonymous variant|non-coding transcript variant	Benign/Likely benign	Apr 2, 2024	criteria provided, multiple submitters, no conflicts							
NM_000038.6(APC):c.5832G>A (p.Gly1944=)	APC		Familial adenomatous polyposis 1	VCV003253797	5	112177123	5	112841426	3253797	3412578	rs1286149699	NC_000005.10:112841425:G:A	single nucleotide variant	synonymous variant|non-coding transcript variant	Benign/Likely benign	Aug 15, 2024	criteria provided, multiple submitters, no conflicts							
NM_000038.6(APC):c.5838A>G (p.Ala1946=)	APC		Hereditary cancer-predisposing syndrome|Familial adenomatous polyposis 1	VCV003253769	5	112177129	5	112841432	3253769	3412550	rs2149950539	NC_000005.10:112841431:A:G	single nucleotide variant	synonymous variant|non-coding transcript variant	Benign/Likely benign	Jan 26, 2026	criteria provided, multiple submitters, no conflicts							
NM_000038.6(APC):c.5841T>G (p.Thr1947=)	APC		Hereditary cancer-predisposing syndrome|Familial adenomatous polyposis 1|Classic or attenuated familial adenomatous polyposis	VCV000428126	5	112177132	5	112841435	428126	419668	rs1114167570	NC_000005.10:112841434:T:G	single nucleotide variant	synonymous variant	Benign/Likely benign	Aug 29, 2025	criteria provided, multiple submitters, no conflicts							
NM_000038.6(APC):c.5844T>C (p.Asp1948=)	APC		Familial adenomatous polyposis 1	VCV003253975	5	112177135	5	112841438	3253975	3412756	rs1766064051	NC_000005.10:112841437:T:C	single nucleotide variant	synonymous variant|non-coding transcript variant	Benign	Apr 2, 2024	criteria provided, single submitter							
NM_000038.6(APC):c.5847A>G (p.Glu1949=)	APC		Hereditary cancer-predisposing syndrome|not provided|Familial adenomatous polyposis 1	VCV000537694	5	112177138	5	112841441	537694	520825	rs1554087029	NC_000005.10:112841440:A:G	single nucleotide variant	synonymous variant	Benign/Likely benign	Feb 5, 2025	criteria provided, multiple submitters, no conflicts							
NM_000038.6(APC):c.5850G>A (p.Lys1950=)	APC		Familial adenomatous polyposis 1|Hereditary cancer-predisposing syndrome	VCV000485103	5	112177141	5	112841444	485103	473874	rs1554087034	NC_000005.10:112841443:G:A	single nucleotide variant	synonymous variant	Benign/Likely benign	Apr 3, 2024	criteria provided, multiple submitters, no conflicts							
NM_000038.6(APC):c.5853A>G (p.Leu1951=)	APC		Hereditary cancer-predisposing syndrome|Familial adenomatous polyposis 1	VCV003253874	5	112177144	5	112841447	3253874	3412655	rs2149950921	NC_000005.10:112841446:A:G	single nucleotide variant	synonymous variant|non-coding transcript variant	Benign/Likely benign	Apr 20, 2025	criteria provided, multiple submitters, no conflicts							
NM_000038.6(APC):c.5854C>T (p.Gln1952Ter)	APC	Q1568*, Q1669*, Q1792*, Q1823*, Q1826*, Q1851*, Q1861*, Q1869*, Q1893*, Q1911*, Q1924*, Q1927*, Q1934*, Q1942*, Q1945*, Q1952*, Q1962*, Q1970*, Q1980*	Familial adenomatous polyposis 1	VCV002584250	5	112177145	5	112841448	2584250	2751816	rs1166934042	NC_000005.10:112841447:C:T	single nucleotide variant	nonsense|non-coding transcript variant	Pathogenic	May 15, 2023	criteria provided, single submitter							
NM_000038.6(APC):c.5865T>A (p.Ala1955=)	APC		Hereditary cancer-predisposing syndrome|Familial adenomatous polyposis 1	VCV000928119	5	112177156	5	112841459	928119	910039	rs1060504868	NC_000005.10:112841458:T:A	single nucleotide variant	synonymous variant	Benign/Likely benign	Apr 3, 2024	criteria provided, multiple submitters, no conflicts							
NM_000038.6(APC):c.5865T>C (p.Ala1955=)	APC		Familial adenomatous polyposis 1|Hereditary cancer-predisposing syndrome	VCV000416713	5	112177156	5	112841459	416713	394586	rs1060504868	NC_000005.10:112841458:T:C	single nucleotide variant	synonymous variant	Benign/Likely benign	Oct 1, 2025	criteria provided, multiple submitters, no conflicts							
NM_000038.6(APC):c.5877T>A (p.Thr1959=)	APC		Hereditary cancer-predisposing syndrome|not specified|Familial adenomatous polyposis 1	VCV000416740	5	112177168	5	112841471	416740	394602	rs369899251	NC_000005.10:112841470:T:A	single nucleotide variant	synonymous variant	Benign/Likely benign	May 23, 2025	criteria provided, multiple submitters, no conflicts							
NM_000038.6(APC):c.5880G>A (p.Pro1960=)	APC		APC-Associated Polyposis Disorders|Hereditary cancer-predisposing syndrome|not specified|not provided|Familial adenomatous polyposis 1	VCV000042247	5	112177171	5	112841474	42247	51417	rs465899	NC_000005.10:112841473:G:A	single nucleotide variant	synonymous variant	Benign	Feb 4, 2026	criteria provided, multiple submitters, no conflicts							
NM_000038.6(APC):c.5886C>T (p.Cys1962=)	APC		Hereditary cancer-predisposing syndrome|Familial adenomatous polyposis 1	VCV001750282	5	112177177	5	112841480	1750282	1807260	rs1766078305	NC_000005.10:112841479:C:T	single nucleotide variant	synonymous variant|non-coding transcript variant	Benign/Likely benign	Apr 3, 2024	criteria provided, multiple submitters, no conflicts							
NM_000038.6(APC):c.5889T>C (p.Phe1963=)	APC		Familial adenomatous polyposis 1	VCV003254463	5	112177180	5	112841483	3254463	3413241	rs2149951887	NC_000005.10:112841482:T:C	single nucleotide variant	synonymous variant|non-coding transcript variant	Benign	Apr 3, 2024	criteria provided, single submitter							
NM_000038.6(APC):c.5901C>G (p.Ser1967=)	APC		Familial adenomatous polyposis 1	VCV003254464	5	112177192	5	112841495	3254464	3413242	rs1561603572	NC_000005.10:112841494:C:G	single nucleotide variant	synonymous variant|non-coding transcript variant	Benign	Apr 3, 2024	criteria provided, single submitter							
NM_000038.6(APC):c.5901C>T (p.Ser1967=)	APC		Familial adenomatous polyposis 1|Hereditary cancer-predisposing syndrome	VCV000627980	5	112177192	5	112841495	627980	617195	rs1561603572	NC_000005.10:112841494:C:T	single nucleotide variant	synonymous variant	Benign/Likely benign	Apr 3, 2024	criteria provided, multiple submitters, no conflicts							
NM_000038.6(APC):c.5905C>T (p.Leu1969=)	APC		Hereditary cancer-predisposing syndrome|Familial adenomatous polyposis 1	VCV001135264	5	112177196	5	112841499	1135264	1115189	rs2149952239	NC_000005.10:112841498:C:T	single nucleotide variant	synonymous variant	Benign/Likely benign	Dec 13, 2025	criteria provided, multiple submitters, no conflicts							
NM_000038.6(APC):c.5907G>A (p.Leu1969=)	APC		Familial adenomatous polyposis 1	VCV003253783	5	112177198	5	112841501	3253783	3412564	rs200881543	NC_000005.10:112841500:G:A	single nucleotide variant	synonymous variant|non-coding transcript variant	Benign	Apr 3, 2024	criteria provided, single submitter							
NM_000038.6(APC):c.5907G>C (p.Leu1969=)	APC		not specified|not provided|Classic or attenuated familial adenomatous polyposis|Hereditary cancer-predisposing syndrome|Familial adenomatous polyposis 1	VCV000187543	5	112177198	5	112841501	187543	182431	rs200881543	NC_000005.10:112841500:G:C	single nucleotide variant	synonymous variant	Benign/Likely benign	Jan 18, 2026	criteria provided, multiple submitters, no conflicts							
NM_000038.6(APC):c.5916C>A (p.Leu1972=)	APC		Hereditary cancer-predisposing syndrome|Familial adenomatous polyposis 1	VCV003254086	5	112177207	5	112841510	3254086	3412866	rs1060504870	NC_000005.10:112841509:C:A	single nucleotide variant	synonymous variant|non-coding transcript variant	Benign/Likely benign	Mar 7, 2025	criteria provided, multiple submitters, no conflicts							
NM_000038.6(APC):c.5919T>C (p.Ser1973=)	APC		Familial adenomatous polyposis 1	VCV001127118	5	112177210	5	112841513	1127118	1115190	rs1580665628	NC_000005.10:112841512:T:C	single nucleotide variant	synonymous variant	Benign/Likely benign	Apr 3, 2024	criteria provided, multiple submitters, no conflicts							
NM_000038.6(APC):c.5922C>T (p.Asp1974=)	APC		Hereditary cancer-predisposing syndrome|not specified|Familial adenomatous polyposis 1	VCV000387123	5	112177213	5	112841516	387123	368076	rs1057522700	NC_000005.10:112841515:C:T	single nucleotide variant	synonymous variant	Benign/Likely benign	May 26, 2024	criteria provided, multiple submitters, no conflicts							
NM_000038.6(APC):c.5928C>T (p.Asp1976=)	APC		Hereditary cancer-predisposing syndrome|Familial adenomatous polyposis 1	VCV001543787	5	112177219	5	112841522	1543787	1557942	rs1272676665	NC_000005.10:112841521:C:T	single nucleotide variant	synonymous variant	Benign/Likely benign	Mar 28, 2026	criteria provided, multiple submitters, no conflicts							
NM_000038.6(APC):c.5934A>G (p.Glu1978=)	APC		Familial adenomatous polyposis 1	VCV001153868	5	112177225	5	112841528	1153868	1136131	rs2149952850	NC_000005.10:112841527:A:G	single nucleotide variant	synonymous variant	Benign/Likely benign	Apr 3, 2024	criteria provided, multiple submitters, no conflicts							
NM_000038.6(APC):c.5940C>T (p.Asn1980=)	APC		Hereditary cancer-predisposing syndrome|Familial adenomatous polyposis 1	VCV000751636	5	112177231	5	112841534	751636	764713	rs147598747	NC_000005.10:112841533:C:T	single nucleotide variant	synonymous variant	Benign/Likely benign	Nov 13, 2024	criteria provided, multiple submitters, no conflicts							
NM_000038.6(APC):c.5944A>T (p.Lys1982Ter)	APC	K1964*, K1982*, K1941*, K1954*, K1992*, K1891*, K1822*, K1856*, K1923*, K1957*, K2000*, K1699*, K1881*	Familial adenomatous polyposis 1|Hereditary cancer-predisposing syndrome	VCV000233824	5	112177235	5	112841538	233824	233160	rs876660665	NC_000005.10:112841537:A:T	single nucleotide variant	nonsense	Pathogenic	May 15, 2023	criteria provided, multiple submitters, no conflicts							
NM_000038.6(APC):c.5953G>T (p.Glu1985Ter)	APC	E1702*, E1894*, E1960*, E2003*, E2013*, E1825*, E1859*, E1978*, E1995*, E1601*, E1856*, E1884*, E1902*, E1967*, E1985*, E1926*, E1944*, E1957*, E1975*	Familial adenomatous polyposis 1	VCV002134377	5	112177244	5	112841547	2134377	2187096	rs1561604028	NC_000005.10:112841546:G:T	single nucleotide variant	nonsense	Pathogenic	Jan 19, 2023	criteria provided, single submitter							
NM_000038.6(APC):c.5958T>C (p.Pro1986=)	APC		Familial adenomatous polyposis 1	VCV003254514	5	112177249	5	112841552	3254514	3413292	rs1580666062	NC_000005.10:112841551:T:C	single nucleotide variant	synonymous variant|non-coding transcript variant	Benign	Apr 3, 2024	criteria provided, single submitter							
NM_000038.6(APC):c.5958T>G (p.Pro1986=)	APC		not provided|Familial adenomatous polyposis 1	VCV000747573	5	112177249	5	112841552	747573	749139	rs1580666062	NC_000005.10:112841551:T:G	single nucleotide variant	synonymous variant	Benign/Likely benign	Apr 3, 2024	criteria provided, multiple submitters, no conflicts							
NM_000038.6(APC):c.5964A>G (p.Lys1988=)	APC		Hereditary cancer-predisposing syndrome|Familial adenomatous polyposis 1	VCV000705507	5	112177255	5	112841558	705507	691650	rs1580666126	NC_000005.10:112841557:A:G	single nucleotide variant	synonymous variant	Benign/Likely benign	Oct 11, 2025	criteria provided, multiple submitters, no conflicts							
NM_000038.6(APC):c.5970T>C (p.Thr1990=)	APC		Hereditary cancer-predisposing syndrome|Familial adenomatous polyposis 1	VCV001540290	5	112177261	5	112841564	1540290	1544907	rs2149953753	NC_000005.10:112841563:T:C	single nucleotide variant	synonymous variant	Benign/Likely benign	May 24, 2025	criteria provided, multiple submitters, no conflicts							
NM_000038.6(APC):c.5973G>A (p.Glu1991=)	APC		Familial adenomatous polyposis 1	VCV000763690	5	112177264	5	112841567	763690	764714	rs1580666230	NC_000005.10:112841566:G:A	single nucleotide variant	synonymous variant	Benign/Likely benign	Apr 3, 2024	criteria provided, multiple submitters, no conflicts							
NM_000038.6(APC):c.5976C>G (p.Pro1992=)	APC		Familial adenomatous polyposis 1	VCV000750723	5	112177267	5	112841570	750723	749140	rs768878237	NC_000005.10:112841569:C:G	single nucleotide variant	synonymous variant	Benign/Likely benign	Oct 23, 2025	criteria provided, multiple submitters, no conflicts							
NM_000038.6(APC):c.5976C>A (p.Pro1992=)	APC		Familial adenomatous polyposis 1|Hereditary cancer-predisposing syndrome|Classic or attenuated familial adenomatous polyposis|not specified	VCV000490324	5	112177267	5	112841570	490324	484029	rs768878237	NC_000005.10:112841569:C:A	single nucleotide variant	synonymous variant	Benign/Likely benign	Dec 14, 2025	criteria provided, multiple submitters, no conflicts							
NM_000038.6(APC):c.5985A>G (p.Ser1995=)	APC		Familial adenomatous polyposis 1	VCV001558924	5	112177276	5	112841579	1558924	1563589	rs2149954214	NC_000005.10:112841578:A:G	single nucleotide variant	synonymous variant	Benign/Likely benign	Apr 3, 2024	criteria provided, multiple submitters, no conflicts							
NM_000038.6(APC):c.5988G>A (p.Gln1996=)	APC		Familial adenomatous polyposis 1	VCV003253847	5	112177279	5	112841582	3253847	3412628	rs2149954314	NC_000005.10:112841581:G:A	single nucleotide variant	synonymous variant|non-coding transcript variant	Benign	Apr 3, 2024	criteria provided, single submitter							
NM_000038.6(APC):c.5997A>G (p.Pro1999=)	APC		Familial adenomatous polyposis 1	VCV003254052	5	112177288	5	112841591	3254052	3412833	rs1766109898	NC_000005.10:112841590:A:G	single nucleotide variant	synonymous variant|non-coding transcript variant	Benign	Apr 3, 2024	criteria provided, single submitter							
NM_000038.6(APC):c.6006T>G (p.Pro2002=)	APC		Hereditary cancer-predisposing syndrome|not provided|Familial adenomatous polyposis 1	VCV000230342	5	112177297	5	112841600	230342	233163	rs876658513	NC_000005.10:112841599:T:G	single nucleotide variant	synonymous variant	Benign/Likely benign	May 23, 2025	criteria provided, multiple submitters, no conflicts							
NM_000038.6(APC):c.6009A>G (p.Gln2003=)	APC		Familial adenomatous polyposis 1|Hereditary cancer-predisposing syndrome	VCV000490327	5	112177300	5	112841603	490327	483892	rs1292898950	NC_000005.10:112841602:A:G	single nucleotide variant	synonymous variant	Benign/Likely benign	Jun 9, 2025	criteria provided, multiple submitters, no conflicts							
NM_000038.6(APC):c.6012A>T (p.Ala2004=)	APC		Hereditary cancer-predisposing syndrome|Familial adenomatous polyposis 1	VCV000763768	5	112177303	5	112841606	763768	764715	rs1057521822	NC_000005.10:112841605:A:T	single nucleotide variant	synonymous variant	Benign/Likely benign	Feb 25, 2025	criteria provided, multiple submitters, no conflicts							
NM_000038.6(APC):c.6012A>G (p.Ala2004=)	APC		APC-related disorder|Hereditary cancer-predisposing syndrome|not provided|Familial adenomatous polyposis 1	VCV000384019	5	112177303	5	112841606	384019	368083	rs1057521822	NC_000005.10:112841605:A:G	single nucleotide variant	synonymous variant	Benign/Likely benign	Jan 2, 2026	criteria provided, multiple submitters, no conflicts							
NM_000038.6(APC):c.6014C>G (p.Ser2005Ter)	APC	S1980*, S2023*, S2033*, S1621*, S1722*, S1879*, S1946*, S1964*, S1998*, S2015*, S1845*, S1876*, S1922*, S1977*, S2005*, S1904*, S1914*, S1987*, S1995*	Familial adenomatous polyposis 1|Hereditary cancer-predisposing syndrome	VCV004575262	5	112177305	5	112841608	4575262	4686309		NC_000005.10:112841607:C:G	single nucleotide variant	nonsense|non-coding transcript variant	Pathogenic/Likely pathogenic	Sep 15, 2025	criteria provided, multiple submitters, no conflicts							
NM_000038.6(APC):c.6018C>G (p.Gly2006=)	APC		Familial adenomatous polyposis 1|Hereditary cancer-predisposing syndrome	VCV002700793	5	112177309	5	112841612	2700793	2865633	rs1328658295	NC_000005.10:112841611:C:G	single nucleotide variant	synonymous variant|non-coding transcript variant	Benign/Likely benign	Dec 22, 2024	criteria provided, multiple submitters, no conflicts							
NM_000038.6(APC):c.6024T>C (p.Ala2008=)	APC		Familial adenomatous polyposis 1	VCV003254446	5	112177315	5	112841618	3254446	3413224	rs2149955147	NC_000005.10:112841617:T:C	single nucleotide variant	synonymous variant|non-coding transcript variant	Benign	Apr 3, 2024	criteria provided, single submitter							
NM_000038.6(APC):c.6033A>G (p.Ser2011=)	APC		Classic or attenuated familial adenomatous polyposis|Hereditary cancer-predisposing syndrome|Familial adenomatous polyposis 1	VCV000928430	5	112177324	5	112841627	928430	910044	rs750703971	NC_000005.10:112841626:A:G	single nucleotide variant	synonymous variant	Benign/Likely benign	Aug 13, 2025	criteria provided, multiple submitters, no conflicts							
NM_000038.6(APC):c.6039T>C (p.His2013=)	APC		Familial adenomatous polyposis 1|Hereditary cancer-predisposing syndrome	VCV000537675	5	112177330	5	112841633	537675	520829	rs1554087166	NC_000005.10:112841632:T:C	single nucleotide variant	synonymous variant	Benign/Likely benign	Apr 3, 2024	criteria provided, multiple submitters, no conflicts							
NM_000038.6(APC):c.6048T>C (p.Asp2016=)	APC		Familial adenomatous polyposis 1	VCV001548955	5	112177339	5	112841642	1548955	1573070	rs2149955691	NC_000005.10:112841641:T:C	single nucleotide variant	synonymous variant	Benign/Likely benign	Apr 3, 2024	criteria provided, multiple submitters, no conflicts							
NM_000038.6(APC):c.6051C>T (p.Thr2017=)	APC		Familial adenomatous polyposis 1	VCV003053781	5	112177342	5	112841645	3053781	3221201	rs2149955763	NC_000005.10:112841644:C:T	single nucleotide variant	synonymous variant|non-coding transcript variant	Benign	Apr 3, 2024	criteria provided, single submitter							
NM_000038.6(APC):c.6054A>G (p.Pro2018=)	APC		Familial adenomatous polyposis 1|Classic or attenuated familial adenomatous polyposis|Hereditary cancer-predisposing syndrome	VCV000470033	5	112177345	5	112841648	470033	454045	rs967247502	NC_000005.10:112841647:A:G	single nucleotide variant	synonymous variant	Benign/Likely benign	Dec 20, 2025	criteria provided, multiple submitters, no conflicts							
NM_000038.6(APC):c.6063C>T (p.Phe2021=)	APC		Classic or attenuated familial adenomatous polyposis|APC-related disorder|Hereditary cancer-predisposing syndrome|Familial adenomatous polyposis 1	VCV000186942	5	112177354	5	112841657	186942	182434	rs786203342	NC_000005.10:112841656:C:T	single nucleotide variant	synonymous variant	Benign/Likely benign	Jul 22, 2026	criteria provided, multiple submitters, no conflicts							
NM_000038.6(APC):c.6065C>G (p.Ser2022Ter)	APC	S2004*, S2022*, S1739*, S1896*, S1963*, S1981*, S1994*, S1862*, S1921*, S1931*, S2040*, S2032*, S1997*	Familial adenomatous polyposis 1	VCV000470034	5	112177356	5	112841659	470034	454549	rs1554087174	NC_000005.10:112841658:C:G	single nucleotide variant	nonsense	Pathogenic	May 15, 2023	criteria provided, multiple submitters, no conflicts							
NM_000038.6(APC):c.6066A>G (p.Ser2022=)	APC		Hereditary cancer-predisposing syndrome|Familial adenomatous polyposis 1	VCV001751348	5	112177357	5	112841660	1751348	1810969	rs1169097707	NC_000005.10:112841659:A:G	single nucleotide variant	synonymous variant|non-coding transcript variant	Benign/Likely benign	Apr 3, 2024	criteria provided, multiple submitters, no conflicts							
NM_000038.6(APC):c.6081C>T (p.Leu2027=)	APC		Familial adenomatous polyposis 1|Hereditary cancer-predisposing syndrome	VCV001050397	5	112177372	5	112841675	1050397	1037590	rs1316220949	NC_000005.10:112841674:C:T	single nucleotide variant	synonymous variant	Benign/Likely benign	Apr 3, 2024	criteria provided, multiple submitters, no conflicts							
NM_000038.6(APC):c.6087T>A (p.Ser2029=)	APC		Familial adenomatous polyposis 1	VCV003254233	5	112177378	5	112841681	3254233	3413012	rs1554087193	NC_000005.10:112841680:T:A	single nucleotide variant	synonymous variant|non-coding transcript variant	Benign	Apr 3, 2024	criteria provided, single submitter							
NM_000038.6(APC):c.6087T>C (p.Ser2029=)	APC		Hereditary cancer-predisposing syndrome|Familial adenomatous polyposis 1	VCV000482345	5	112177378	5	112841681	482345	473884	rs1554087193	NC_000005.10:112841680:T:C	single nucleotide variant	synonymous variant	Benign/Likely benign	Apr 3, 2024	criteria provided, multiple submitters, no conflicts							
NM_000038.6(APC):c.6090T>C (p.Leu2030=)	APC		Hereditary cancer-predisposing syndrome|Familial adenomatous polyposis 1	VCV000187711	5	112177381	5	112841684	187711	182435	rs786203943	NC_000005.10:112841683:T:C	single nucleotide variant	synonymous variant	Benign/Likely benign	Apr 3, 2024	criteria provided, multiple submitters, no conflicts							
NM_000038.6(APC):c.6099C>T (p.Asp2033=)	APC		Hereditary cancer-predisposing syndrome|Familial adenomatous polyposis 1	VCV003230836	5	112177390	5	112841693	3230836	3382677	rs370532497	NC_000005.10:112841692:C:T	single nucleotide variant	synonymous variant|non-coding transcript variant	Benign/Likely benign	Apr 3, 2024	criteria provided, multiple submitters, no conflicts							
NM_000038.6(APC):c.6102T>C (p.Ser2034=)	APC		Familial adenomatous polyposis 1	VCV001155828	5	112177393	5	112841696	1155828	1136134	rs2149957033	NC_000005.10:112841695:T:C	single nucleotide variant	synonymous variant	Benign/Likely benign	Apr 3, 2024	criteria provided, multiple submitters, no conflicts							
NM_000038.6(APC):c.6112C>T (p.Leu2038=)	APC		Familial adenomatous polyposis 1	VCV001612162	5	112177403	5	112841706	1612162	1535790	rs1433119360	NC_000005.10:112841705:C:T	single nucleotide variant	synonymous variant	Benign/Likely benign	Apr 3, 2024	criteria provided, multiple submitters, no conflicts							
NM_000038.6(APC):c.6114G>A (p.Leu2038=)	APC		Hereditary cancer-predisposing syndrome|Classic or attenuated familial adenomatous polyposis|Familial adenomatous polyposis 1	VCV001751695	5	112177405	5	112841708	1751695	1811316	rs1580667688	NC_000005.10:112841707:G:A	single nucleotide variant	synonymous variant|non-coding transcript variant	Benign/Likely benign	Apr 3, 2024	criteria provided, multiple submitters, no conflicts							
NM_000038.6(APC):c.6114G>C (p.Leu2038=)	APC		Hereditary cancer-predisposing syndrome|Familial adenomatous polyposis 1	VCV001091857	5	112177405	5	112841708	1091857	1072056	rs1580667688	NC_000005.10:112841707:G:C	single nucleotide variant	synonymous variant	Benign/Likely benign	May 17, 2024	criteria provided, multiple submitters, no conflicts							
NM_000038.6(APC):c.6117G>A (p.Leu2039=)	APC		Hereditary cancer-predisposing syndrome|Familial adenomatous polyposis 1	VCV000231125	5	112177408	5	112841711	231125	233165	rs372418435	NC_000005.10:112841710:G:A	single nucleotide variant	synonymous variant	Benign/Likely benign	Apr 3, 2024	criteria provided, multiple submitters, no conflicts							
NM_000038.6(APC):c.6118C>T (p.Gln2040Ter)	APC	Q1656*, Q1757*, Q1914*, Q1949*, Q1957*, Q1981*, Q2012*, Q2030*, Q2033*, Q1939*, Q2015*, Q1880*, Q1911*, Q2058*, Q2068*, Q1999*, Q2022*, Q2040*, Q2050*	Familial adenomatous polyposis 1	VCV003148150	5	112177409	5	112841712	3148150	3307398	rs1561605138	NC_000005.10:112841711:C:T	single nucleotide variant	nonsense|non-coding transcript variant	Pathogenic	Jan 2, 2024	criteria provided, single submitter							
NM_000038.6(APC):c.6121G>T (p.Glu2041Ter)	APC	E1657*, E1758*, E1881*, E1912*, E1915*, E1940*, E1950*, E1958*, E1982*, E2000*, E2013*, E2016*, E2023*, E2031*, E2034*, E2041*, E2051*, E2059*, E2069*	Familial adenomatous polyposis 1	VCV002584241	5	112177412	5	112841715	2584241	2751807	rs1561605162	NC_000005.10:112841714:G:T	single nucleotide variant	nonsense|non-coding transcript variant	Pathogenic	May 15, 2023	criteria provided, single submitter							
NM_000038.6(APC):c.6126T>C (p.Cys2042=)	APC		Hereditary cancer-predisposing syndrome|Familial adenomatous polyposis 1|not specified	VCV001119137	5	112177417	5	112841720	1119137	1093655	rs2149957726	NC_000005.10:112841719:T:C	single nucleotide variant	synonymous variant	Benign/Likely benign	Jul 5, 2025	criteria provided, multiple submitters, no conflicts							
NM_000038.6(APC):c.6132C>T (p.Ser2044=)	APC		Hereditary cancer-predisposing syndrome|Familial adenomatous polyposis 1|not specified	VCV000517111	5	112177423	5	112841726	517111	501093	rs1554087237	NC_000005.10:112841725:C:T	single nucleotide variant	synonymous variant	Benign/Likely benign	Dec 9, 2025	criteria provided, multiple submitters, no conflicts							
NM_000038.6(APC):c.6135C>T (p.Ser2045=)	APC		Classic or attenuated familial adenomatous polyposis|Hereditary cancer-predisposing syndrome|not specified|not provided|Familial adenomatous polyposis 1	VCV000135711	5	112177426	5	112841729	135711	139423	rs187297940	NC_000005.10:112841728:C:T	single nucleotide variant	synonymous variant	Benign/Likely benign	Jun 1, 2026	criteria provided, multiple submitters, no conflicts							
NM_000038.6(APC):c.6156G>A (p.Lys2052=)	APC		not specified|Familial adenomatous polyposis 1|Hereditary cancer-predisposing syndrome	VCV000765007	5	112177447	5	112841750	765007	764717	rs1580668268	NC_000005.10:112841749:G:A	single nucleotide variant	synonymous variant	Benign/Likely benign	Nov 9, 2025	criteria provided, multiple submitters, no conflicts							
NM_000038.6(APC):c.6162A>C (p.Ser2054=)	APC		Hereditary cancer-predisposing syndrome|Familial adenomatous polyposis 1	VCV003254224	5	112177453	5	112841756	3254224	3413003	rs776160547	NC_000005.10:112841755:A:C	single nucleotide variant	synonymous variant|non-coding transcript variant	Benign/Likely benign	May 2, 2026	criteria provided, multiple submitters, no conflicts							
NM_000038.6(APC):c.6162A>G (p.Ser2054=)	APC		Hereditary cancer-predisposing syndrome|not specified|Familial adenomatous polyposis 1|Classic or attenuated familial adenomatous polyposis|not provided	VCV000482238	5	112177453	5	112841756	482238	473838	rs776160547	NC_000005.10:112841755:A:G	single nucleotide variant	synonymous variant	Benign/Likely benign	Jan 6, 2026	criteria provided, multiple submitters, no conflicts							
NM_000038.6(APC):c.6165A>G (p.Arg2055=)	APC		Familial adenomatous polyposis 1	VCV003253974	5	112177456	5	112841759	3253974	3412755	rs2149958650	NC_000005.10:112841758:A:G	single nucleotide variant	synonymous variant|non-coding transcript variant	Benign	Apr 3, 2024	criteria provided, single submitter							
NM_000038.6(APC):c.6168C>T (p.Leu2056=)	APC		Familial adenomatous polyposis 1	VCV002153807	5	112177459	5	112841762	2153807	1892582	rs878853461	NC_000005.10:112841761:C:T	single nucleotide variant	synonymous variant|non-coding transcript variant	Benign/Likely benign	Apr 3, 2024	criteria provided, multiple submitters, no conflicts							
NM_000038.6(APC):c.6168C>G (p.Leu2056=)	APC		Classic or attenuated familial adenomatous polyposis|Hereditary cancer-predisposing syndrome|not provided|Familial adenomatous polyposis 1	VCV000236628	5	112177459	5	112841762	236628	239597	rs878853461	NC_000005.10:112841761:C:G	single nucleotide variant	synonymous variant	Benign/Likely benign	Jun 4, 2025	criteria provided, multiple submitters, no conflicts							
NM_000038.6(APC):c.6169A>T (p.Lys2057Ter)	APC	K1673*, K1774*, K1897*, K1928*, K1931*, K1956*, K1966*, K1974*, K1998*, K2016*, K2029*, K2032*, K2039*, K2047*, K2050*, K2057*, K2067*, K2075*, K2085*	Familial adenomatous polyposis 1	VCV002584325	5	112177460	5	112841763	2584325	2751891	rs1561605597	NC_000005.10:112841762:A:T	single nucleotide variant	nonsense|non-coding transcript variant	Pathogenic	May 15, 2023	criteria provided, single submitter							
NM_000038.6(APC):c.6177T>C (p.Asp2059=)	APC		Hereditary cancer-predisposing syndrome|Classic or attenuated familial adenomatous polyposis|Familial adenomatous polyposis 1	VCV001621552	5	112177468	5	112841771	1621552	1528698	rs2149958958	NC_000005.10:112841770:T:C	single nucleotide variant	synonymous variant	Benign/Likely benign	Jan 26, 2026	criteria provided, multiple submitters, no conflicts							
NM_000038.6(APC):c.6180T>C (p.Asn2060=)	APC		Familial adenomatous polyposis 1	VCV003254465	5	112177471	5	112841774	3254465	3413243	rs2149959039	NC_000005.10:112841773:T:C	single nucleotide variant	synonymous variant|non-coding transcript variant	Benign/Likely benign	Jul 4, 2024	criteria provided, multiple submitters, no conflicts							
NM_000038.6(APC):c.6186A>G (p.Lys2062=)	APC		Hereditary cancer-predisposing syndrome|Familial adenomatous polyposis 1	VCV000725498	5	112177477	5	112841780	725498	734802	rs1064796527	NC_000005.10:112841779:A:G	single nucleotide variant	synonymous variant	Benign/Likely benign	Jan 14, 2026	criteria provided, multiple submitters, no conflicts							
NM_000038.6(APC):c.6189T>C (p.His2063=)	APC		not provided|Familial adenomatous polyposis 1	VCV000754703	5	112177480	5	112841783	754703	764718	rs1580668553	NC_000005.10:112841782:T:C	single nucleotide variant	synonymous variant	Benign/Likely benign	Apr 1, 2026	criteria provided, multiple submitters, no conflicts							
NM_000038.6(APC):c.6195C>G (p.Pro2065=)	APC		Hereditary cancer-predisposing syndrome|Familial adenomatous polyposis 1	VCV001116647	5	112177486	5	112841789	1116647	1093657	rs2149959395	NC_000005.10:112841788:C:G	single nucleotide variant	synonymous variant	Benign/Likely benign	Apr 4, 2024	criteria provided, multiple submitters, no conflicts							
NM_000038.6(APC):c.6201T>C (p.Asn2067=)	APC		Classic or attenuated familial adenomatous polyposis|Hereditary cancer-predisposing syndrome|not provided|Familial adenomatous polyposis 1	VCV000231699	5	112177492	5	112841795	231699	233168	rs876659306	NC_000005.10:112841794:T:C	single nucleotide variant	synonymous variant	Benign/Likely benign	Oct 1, 2025	criteria provided, multiple submitters, no conflicts							
NM_000038.6(APC):c.6207T>C (p.Gly2069=)	APC		Familial adenomatous polyposis 1|Hereditary cancer-predisposing syndrome	VCV000766412	5	112177498	5	112841801	766412	764719	rs1580668745	NC_000005.10:112841800:T:C	single nucleotide variant	synonymous variant	Benign/Likely benign	Jul 8, 2024	criteria provided, multiple submitters, no conflicts							
NM_000038.6(APC):c.6213A>C (p.Ile2071=)	APC		Familial adenomatous polyposis 1	VCV003254466	5	112177504	5	112841807	3254466	3413244	rs876660358	NC_000005.10:112841806:A:C	single nucleotide variant	synonymous variant|non-coding transcript variant	Benign	Apr 4, 2024	criteria provided, single submitter							
NM_000038.6(APC):c.6214T>C (p.Leu2072=)	APC		Familial adenomatous polyposis 1	VCV003254426	5	112177505	5	112841808	3254426	3413204	rs2149959828	NC_000005.10:112841807:T:C	single nucleotide variant	synonymous variant|non-coding transcript variant	Benign	Apr 4, 2024	criteria provided, single submitter							
NM_000038.6(APC):c.6215T>G (p.Leu2072Ter)	APC	L1688*, L1789*, L1912*, L1943*, L1946*, L1971*, L1981*, L1989*, L2013*, L2031*, L2044*, L2047*, L2054*, L2062*, L2065*, L2072*, L2082*, L2090*, L2100*	Familial adenomatous polyposis 1	VCV002583325	5	112177506	5	112841809	2583325	2750896	rs2533698639	NC_000005.10:112841808:T:G	single nucleotide variant	nonsense|non-coding transcript variant	Pathogenic	May 15, 2023	criteria provided, single submitter							
NM_000038.6(APC):c.6219T>G (p.Gly2073=)	APC		Classic or attenuated familial adenomatous polyposis|APC-related disorder|not specified|Hereditary cancer-predisposing syndrome|not provided|Familial adenomatous polyposis 1	VCV000183832	5	112177510	5	112841813	183832	182439	rs766559927	NC_000005.10:112841812:T:G	single nucleotide variant	synonymous variant	Benign/Likely benign	Feb 3, 2026	criteria provided, multiple submitters, no conflicts							
NM_000038.6(APC):c.6222A>G (p.Glu2074=)	APC		Familial adenomatous polyposis 1|Hereditary cancer-predisposing syndrome	VCV000650352	5	112177513	5	112841816	650352	632786	rs1284434276	NC_000005.10:112841815:A:G	single nucleotide variant	synonymous variant	Benign/Likely benign	Aug 24, 2025	criteria provided, multiple submitters, no conflicts							
NM_000038.6(APC):c.6231A>C (p.Thr2077=)	APC		Hereditary cancer-predisposing syndrome|Familial adenomatous polyposis 1	VCV000764453	5	112177522	5	112841825	764453	764720	rs1580668899	NC_000005.10:112841824:A:C	single nucleotide variant	synonymous variant	Benign/Likely benign	Nov 9, 2025	criteria provided, multiple submitters, no conflicts							
NM_000038.6(APC):c.6234T>C (p.Leu2078=)	APC		Familial adenomatous polyposis 1|Hereditary cancer-predisposing syndrome	VCV001158817	5	112177525	5	112841828	1158817	1136135	rs1766168375	NC_000005.10:112841827:T:C	single nucleotide variant	synonymous variant	Benign/Likely benign	Aug 13, 2025	criteria provided, multiple submitters, no conflicts							
NM_000038.6(APC):c.6246T>C (p.Asp2082=)	APC		not specified|Familial adenomatous polyposis 1|Hereditary cancer-predisposing syndrome	VCV000382181	5	112177537	5	112841840	382181	368171	rs920756837	NC_000005.10:112841839:T:C	single nucleotide variant	synonymous variant	Benign/Likely benign	Apr 9, 2024	criteria provided, multiple submitters, no conflicts							
NM_000038.6(APC):c.6258A>C (p.Pro2086=)	APC		Familial adenomatous polyposis 1|Hereditary cancer-predisposing syndrome	VCV003009703	5	112177549	5	112841852	3009703	3180393	rs1766174069	NC_000005.10:112841851:A:C	single nucleotide variant	synonymous variant|non-coding transcript variant	Benign/Likely benign	Jul 14, 2025	criteria provided, multiple submitters, no conflicts							
NM_000038.6(APC):c.6264A>G (p.Ser2088=)	APC		Hereditary cancer-predisposing syndrome|Familial adenomatous polyposis 1	VCV001139882	5	112177555	5	112841858	1139882	1115193	rs2149960978	NC_000005.10:112841857:A:G	single nucleotide variant	synonymous variant	Benign/Likely benign	Dec 16, 2024	criteria provided, multiple submitters, no conflicts							
NM_000038.6(APC):c.6273T>G (p.Gly2091=)	APC		Familial adenomatous polyposis 1|Hereditary cancer-predisposing syndrome	VCV001158962	5	112177564	5	112841867	1158962	1136136	rs368356944	NC_000005.10:112841866:T:G	single nucleotide variant	synonymous variant	Benign/Likely benign	Apr 4, 2024	criteria provided, multiple submitters, no conflicts							
NM_000038.6(APC):c.6273T>A (p.Gly2091=)	APC		Hereditary cancer-predisposing syndrome|Familial adenomatous polyposis 1	VCV000919795	5	112177564	5	112841867	919795	910058	rs368356944	NC_000005.10:112841866:T:A	single nucleotide variant	synonymous variant	Benign/Likely benign	Aug 21, 2025	criteria provided, multiple submitters, no conflicts							
NM_000038.6(APC):c.6273T>C (p.Gly2091=)	APC		Familial adenomatous polyposis 1|Hereditary cancer-predisposing syndrome	VCV000490331	5	112177564	5	112841867	490331	483856	rs368356944	NC_000005.10:112841866:T:C	single nucleotide variant	synonymous variant	Benign/Likely benign	Nov 22, 2025	criteria provided, multiple submitters, no conflicts							
NM_000038.6(APC):c.6274C>T (p.Leu2092=)	APC		Familial adenomatous polyposis 1|Hereditary cancer-predisposing syndrome	VCV000470039	5	112177565	5	112841868	470039	454550	rs930830740	NC_000005.10:112841867:C:T	single nucleotide variant	synonymous variant	Benign/Likely benign	Mar 7, 2025	criteria provided, multiple submitters, no conflicts							
NM_000038.6(APC):c.6276A>G (p.Leu2092=)	APC		Classic or attenuated familial adenomatous polyposis|Hereditary cancer-predisposing syndrome|not provided|Familial adenomatous polyposis 1	VCV000391099	5	112177567	5	112841870	391099	369353	rs548566231	NC_000005.10:112841869:A:G	single nucleotide variant	synonymous variant	Benign/Likely benign	Jan 18, 2026	criteria provided, multiple submitters, no conflicts							
NM_000038.6(APC):c.6279C>G (p.Ser2093=)	APC		Hereditary cancer-predisposing syndrome|Familial adenomatous polyposis 1	VCV001752568	5	112177570	5	112841873	1752568	1804423	rs876659090	NC_000005.10:112841872:C:G	single nucleotide variant	synonymous variant|non-coding transcript variant	Benign/Likely benign	Apr 4, 2024	criteria provided, multiple submitters, no conflicts							
NM_000038.6(APC):c.6279C>T (p.Ser2093=)	APC		Familial adenomatous polyposis 1|Hereditary cancer-predisposing syndrome|Classic or attenuated familial adenomatous polyposis	VCV000231321	5	112177570	5	112841873	231321	233171	rs876659090	NC_000005.10:112841872:C:T	single nucleotide variant	synonymous variant	Benign/Likely benign	Jan 13, 2026	criteria provided, multiple submitters, no conflicts							
NM_000038.6(APC):c.6287C>A (p.Ser2096Ter)	APC	S1712*, S1813*, S1936*, S1967*, S1970*, S1995*, S2005*, S2013*, S2037*, S2055*, S2068*, S2071*, S2078*, S2086*, S2089*, S2096*, S2106*, S2114*, S2124*	Familial adenomatous polyposis 1	VCV002583539	5	112177578	5	112841881	2583539	2751110	rs1561606344	NC_000005.10:112841880:C:A	single nucleotide variant	nonsense|non-coding transcript variant	Pathogenic	May 15, 2023	criteria provided, single submitter							
NM_000038.6(APC):c.6297T>C (p.Phe2099=)	APC		Familial adenomatous polyposis 1	VCV001558112	5	112177588	5	112841891	1558112	1541131	rs2149961723	NC_000005.10:112841890:T:C	single nucleotide variant	synonymous variant	Benign/Likely benign	Nov 26, 2025	criteria provided, multiple submitters, no conflicts							
NM_000038.6(APC):c.6300T>C (p.Asp2100=)	APC		Hereditary cancer-predisposing syndrome|Classic or attenuated familial adenomatous polyposis|Familial adenomatous polyposis 1	VCV001692274	5	112177591	5	112841894	1692274	1684714	rs2149961786	NC_000005.10:112841893:T:C	single nucleotide variant	synonymous variant|non-coding transcript variant	Benign/Likely benign	Sep 16, 2025	criteria provided, multiple submitters, no conflicts							
NM_000038.6(APC):c.6303G>A (p.Trp2101Ter)	APC	W1717*, W1818*, W1941*, W1972*, W1975*, W2000*, W2010*, W2018*, W2042*, W2060*, W2073*, W2076*, W2083*, W2091*, W2094*, W2101*, W2111*, W2119*, W2129*	Familial adenomatous polyposis 1	VCV002584225	5	112177594	5	112841897	2584225	2751791	rs2149961882	NC_000005.10:112841896:G:A	single nucleotide variant	nonsense|non-coding transcript variant	Pathogenic	May 15, 2023	criteria provided, single submitter							
NM_000038.6(APC):c.6306A>G (p.Lys2102=)	APC		Hereditary cancer-predisposing syndrome|Familial adenomatous polyposis 1	VCV002110570	5	112177597	5	112841900	2110570	2171034	rs2149961970	NC_000005.10:112841899:A:G	single nucleotide variant	synonymous variant|non-coding transcript variant	Benign/Likely benign	Dec 6, 2025	criteria provided, multiple submitters, no conflicts							
NM_000038.6(APC):c.6315G>A (p.Gln2105=)	APC		Hereditary cancer-predisposing syndrome|Familial adenomatous polyposis 1	VCV000631218	5	112177606	5	112841909	631218	617207	rs1561606468	NC_000005.10:112841908:G:A	single nucleotide variant	synonymous variant	Benign/Likely benign	Apr 4, 2024	criteria provided, multiple submitters, no conflicts							
NM_000038.6(APC):c.6330C>G (p.Ser2110=)	APC		Familial adenomatous polyposis 1|Hereditary cancer-predisposing syndrome	VCV003230859	5	112177621	5	112841924	3230859	3382700	rs2149962502	NC_000005.10:112841923:C:G	single nucleotide variant	synonymous variant|non-coding transcript variant	Benign/Likely benign	Apr 4, 2024	criteria provided, multiple submitters, no conflicts							
NM_000038.6(APC):c.6330C>A (p.Ser2110=)	APC		Hereditary cancer-predisposing syndrome|Familial adenomatous polyposis 1	VCV001752903	5	112177621	5	112841924	1752903	1801335	rs2149962502	NC_000005.10:112841923:C:A	single nucleotide variant	synonymous variant|non-coding transcript variant	Benign/Likely benign	Apr 4, 2024	criteria provided, multiple submitters, no conflicts							
NM_000038.6(APC):c.6336A>G (p.Val2112=)	APC		Hereditary cancer-predisposing syndrome|Familial adenomatous polyposis 1	VCV001638124	5	112177627	5	112841930	1638124	1560028	rs1766189212	NC_000005.10:112841929:A:G	single nucleotide variant	synonymous variant	Benign/Likely benign	Apr 4, 2026	criteria provided, multiple submitters, no conflicts							
NM_000038.6(APC):c.6339T>C (p.Ser2113=)	APC		Familial adenomatous polyposis 1	VCV003253748	5	112177630	5	112841933	3253748	3412529	rs2149962644	NC_000005.10:112841932:T:C	single nucleotide variant	synonymous variant|non-coding transcript variant	Benign	Apr 4, 2024	criteria provided, single submitter							
NM_000038.6(APC):c.6344T>A (p.Leu2115Ter)	APC	L2097*, L2133*, L1832*, L1989*, L2074*, L2125*, L1955*, L2056*, L2087*, L2115*, L2014*, L2024*, L2090*	Familial adenomatous polyposis 1	VCV000948528	5	112177635	5	112841938	948528	923697	rs876659022	NC_000005.10:112841937:T:A	single nucleotide variant	nonsense	Pathogenic	May 15, 2023	criteria provided, multiple submitters, no conflicts							
NM_000038.6(APC):c.6344T>G (p.Leu2115Ter)	APC	L2097*, L2115*, L2087*, L1955*, L2056*, L1832*, L1989*, L2074*, L2133*, L2014*, L2024*, L2090*, L2125*	Hereditary cancer-predisposing syndrome	VCV000231203	5	112177635	5	112841938	231203	233174	rs876659022	NC_000005.10:112841937:T:G	single nucleotide variant	nonsense	Pathogenic	Apr 6, 2015	criteria provided, single submitter							
NM_000038.6(APC):c.6345A>G (p.Leu2115=)	APC		Hereditary cancer-predisposing syndrome|Familial adenomatous polyposis 1	VCV000627942	5	112177636	5	112841939	627942	617208	rs1561606585	NC_000005.10:112841938:A:G	single nucleotide variant	synonymous variant	Benign/Likely benign	Oct 11, 2025	criteria provided, multiple submitters, no conflicts							
NM_000038.6(APC):c.6348T>C (p.His2116=)	APC		Familial adenomatous polyposis 1|Classic or attenuated familial adenomatous polyposis|Hereditary cancer-predisposing syndrome	VCV000470042	5	112177639	5	112841942	470042	454059	rs1346330298	NC_000005.10:112841941:T:C	single nucleotide variant	synonymous variant	Benign/Likely benign	Apr 4, 2024	criteria provided, multiple submitters, no conflicts							
NM_000038.6(APC):c.6354T>C (p.Ala2118=)	APC		Familial adenomatous polyposis 1	VCV003253878	5	112177645	5	112841948	3253878	3412659	rs2149963026	NC_000005.10:112841947:T:C	single nucleotide variant	synonymous variant|non-coding transcript variant	Benign	Apr 4, 2024	criteria provided, single submitter							
NM_000038.6(APC):c.6360T>A (p.Ala2120=)	APC		Hereditary cancer-predisposing syndrome|Familial adenomatous polyposis 1	VCV003254285	5	112177651	5	112841954	3254285	3413064	rs2149963150	NC_000005.10:112841953:T:A	single nucleotide variant	synonymous variant|non-coding transcript variant	Benign/Likely benign	Oct 22, 2025	criteria provided, multiple submitters, no conflicts							
NM_000038.6(APC):c.6363T>C (p.Ala2121=)	APC		not provided|Hereditary cancer-predisposing syndrome|Familial adenomatous polyposis 1	VCV000826351	5	112177654	5	112841957	826351	808172	rs1580670024	NC_000005.10:112841956:T:C	single nucleotide variant	synonymous variant	Benign/Likely benign	Aug 1, 2025	criteria provided, multiple submitters, no conflicts							
NM_000038.6(APC):c.6366A>C (p.Ala2122=)	APC		Familial adenomatous polyposis 1|Hereditary cancer-predisposing syndrome	VCV000924658	5	112177657	5	112841960	924658	910061	rs370948574	NC_000005.10:112841959:A:C	single nucleotide variant	synonymous variant	Benign/Likely benign	Apr 4, 2024	criteria provided, multiple submitters, no conflicts							
NM_000038.6(APC):c.6366A>G (p.Ala2122=)	APC		Hereditary cancer-predisposing syndrome|Familial adenomatous polyposis 1	VCV000826354	5	112177657	5	112841960	826354	808173	rs370948574	NC_000005.10:112841959:A:G	single nucleotide variant	synonymous variant	Benign/Likely benign	Mar 19, 2025	criteria provided, multiple submitters, no conflicts							
NM_000038.6(APC):c.6366A>T (p.Ala2122=)	APC		not provided|Classic or attenuated familial adenomatous polyposis|Hereditary cancer-predisposing syndrome|not specified|Familial adenomatous polyposis 1	VCV000482258	5	112177657	5	112841960	482258	473842	rs370948574	NC_000005.10:112841959:A:T	single nucleotide variant	synonymous variant	Benign/Likely benign	Jan 6, 2026	criteria provided, multiple submitters, no conflicts							
NM_000038.6(APC):c.6370T>C (p.Leu2124=)	APC		Familial adenomatous polyposis 1	VCV003254468	5	112177661	5	112841964	3254468	3413246	rs1182203916	NC_000005.10:112841963:T:C	single nucleotide variant	synonymous variant|non-coding transcript variant	Benign	Apr 4, 2024	criteria provided, single submitter							
NM_000038.6(APC):c.6371T>A (p.Leu2124Ter)	APC	L2106*, L2124*, L1998*, L2023*, L2065*, L1964*, L2083*, L2096*, L2099*, L2134*, L1841*, L2033*, L2142*	Hereditary cancer-predisposing syndrome|Familial adenomatous polyposis 1	VCV000371855	5	112177662	5	112841965	371855	358781	rs1057517568	NC_000005.10:112841964:T:A	single nucleotide variant	nonsense	Pathogenic	Feb 14, 2023	criteria provided, multiple submitters, no conflicts							
NM_000038.6(APC):c.6375T>C (p.Ser2125=)	APC		Hereditary cancer-predisposing syndrome|Familial adenomatous polyposis 1	VCV000758580	5	112177666	5	112841969	758580	764721	rs1580670194	NC_000005.10:112841968:T:C	single nucleotide variant	synonymous variant	Benign/Likely benign	Apr 4, 2024	criteria provided, multiple submitters, no conflicts							
NM_000038.6(APC):c.6378A>G (p.Arg2126=)	APC		Hereditary cancer-predisposing syndrome|Familial adenomatous polyposis 1	VCV003254442	5	112177669	5	112841972	3254442	3413220	rs2149963532	NC_000005.10:112841971:A:G	single nucleotide variant	synonymous variant|non-coding transcript variant	Benign/Likely benign	Mar 31, 2026	criteria provided, multiple submitters, no conflicts							
NM_000038.6(APC):c.6381A>G (p.Gln2127=)	APC		Hereditary cancer-predisposing syndrome|not provided|Familial adenomatous polyposis 1	VCV000233432	5	112177672	5	112841975	233432	233177	rs765256868	NC_000005.10:112841974:A:G	single nucleotide variant	synonymous variant	Benign/Likely benign	Aug 1, 2025	criteria provided, multiple submitters, no conflicts							
NM_000038.6(APC):c.6384T>A (p.Ala2128=)	APC		Classic or attenuated familial adenomatous polyposis|Familial adenomatous polyposis 1|Hereditary cancer-predisposing syndrome	VCV000925992	5	112177675	5	112841978	925992	910062	rs1580670325	NC_000005.10:112841977:T:A	single nucleotide variant	synonymous variant	Benign/Likely benign	Mar 13, 2025	criteria provided, multiple submitters, no conflicts							
NM_000038.6(APC):c.6386C>A (p.Ser2129Ter)	APC	S1745*, S1846*, S1969*, S2000*, S2003*, S2028*, S2038*, S2046*, S2070*, S2088*, S2101*, S2104*, S2111*, S2119*, S2122*, S2129*, S2139*, S2147*, S2157*	Familial adenomatous polyposis 1|not provided	VCV002584092	5	112177677	5	112841980	2584092	2751660	rs587782301	NC_000005.10:112841979:C:A	single nucleotide variant	nonsense|non-coding transcript variant	Pathogenic/Likely pathogenic	Feb 5, 2026	criteria provided, multiple submitters, no conflicts							
NM_000038.6(APC):c.6387G>T (p.Ser2129=)	APC		Hereditary cancer-predisposing syndrome|Familial adenomatous polyposis 1	VCV001654982	5	112177678	5	112841981	1654982	1549555	rs374310157	NC_000005.10:112841980:G:T	single nucleotide variant	synonymous variant	Benign/Likely benign	Sep 17, 2024	criteria provided, multiple submitters, no conflicts							
NM_000038.6(APC):c.6387G>C (p.Ser2129=)	APC		Familial adenomatous polyposis 1	VCV001094499	5	112177678	5	112841981	1094499	1072059	rs374310157	NC_000005.10:112841980:G:C	single nucleotide variant	synonymous variant	Benign/Likely benign	Jan 20, 2025	criteria provided, multiple submitters, no conflicts							
NM_000038.6(APC):c.6387G>A (p.Ser2129=)	APC		Classic or attenuated familial adenomatous polyposis|Hereditary cancer-predisposing syndrome|not specified|not provided|Familial adenomatous polyposis 1	VCV000183971	5	112177678	5	112841981	183971	182443	rs374310157	NC_000005.10:112841980:G:A	single nucleotide variant	synonymous variant	Benign/Likely benign	Jun 1, 2026	criteria provided, multiple submitters, no conflicts							
NM_000038.6(APC):c.6390T>C (p.Ser2130=)	APC		Familial adenomatous polyposis 1	VCV003254467	5	112177681	5	112841984	3254467	3413245	rs2533711344	NC_000005.10:112841983:T:C	single nucleotide variant	synonymous variant|non-coding transcript variant	Benign	Apr 4, 2024	criteria provided, single submitter							
NM_000038.6(APC):c.6395C>G (p.Ser2132Ter)	APC	S2031*, S2041*, S1972*, S2006*, S2073*, S2104*, S2107*, S2132*, S1849*, S2091*, S2142*, S2150*, S2114*	Hereditary cancer-predisposing syndrome|Familial adenomatous polyposis 1	VCV000662578	5	112177686	5	112841989	662578	632795	rs1580670427	NC_000005.10:112841988:C:G	single nucleotide variant	nonsense	Pathogenic/Likely pathogenic	Jul 20, 2026	criteria provided, multiple submitters, no conflicts							
NM_000038.6(APC):c.6396A>G (p.Ser2132=)	APC		Classic or attenuated familial adenomatous polyposis|Hereditary cancer-predisposing syndrome|Familial adenomatous polyposis 1	VCV000482495	5	112177687	5	112841990	482495	473851	rs1554087396	NC_000005.10:112841989:A:G	single nucleotide variant	synonymous variant	Benign/Likely benign	Jan 7, 2026	criteria provided, multiple submitters, no conflicts							
NM_000038.6(APC):c.6399T>C (p.Asp2133=)	APC		Hereditary cancer-predisposing syndrome|Familial adenomatous polyposis 1	VCV001753262	5	112177690	5	112841993	1753262	1811586	rs2149964017	NC_000005.10:112841992:T:C	single nucleotide variant	synonymous variant|non-coding transcript variant	Benign/Likely benign	Apr 4, 2024	criteria provided, multiple submitters, no conflicts							
NM_000038.6(APC):c.6405C>T (p.Ile2135=)	APC		Familial adenomatous polyposis 1|Hereditary cancer-predisposing syndrome	VCV001097940	5	112177696	5	112841999	1097940	1072060	rs2149964138	NC_000005.10:112841998:C:T	single nucleotide variant	synonymous variant	Benign/Likely benign	Apr 4, 2024	criteria provided, multiple submitters, no conflicts							
NM_000038.6(APC):c.6414G>T (p.Leu2138=)	APC		Familial adenomatous polyposis 1	VCV003253889	5	112177705	5	112842008	3253889	3412670	rs1554087414	NC_000005.10:112842007:G:T	single nucleotide variant	synonymous variant|non-coding transcript variant	Benign	Apr 4, 2024	criteria provided, single submitter							
NM_000038.6(APC):c.6414G>A (p.Leu2138=)	APC		Hereditary cancer-predisposing syndrome|Familial adenomatous polyposis 1	VCV000482412	5	112177705	5	112842008	482412	473853	rs1554087414	NC_000005.10:112842007:G:A	single nucleotide variant	synonymous variant	Benign/Likely benign	Apr 4, 2024	criteria provided, multiple submitters, no conflicts							
NM_000038.6(APC):c.6419C>G (p.Ser2140Ter)	APC	S1756*, S1857*, S1980*, S2011*, S2014*, S2039*, S2049*, S2057*, S2081*, S2099*, S2112*, S2115*, S2122*, S2130*, S2133*, S2140*, S2150*, S2158*, S2168*	Familial adenomatous polyposis 1	VCV002584278	5	112177710	5	112842013	2584278	2751844	rs2149964478	NC_000005.10:112842012:C:G	single nucleotide variant	nonsense|non-coding transcript variant	Pathogenic	May 15, 2023	criteria provided, single submitter							
NM_000038.6(APC):c.6432G>A (p.Leu2144=)	APC		Familial adenomatous polyposis 1	VCV003253860	5	112177723	5	112842026	3253860	3412641	rs1580670718	NC_000005.10:112842025:G:A	single nucleotide variant	synonymous variant|non-coding transcript variant	Benign	Apr 4, 2024	criteria provided, single submitter							
NM_000038.6(APC):c.6432G>T (p.Leu2144=)	APC		Hereditary cancer-predisposing syndrome|Familial adenomatous polyposis 1	VCV001753504	5	112177723	5	112842026	1753504	1807887	rs1580670718	NC_000005.10:112842025:G:T	single nucleotide variant	synonymous variant|non-coding transcript variant	Benign/Likely benign	Oct 20, 2025	criteria provided, multiple submitters, no conflicts							
NM_000038.6(APC):c.6437C>A (p.Ser2146Ter)	APC	S1762*, S1863*, S1986*, S2017*, S2020*, S2045*, S2055*, S2063*, S2087*, S2105*, S2118*, S2121*, S2128*, S2136*, S2139*, S2146*, S2156*, S2164*, S2174*	Familial adenomatous polyposis 1	VCV002583509	5	112177728	5	112842031	2583509	2751080	rs2149964888	NC_000005.10:112842030:C:A	single nucleotide variant	nonsense|non-coding transcript variant	Pathogenic	May 15, 2023	criteria provided, single submitter							
NM_000038.6(APC):c.6438A>G (p.Ser2146=)	APC		Familial adenomatous polyposis 1	VCV001085682	5	112177729	5	112842032	1085682	1072061	rs2149964916	NC_000005.10:112842031:A:G	single nucleotide variant	synonymous variant	Benign/Likely benign	Jul 24, 2024	criteria provided, multiple submitters, no conflicts							
NM_000038.6(APC):c.6441A>G (p.Pro2147=)	APC		Hereditary cancer-predisposing syndrome|not specified|Familial adenomatous polyposis 1	VCV002186451	5	112177732	5	112842035	2186451	1917796	rs1321804619	NC_000005.10:112842034:A:G	single nucleotide variant	synonymous variant|non-coding transcript variant	Benign/Likely benign	Jun 2, 2025	criteria provided, multiple submitters, no conflicts							
NM_000038.6(APC):c.6447T>C (p.His2149=)	APC		Hereditary cancer-predisposing syndrome|not provided|Familial adenomatous polyposis 1	VCV000826409	5	112177738	5	112842041	826409	808178	rs1580670835	NC_000005.10:112842040:T:C	single nucleotide variant	synonymous variant	Benign/Likely benign	May 10, 2025	criteria provided, multiple submitters, no conflicts							
NM_000038.6(APC):c.6456T>G (p.Pro2152=)	APC		Familial adenomatous polyposis 1	VCV003254089	5	112177747	5	112842050	3254089	3412869	rs2149965301	NC_000005.10:112842049:T:G	single nucleotide variant	synonymous variant|non-coding transcript variant	Benign	Apr 4, 2024	criteria provided, single submitter							
NM_000038.6(APC):c.6468A>G (p.Glu2156=)	APC		Hereditary cancer-predisposing syndrome|Familial adenomatous polyposis 1	VCV002566970	5	112177759	5	112842062	2566970	2732631	rs2149965498	NC_000005.10:112842061:A:G	single nucleotide variant	synonymous variant|non-coding transcript variant	Benign/Likely benign	Apr 4, 2024	criteria provided, multiple submitters, no conflicts							
NM_000038.6(APC):c.6471A>G (p.Lys2157=)	APC		Familial adenomatous polyposis 1|Hereditary cancer-predisposing syndrome	VCV000485115	5	112177762	5	112842065	485115	473910	rs1554087444	NC_000005.10:112842064:A:G	single nucleotide variant	synonymous variant	Benign/Likely benign	Apr 4, 2024	criteria provided, multiple submitters, no conflicts							
NM_000038.6(APC):c.6474C>T (p.Pro2158=)	APC		not provided|Hereditary cancer-predisposing syndrome|Familial adenomatous polyposis 1	VCV000619776	5	112177765	5	112842068	619776	611069	rs772027192	NC_000005.10:112842067:C:T	single nucleotide variant	synonymous variant	Benign/Likely benign	Oct 18, 2025	criteria provided, multiple submitters, no conflicts							
NM_000038.6(APC):c.6474C>A (p.Pro2158=)	APC		not provided|Classic or attenuated familial adenomatous polyposis|Hereditary cancer-predisposing syndrome|Familial adenomatous polyposis 1	VCV000236631	5	112177765	5	112842068	236631	239600	rs772027192	NC_000005.10:112842067:C:A	single nucleotide variant	synonymous variant	Benign/Likely benign	Jan 5, 2026	criteria provided, multiple submitters, no conflicts							
NM_000038.6(APC):c.6474C>G (p.Pro2158=)	APC		Hereditary cancer-predisposing syndrome|Familial adenomatous polyposis 1	VCV000186613	5	112177765	5	112842068	186613	182446	rs772027192	NC_000005.10:112842067:C:G	single nucleotide variant	synonymous variant	Benign/Likely benign	Nov 22, 2025	criteria provided, multiple submitters, no conflicts							
NM_000038.6(APC):c.6477T>C (p.Phe2159=)	APC		Hereditary cancer-predisposing syndrome|not specified|Familial adenomatous polyposis 1	VCV000381970	5	112177768	5	112842071	381970	368177	rs1057521225	NC_000005.10:112842070:T:C	single nucleotide variant	synonymous variant	Benign/Likely benign	Jun 30, 2024	criteria provided, multiple submitters, no conflicts							
NM_000038.6(APC):c.6480A>C (p.Thr2160=)	APC		Familial adenomatous polyposis 1|Classic or attenuated familial adenomatous polyposis|Hereditary cancer-predisposing syndrome	VCV000490337	5	112177771	5	112842074	490337	483906	rs1554087452	NC_000005.10:112842073:A:C	single nucleotide variant	synonymous variant	Benign/Likely benign	Aug 29, 2024	criteria provided, multiple submitters, no conflicts							
NM_000038.6(APC):c.6486T>C (p.Asn2162=)	APC		Familial adenomatous polyposis 1	VCV003254063	5	112177777	5	112842080	3254063	3412844	rs776869030	NC_000005.10:112842079:T:C	single nucleotide variant	synonymous variant|non-coding transcript variant	Benign/Likely benign	Aug 13, 2024	criteria provided, multiple submitters, no conflicts							
NM_000038.6(APC):c.6492C>T (p.Gly2164=)	APC		Familial adenomatous polyposis 1|Classic or attenuated familial adenomatous polyposis|Hereditary cancer-predisposing syndrome|not specified	VCV000350418	5	112177783	5	112842086	350418	300428	rs765332758	NC_000005.10:112842085:C:T	single nucleotide variant	synonymous variant	Benign/Likely benign	Jan 5, 2026	criteria provided, multiple submitters, no conflicts							
NM_000038.6(APC):c.6495A>G (p.Pro2165=)	APC		Hereditary cancer-predisposing syndrome|Familial adenomatous polyposis 1	VCV001753840	5	112177786	5	112842089	1753840	1808221	rs2149966196	NC_000005.10:112842088:A:G	single nucleotide variant	synonymous variant|non-coding transcript variant	Benign/Likely benign	Apr 4, 2024	criteria provided, multiple submitters, no conflicts							
NM_000038.6(APC):c.6495A>C (p.Pro2165=)	APC		Hereditary cancer-predisposing syndrome|Familial adenomatous polyposis 1	VCV001673265	5	112177786	5	112842089	1673265	1595452	rs2149966196	NC_000005.10:112842088:A:C	single nucleotide variant	synonymous variant	Benign/Likely benign	Apr 4, 2024	criteria provided, multiple submitters, no conflicts							
NM_000038.6(APC):c.6496C>T (p.Arg2166Ter)	APC	R2148*, R2166*, R2107*, R2125*, R2138*, R2141*, R1883*, R2006*, R2176*, R2040*, R2184*, R2065*, R2075*	Hereditary cancer-predisposing syndrome|not provided|Familial adenomatous polyposis 1	VCV000438883	5	112177787	5	112842090	438883	432593	rs764527706	NC_000005.10:112842089:C:T	single nucleotide variant	nonsense	Pathogenic	Jul 15, 2025	criteria provided, multiple submitters, no conflicts							
NM_000038.6(APC):c.6496C>A (p.Arg2166=)	APC		Hereditary cancer-predisposing syndrome|Familial adenomatous polyposis 1|Classic or attenuated familial adenomatous polyposis	VCV000416730	5	112177787	5	112842090	416730	394976	rs764527706	NC_000005.10:112842089:C:A	single nucleotide variant	synonymous variant	Benign/Likely benign	Jul 30, 2025	criteria provided, multiple submitters, no conflicts							
NM_000038.6(APC):c.6498A>T (p.Arg2166=)	APC		Familial adenomatous polyposis 1	VCV003254082	5	112177789	5	112842092	3254082	3412862	rs2149966269	NC_000005.10:112842091:A:T	single nucleotide variant	synonymous variant|non-coding transcript variant	Benign	Apr 4, 2024	criteria provided, single submitter							
NM_000038.6(APC):c.6501T>A (p.Ile2167=)	APC		Familial adenomatous polyposis 1	VCV003254208	5	112177792	5	112842095	3254208	3412987	rs2149966338	NC_000005.10:112842094:T:A	single nucleotide variant	synonymous variant|non-coding transcript variant	Benign	Apr 4, 2024	criteria provided, single submitter							
NM_000038.6(APC):c.6502C>T (p.Leu2168=)	APC		Familial adenomatous polyposis 1|Hereditary cancer-predisposing syndrome	VCV000470049	5	112177793	5	112842096	470049	454873	rs767818933	NC_000005.10:112842095:C:T	single nucleotide variant	synonymous variant	Benign/Likely benign	Jun 2, 2025	criteria provided, multiple submitters, no conflicts							
NM_000038.6(APC):c.6504A>C (p.Leu2168=)	APC		Classic or attenuated familial adenomatous polyposis|Hereditary cancer-predisposing syndrome|not provided|Familial adenomatous polyposis 1	VCV000755899	5	112177795	5	112842098	755899	764722	rs750058868	NC_000005.10:112842097:A:C	single nucleotide variant	synonymous variant	Benign/Likely benign	Sep 24, 2025	criteria provided, multiple submitters, no conflicts							
NM_000038.6(APC):c.6510A>G (p.Pro2170=)	APC		not specified|Familial adenomatous polyposis 1	VCV000929145	5	112177801	5	112842104	929145	916941	rs138571760	NC_000005.10:112842103:A:G	single nucleotide variant	synonymous variant	Benign/Likely benign	Jul 14, 2025	criteria provided, multiple submitters, no conflicts							
NM_000038.6(APC):c.6510A>C (p.Pro2170=)	APC		Hereditary cancer-predisposing syndrome|not specified|not provided|Familial adenomatous polyposis 1	VCV000184071	5	112177801	5	112842104	184071	182447	rs138571760	NC_000005.10:112842103:A:C	single nucleotide variant	synonymous variant	Benign/Likely benign	Jan 19, 2026	criteria provided, multiple submitters, no conflicts							
NM_000038.6(APC):c.6514G>T (p.Glu2172Ter)	APC	E1889*, E2012*, E2046*, E2071*, E2081*, E2113*, E2131*, E2144*, E2147*, E2154*, E2172*, E2182*, E2190*	not provided|Familial adenomatous polyposis 1	VCV001697527	5	112177805	5	112842108	1697527	1689911	rs864622314	NC_000005.10:112842107:G:T	single nucleotide variant	nonsense	Pathogenic	Mar 4, 2025	criteria provided, multiple submitters, no conflicts							
NM_000038.6(APC):c.6519A>G (p.Lys2173=)	APC		Hereditary cancer-predisposing syndrome|Familial adenomatous polyposis 1	VCV001609614	5	112177810	5	112842113	1609614	1639127	rs1483070589	NC_000005.10:112842112:A:G	single nucleotide variant	synonymous variant	Benign/Likely benign	Oct 1, 2025	criteria provided, multiple submitters, no conflicts							
NM_000038.6(APC):c.6522T>C (p.Ser2174=)	APC		Classic or attenuated familial adenomatous polyposis|Hereditary cancer-predisposing syndrome|Familial adenomatous polyposis 1|not specified	VCV000233260	5	112177813	5	112842116	233260	233181	rs370781162	NC_000005.10:112842115:T:C	single nucleotide variant	synonymous variant	Benign/Likely benign	Jan 31, 2026	criteria provided, multiple submitters, no conflicts							
NM_000038.6(APC):c.6535A>T (p.Lys2179Ter)	APC	K1795*, K1896*, K2161*, K2172*, K2019*, K2050*, K2078*, K2096*, K2120*, K2138*, K2154*, K2169*, K2179*, K2189*, K2088*, K2151*, K2207*, K2053*, K2197*	Hereditary cancer-predisposing syndrome|Familial adenomatous polyposis 1	VCV002710931	5	112177826	5	112842129	2710931	2868072	rs376096304	NC_000005.10:112842128:A:T	single nucleotide variant	nonsense|non-coding transcript variant	Pathogenic/Likely pathogenic	Jul 10, 2025	criteria provided, multiple submitters, no conflicts							
NM_000038.6(APC):c.6537A>G (p.Lys2179=)	APC		Hereditary cancer-predisposing syndrome|Familial adenomatous polyposis 1	VCV001089233	5	112177828	5	112842131	1089233	1072062	rs775795102	NC_000005.10:112842130:A:G	single nucleotide variant	synonymous variant	Benign/Likely benign	Dec 29, 2025	criteria provided, multiple submitters, no conflicts							
NM_000038.6(APC):c.6549T>G (p.Ser2183=)	APC		Familial adenomatous polyposis 1|Hereditary cancer-predisposing syndrome	VCV000232381	5	112177840	5	112842143	232381	233182	rs876659728	NC_000005.10:112842142:T:G	single nucleotide variant	synonymous variant	Benign/Likely benign	Aug 31, 2024	criteria provided, multiple submitters, no conflicts							
NM_000038.6(APC):c.6558A>G (p.Lys2186=)	APC		Familial adenomatous polyposis 1	VCV001007993	5	112177849	5	112842152	1007993	990492	rs1766244713	NC_000005.10:112842151:A:G	single nucleotide variant	synonymous variant	Benign/Likely benign	Apr 5, 2024	criteria provided, multiple submitters, no conflicts							
NM_000038.6(APC):c.6561A>C (p.Gly2187=)	APC		Hereditary cancer-predisposing syndrome|Familial adenomatous polyposis 1	VCV001958015	5	112177852	5	112842155	1958015	2019440	rs2149967586	NC_000005.10:112842154:A:C	single nucleotide variant	synonymous variant|non-coding transcript variant	Benign/Likely benign	Dec 29, 2025	criteria provided, multiple submitters, no conflicts							
NM_000038.6(APC):c.6567A>G (p.Lys2189=)	APC		Hereditary cancer-predisposing syndrome|Familial adenomatous polyposis 1	VCV001595108	5	112177858	5	112842161	1595108	1590748	rs2149967740	NC_000005.10:112842160:A:G	single nucleotide variant	synonymous variant	Benign/Likely benign	Apr 5, 2024	criteria provided, multiple submitters, no conflicts							
NM_000038.6(APC):c.6573A>G (p.Gly2191=)	APC		Classic or attenuated familial adenomatous polyposis|Hereditary cancer-predisposing syndrome|not specified|not provided|Familial adenomatous polyposis 1	VCV000229937	5	112177864	5	112842167	229937	233183	rs553815910	NC_000005.10:112842166:A:G	single nucleotide variant	synonymous variant	Benign/Likely benign	Nov 27, 2025	criteria provided, multiple submitters, no conflicts							
NM_000038.6(APC):c.6574A>T (p.Lys2192Ter)	APC	K1808*, K1909*, K2032*, K2063*, K2066*, K2091*, K2101*, K2109*, K2133*, K2151*, K2164*, K2167*, K2174*, K2182*, K2185*, K2192*, K2202*, K2210*, K2220*	Familial adenomatous polyposis 1	VCV002584114	5	112177865	5	112842168	2584114	2751682	rs756512551	NC_000005.10:112842167:A:T	single nucleotide variant	nonsense|non-coding transcript variant	Pathogenic	Jun 23, 2025	criteria provided, multiple submitters, no conflicts							
NM_000038.6(APC):c.6576A>G (p.Lys2192=)	APC		Hereditary cancer-predisposing syndrome|Familial adenomatous polyposis 1|not specified	VCV000232431	5	112177867	5	112842170	232431	233184	rs876659760	NC_000005.10:112842169:A:G	single nucleotide variant	synonymous variant	Benign/Likely benign	Mar 4, 2025	criteria provided, multiple submitters, no conflicts							
NM_000038.6(APC):c.6579A>G (p.Lys2193=)	APC		not specified|Classic or attenuated familial adenomatous polyposis|Hereditary cancer-predisposing syndrome|Familial adenomatous polyposis 1	VCV000378949	5	112177870	5	112842173	378949	368181	rs908184283	NC_000005.10:112842172:A:G	single nucleotide variant	synonymous variant	Benign/Likely benign	Oct 1, 2025	criteria provided, multiple submitters, no conflicts							
NM_000038.6(APC):c.6582T>G (p.Val2194=)	APC		Familial adenomatous polyposis 1	VCV003254088	5	112177873	5	112842176	3254088	3412868	rs2149968194	NC_000005.10:112842175:T:G	single nucleotide variant	synonymous variant|non-coding transcript variant	Benign	Apr 5, 2024	criteria provided, single submitter							
NM_000038.6(APC):c.6586A>T (p.Lys2196Ter)	APC	K1812*, K1913*, K2036*, K2067*, K2070*, K2095*, K2105*, K2113*, K2137*, K2155*, K2168*, K2171*, K2178*, K2186*, K2189*, K2196*, K2206*, K2214*, K2224*	Familial adenomatous polyposis 1	VCV002584198	5	112177877	5	112842180	2584198	2751764	rs864622102	NC_000005.10:112842179:A:T	single nucleotide variant	nonsense|non-coding transcript variant	Pathogenic	May 16, 2023	criteria provided, single submitter							
NM_000038.6(APC):c.6609T>C (p.Val2203=)	APC		APC-related disorder|Classic or attenuated familial adenomatous polyposis|APC-Associated Polyposis Disorders|Hereditary cancer-predisposing syndrome|not specified|not provided|Familial adenomatous polyposis 1	VCV000135713	5	112177900	5	112842203	135713	139425	rs149328018	NC_000005.10:112842202:T:C	single nucleotide variant	synonymous variant	Benign/Likely benign	Feb 3, 2026	criteria provided, multiple submitters, no conflicts							
NM_000038.6(APC):c.6610C>T (p.Arg2204Ter)	APC	R2186*, R2204*, R2078*, R2113*, R2179*, R2145*, R2103*, R2163*, R2214*, R1921*, R2044*, R2176*, R2222*	Hereditary cancer-predisposing syndrome|not provided|Familial adenomatous polyposis 1	VCV000236632	5	112177901	5	112842204	236632	239601	rs752654519	NC_000005.10:112842203:C:T	single nucleotide variant	nonsense	Pathogenic/Likely pathogenic	Oct 30, 2025	criteria provided, multiple submitters, no conflicts							
NM_000038.6(APC):c.6620C>A (p.Ser2207Ter)	APC	S1823*, S1924*, S2047*, S2078*, S2081*, S2106*, S2116*, S2124*, S2148*, S2166*, S2179*, S2182*, S2189*, S2197*, S2200*, S2207*, S2217*, S2225*, S2235*	Familial adenomatous polyposis 1	VCV002584143	5	112177911	5	112842214	2584143	2751710	rs758337476	NC_000005.10:112842213:C:A	single nucleotide variant	nonsense|non-coding transcript variant	Pathogenic	May 16, 2023	criteria provided, single submitter							
NM_000038.6(APC):c.6621A>G (p.Ser2207=)	APC		Classic or attenuated familial adenomatous polyposis|Hereditary cancer-predisposing syndrome|not specified|Familial adenomatous polyposis 1|not provided	VCV000384326	5	112177912	5	112842215	384326	369364	rs1057521923	NC_000005.10:112842214:A:G	single nucleotide variant	synonymous variant	Benign/Likely benign	Sep 1, 2025	criteria provided, multiple submitters, no conflicts							
NM_000038.6(APC):c.6622G>T (p.Glu2208Ter)	APC	E2236*, E1824*, E2082*, E2190*, E2226*, E2048*, E2125*, E2149*, E2180*, E2208*, E2117*, E2183*, E2201*, E2218*, E1925*, E2079*, E2107*, E2167*, E2198*	Familial adenomatous polyposis 1	VCV003728675	5	112177913	5	112842216	3728675	3852006		NC_000005.10:112842215:G:T	single nucleotide variant	nonsense|non-coding transcript variant	Pathogenic	Jan 8, 2025	criteria provided, single submitter							
NM_000038.6(APC):c.6627T>A (p.Ile2209=)	APC		Hereditary cancer-predisposing syndrome|Familial adenomatous polyposis 1	VCV001151236	5	112177918	5	112842221	1151236	1136139	rs2149969232	NC_000005.10:112842220:T:A	single nucleotide variant	synonymous variant	Benign/Likely benign	Apr 5, 2024	criteria provided, multiple submitters, no conflicts							
NM_000038.6(APC):c.6630A>G (p.Ser2210=)	APC		Hereditary cancer-predisposing syndrome|Familial adenomatous polyposis 1	VCV000537625	5	112177921	5	112842224	537625	520614	rs746725965	NC_000005.10:112842223:A:G	single nucleotide variant	synonymous variant	Benign/Likely benign	Apr 18, 2024	criteria provided, multiple submitters, no conflicts							
NM_000038.6(APC):c.6633C>G (p.Gly2211=)	APC		Hereditary cancer-predisposing syndrome|Familial adenomatous polyposis 1	VCV001941173	5	112177924	5	112842227	1941173	2001334	rs2149969403	NC_000005.10:112842226:C:G	single nucleotide variant	synonymous variant|non-coding transcript variant	Benign/Likely benign	Nov 12, 2025	criteria provided, multiple submitters, no conflicts							
NM_000038.6(APC):c.6634C>T (p.Gln2212Ter)	APC	Q2194*, Q2202*, Q2205*, Q2086*, Q2121*, Q2171*, Q2184*, Q1828*, Q1929*, Q2052*, Q2111*, Q2129*, Q2230*, Q2083*, Q2153*, Q2187*, Q2212*, Q2222*, Q2240*	Familial adenomatous polyposis 1	VCV004718794	5	112177925	5	112842228	4718794	4826575		NC_000005.10:112842227:C:T	single nucleotide variant	nonsense|non-coding transcript variant	Pathogenic	May 2, 2025	criteria provided, single submitter							
NM_000038.6(APC):c.6642A>G (p.Lys2214=)	APC		Hereditary cancer-predisposing syndrome|Familial adenomatous polyposis 1	VCV000826528	5	112177933	5	112842236	826528	808197	rs1580673127	NC_000005.10:112842235:A:G	single nucleotide variant	synonymous variant	Benign/Likely benign	Dec 29, 2025	criteria provided, multiple submitters, no conflicts							
NM_000038.6(APC):c.6648C>T (p.Pro2216=)	APC		Familial adenomatous polyposis 1|not provided|Classic or attenuated familial adenomatous polyposis|Hereditary cancer-predisposing syndrome	VCV000416735	5	112177939	5	112842242	416735	394515	rs776930640	NC_000005.10:112842241:C:T	single nucleotide variant	synonymous variant	Benign/Likely benign	Sep 14, 2025	criteria provided, multiple submitters, no conflicts							
NM_000038.6(APC):c.6652C>T (p.Gln2218Ter)	APC	Q1834*, Q1935*, Q2058*, Q2089*, Q2092*, Q2117*, Q2127*, Q2135*, Q2159*, Q2177*, Q2190*, Q2193*, Q2200*, Q2208*, Q2211*, Q2218*, Q2228*, Q2236*, Q2246*	Hereditary cancer-predisposing syndrome|Familial adenomatous polyposis 1	VCV002678153	5	112177943	5	112842246	2678153	2833175	rs2149969843	NC_000005.10:112842245:C:T	single nucleotide variant	nonsense|non-coding transcript variant	Pathogenic/Likely pathogenic	Mar 17, 2026	criteria provided, multiple submitters, no conflicts							
NM_000038.6(APC):c.6654A>G (p.Gln2218=)	APC		Hereditary cancer-predisposing syndrome|not specified|Familial adenomatous polyposis 1	VCV000388084	5	112177945	5	112842248	388084	367808	rs1057522994	NC_000005.10:112842247:A:G	single nucleotide variant	synonymous variant	Benign/Likely benign	Apr 5, 2024	criteria provided, multiple submitters, no conflicts							
NM_000038.6(APC):c.6657A>C (p.Ala2219=)	APC		Familial adenomatous polyposis 1	VCV003254156	5	112177948	5	112842251	3254156	3412935	rs2149969953	NC_000005.10:112842250:A:C	single nucleotide variant	synonymous variant|non-coding transcript variant	Benign	Apr 5, 2024	criteria provided, single submitter							
NM_000038.6(APC):c.6669A>G (p.Ser2223=)	APC		Classic or attenuated familial adenomatous polyposis|Hereditary cancer-predisposing syndrome|not specified|not provided|Desmoid disease, hereditary|Familial adenomatous polyposis 1|Familial adenomatous polyposis 1	VCV000135714	5	112177960	5	112842263	135714	139426	rs372680843	NC_000005.10:112842262:A:G	single nucleotide variant	synonymous variant	Benign/Likely benign	Feb 2, 2026	criteria provided, multiple submitters, no conflicts							
NM_000038.6(APC):c.6672C>T (p.Ile2224=)	APC		Hereditary cancer-predisposing syndrome|Familial adenomatous polyposis 1	VCV002773546	5	112177963	5	112842266	2773546	2934279	rs1766272355	NC_000005.10:112842265:C:T	single nucleotide variant	synonymous variant|non-coding transcript variant	Benign/Likely benign	Dec 6, 2024	criteria provided, multiple submitters, no conflicts							
NM_000038.6(APC):c.6675T>C (p.Ser2225=)	APC		Hereditary cancer-predisposing syndrome|Familial adenomatous polyposis 1|not specified	VCV000470057	5	112177966	5	112842269	470057	454564	rs950337714	NC_000005.10:112842268:T:C	single nucleotide variant	synonymous variant	Benign/Likely benign	Aug 20, 2025	criteria provided, multiple submitters, no conflicts							
NM_000038.6(APC):c.6676C>T (p.Arg2226Ter)	APC	R2125*, R2236*, R2198*, R2226*, R2244*, R1943*, R2167*, R2185*, R2201*, R2208*, R2066*, R2100*, R2135*	Hereditary cancer-predisposing syndrome|not provided|Familial adenomatous polyposis 1	VCV000921028	5	112177967	5	112842270	921028	910075	rs1064794626	NC_000005.10:112842269:C:T	single nucleotide variant	nonsense	Pathogenic/Likely pathogenic	Nov 3, 2025	criteria provided, multiple submitters, no conflicts							
NM_000038.6(APC):c.6678A>G (p.Arg2226=)	APC		Familial adenomatous polyposis 1|Hereditary cancer-predisposing syndrome	VCV002586993	5	112177969	5	112842272	2586993	2757176	rs2149970451	NC_000005.10:112842271:A:G	single nucleotide variant	synonymous variant|non-coding transcript variant	Benign/Likely benign	Apr 5, 2024	criteria provided, multiple submitters, no conflicts							
NM_000038.6(APC):c.6681C>T (p.Gly2227=)	APC		Hereditary cancer-predisposing syndrome|Familial adenomatous polyposis 1	VCV000482465	5	112177972	5	112842275	482465	473860	rs1554087623	NC_000005.10:112842274:C:T	single nucleotide variant	synonymous variant	Benign/Likely benign	Apr 5, 2024	criteria provided, multiple submitters, no conflicts							
NM_000038.6(APC):c.6682A>C (p.Arg2228=)	APC		Familial adenomatous polyposis 1	VCV003254469	5	112177973	5	112842276	3254469	3413247	rs199648202	NC_000005.10:112842275:A:C	single nucleotide variant	synonymous variant|non-coding transcript variant	Benign	Apr 5, 2024	criteria provided, single submitter							
NM_000038.6(APC):c.6684G>A (p.Arg2228=)	APC		Classic or attenuated familial adenomatous polyposis|APC-related disorder|Hereditary cancer-predisposing syndrome|not provided|Familial adenomatous polyposis 1	VCV000186493	5	112177975	5	112842278	186493	182450	rs752314977	NC_000005.10:112842277:G:A	single nucleotide variant	synonymous variant	Benign/Likely benign	Jan 20, 2026	criteria provided, multiple submitters, no conflicts							
NM_000038.6(APC):c.6687A>T (p.Thr2229=)	APC		Familial adenomatous polyposis 1	VCV001595377	5	112177978	5	112842281	1595377	1656367	rs2149970679	NC_000005.10:112842280:A:T	single nucleotide variant	synonymous variant	Benign/Likely benign	Apr 5, 2024	criteria provided, multiple submitters, no conflicts							
NM_000038.6(APC):c.6696T>C (p.His2232=)	APC		Hereditary cancer-predisposing syndrome|not specified|Familial adenomatous polyposis 1	VCV001171607	5	112177987	5	112842290	1171607	1160583	rs903180919	NC_000005.10:112842289:T:C	single nucleotide variant	synonymous variant	Benign/Likely benign	Dec 2, 2025	criteria provided, multiple submitters, no conflicts							
NM_000038.6(APC):c.6699T>C (p.Ile2233=)	APC		not specified|Hereditary cancer-predisposing syndrome|Familial adenomatous polyposis 1	VCV000384060	5	112177990	5	112842293	384060	369365	rs1057521840	NC_000005.10:112842292:T:C	single nucleotide variant	synonymous variant	Benign/Likely benign	Nov 1, 2025	criteria provided, multiple submitters, no conflicts							
NM_000038.6(APC):c.6702A>C (p.Pro2234=)	APC		Familial adenomatous polyposis 1	VCV003254470	5	112177993	5	112842296	3254470	3413248	rs1580673747	NC_000005.10:112842295:A:C	single nucleotide variant	synonymous variant|non-coding transcript variant	Benign	Apr 5, 2024	criteria provided, single submitter							
NM_000038.6(APC):c.6705A>C (p.Gly2235=)	APC		Familial adenomatous polyposis 1	VCV003254471	5	112177996	5	112842299	3254471	3413249	rs2149971111	NC_000005.10:112842298:A:C	single nucleotide variant	synonymous variant|non-coding transcript variant	Benign	Apr 5, 2024	criteria provided, single submitter							
NM_000038.6(APC):c.6709C>A (p.Arg2237=)	APC		Classic or attenuated familial adenomatous polyposis|Familial adenomatous polyposis 1|Hereditary cancer-predisposing syndrome	VCV000233340	5	112178000	5	112842303	233340	233187	rs768922431	NC_000005.10:112842302:C:A	single nucleotide variant	synonymous variant	Benign/Likely benign	Jan 2, 2026	criteria provided, multiple submitters, no conflicts							
NM_000038.6(APC):c.6709C>T (p.Arg2237Ter)	APC	R2219*, R2237*, R2136*, R2178*, R2196*, R2209*, R1954*, R2077*, R2255*, R2111*, R2247*, R2146*, R2212*	Classic or attenuated familial adenomatous polyposis|not provided|Hereditary cancer-predisposing syndrome|Familial multiple polyposis syndrome|Familial adenomatous polyposis 1|Neoplasm	VCV000187612	5	112178000	5	112842303	187612	182452	rs768922431	NC_000005.10:112842302:C:T	single nucleotide variant	nonsense	Pathogenic/Likely pathogenic	Jan 28, 2026	criteria provided, multiple submitters, no conflicts				Likely oncogenic	Mar 4, 2025	criteria provided, single submitter	
NM_000038.6(APC):c.6717C>T (p.Ser2239=)	APC		Hereditary cancer-predisposing syndrome|Familial adenomatous polyposis 1	VCV000926376	5	112178008	5	112842311	926376	910078	rs1580673845	NC_000005.10:112842310:C:T	single nucleotide variant	synonymous variant	Benign/Likely benign	Apr 5, 2024	criteria provided, multiple submitters, no conflicts							
NM_000038.6(APC):c.6720C>G (p.Ser2240=)	APC		Hereditary cancer-predisposing syndrome|Familial adenomatous polyposis 1	VCV001755093	5	112178011	5	112842314	1755093	1822182	rs2149971468	NC_000005.10:112842313:C:G	single nucleotide variant	synonymous variant|non-coding transcript variant	Benign/Likely benign	Aug 1, 2024	criteria provided, multiple submitters, no conflicts							
NM_000038.6(APC):c.6723A>G (p.Ser2241=)	APC		Hereditary cancer-predisposing syndrome|not provided|Familial adenomatous polyposis 1	VCV000826579	5	112178014	5	112842317	826579	808202	rs748105555	NC_000005.10:112842316:A:G	single nucleotide variant	synonymous variant	Benign/Likely benign	Jun 1, 2026	criteria provided, multiple submitters, no conflicts							
NM_000038.6(APC):c.6729A>G (p.Thr2243=)	APC		Hereditary cancer-predisposing syndrome|not specified|Familial adenomatous polyposis 1	VCV000482451	5	112178020	5	112842323	482451	473863	rs761296130	NC_000005.10:112842322:A:G	single nucleotide variant	synonymous variant	Benign/Likely benign	Nov 5, 2025	criteria provided, multiple submitters, no conflicts							
NM_000038.6(APC):c.6729A>C (p.Thr2243=)	APC		Hereditary cancer-predisposing syndrome|not provided|Familial adenomatous polyposis 1	VCV000470059	5	112178020	5	112842323	470059	454248	rs761296130	NC_000005.10:112842322:A:C	single nucleotide variant	synonymous variant	Benign/Likely benign	Oct 21, 2025	criteria provided, multiple submitters, no conflicts							
NM_000038.6(APC):c.6742A>T (p.Lys2248Ter)	APC	K1965*, K2122*, K2147*, K2223*, K2230*, K2088*, K2248*, K2258*, K2189*, K2220*, K2266*, K2157*, K2207*	Hereditary cancer-predisposing syndrome|Familial adenomatous polyposis 1	VCV000826596	5	112178033	5	112842336	826596	808206	rs1580674179	NC_000005.10:112842335:A:T	single nucleotide variant	nonsense	Pathogenic	May 16, 2023	criteria provided, multiple submitters, no conflicts							
NM_000038.6(APC):c.6750C>G (p.Gly2250=)	APC		Familial adenomatous polyposis 1	VCV003254314	5	112178041	5	112842344	3254314	3413093	rs555799753	NC_000005.10:112842343:C:G	single nucleotide variant	synonymous variant|non-coding transcript variant	Benign	Apr 5, 2024	criteria provided, single submitter							
NM_000038.6(APC):c.6750C>T (p.Gly2250=)	APC		Classic or attenuated familial adenomatous polyposis|Hereditary cancer-predisposing syndrome|not specified|not provided|Familial adenomatous polyposis 1	VCV000135715	5	112178041	5	112842344	135715	139427	rs555799753	NC_000005.10:112842343:C:T	single nucleotide variant	synonymous variant	Benign/Likely benign	Jan 16, 2026	criteria provided, multiple submitters, no conflicts							
NM_000038.6(APC):c.6756C>T (p.Pro2252=)	APC		Familial adenomatous polyposis 1	VCV003254133	5	112178047	5	112842350	3254133	3412912	rs2149972433	NC_000005.10:112842349:C:T	single nucleotide variant	synonymous variant|non-coding transcript variant	Benign	Apr 5, 2024	criteria provided, single submitter							
NM_000038.6(APC):c.6759T>A (p.Leu2253=)	APC		Familial adenomatous polyposis 1	VCV001138209	5	112178050	5	112842353	1138209	1115194	rs1554087705	NC_000005.10:112842352:T:A	single nucleotide variant	synonymous variant	Benign/Likely benign	Apr 5, 2024	criteria provided, multiple submitters, no conflicts							
NM_000038.6(APC):c.6759T>G (p.Leu2253=)	APC		Hereditary cancer-predisposing syndrome|Familial adenomatous polyposis 1	VCV000470062	5	112178050	5	112842353	470062	454567	rs1554087705	NC_000005.10:112842352:T:G	single nucleotide variant	synonymous variant	Benign/Likely benign	Apr 5, 2024	criteria provided, multiple submitters, no conflicts							
NM_000038.6(APC):c.6760A>T (p.Lys2254Ter)	APC	K2163*, K2213*, K2254*, K2264*, K2128*, K2195*, K2229*, K2094*, K2272*, K1971*, K2153*, K2226*, K2236*	Hereditary cancer-predisposing syndrome|Familial adenomatous polyposis 1	VCV001413036	5	112178051	5	112842354	1413036	1356633	rs2149972499	NC_000005.10:112842353:A:T	single nucleotide variant	nonsense	Pathogenic/Likely pathogenic	May 16, 2023	criteria provided, multiple submitters, no conflicts							
NM_000038.6(APC):c.6762G>A (p.Lys2254=)	APC		Familial adenomatous polyposis 1	VCV003254016	5	112178053	5	112842356	3254016	3412797	rs2149972531	NC_000005.10:112842355:G:A	single nucleotide variant	synonymous variant|non-coding transcript variant	Benign	Apr 5, 2024	criteria provided, single submitter							
NM_000038.6(APC):c.6765T>G (p.Thr2255=)	APC		Familial adenomatous polyposis 1	VCV002754574	5	112178056	5	112842359	2754574	2914015	rs2533741444	NC_000005.10:112842358:T:G	single nucleotide variant	synonymous variant|non-coding transcript variant	Benign/Likely benign	Apr 5, 2024	criteria provided, multiple submitters, no conflicts							
NM_000038.6(APC):c.6771C>G (p.Ala2257=)	APC		Hereditary cancer-predisposing syndrome|Familial adenomatous polyposis 1	VCV001755360	5	112178062	5	112842365	1755360	1818650	rs1060504893	NC_000005.10:112842364:C:G	single nucleotide variant	synonymous variant|non-coding transcript variant	Benign/Likely benign	Apr 5, 2024	criteria provided, multiple submitters, no conflicts							
NM_000038.6(APC):c.6771C>T (p.Ala2257=)	APC		Familial adenomatous polyposis 1|Hereditary cancer-predisposing syndrome	VCV000416763	5	112178062	5	112842365	416763	394642	rs1060504893	NC_000005.10:112842364:C:T	single nucleotide variant	synonymous variant	Benign/Likely benign	Apr 5, 2024	criteria provided, multiple submitters, no conflicts							
NM_000038.6(APC):c.6780C>T (p.Ser2260=)	APC		Hereditary cancer-predisposing syndrome|Classic or attenuated familial adenomatous polyposis|Familial adenomatous polyposis 1	VCV000631388	5	112178071	5	112842374	631388	617224	rs1170405641	NC_000005.10:112842373:C:T	single nucleotide variant	synonymous variant	Benign/Likely benign	May 31, 2024	criteria provided, multiple submitters, no conflicts							
NM_000038.6(APC):c.6783T>C (p.Pro2261=)	APC		Classic or attenuated familial adenomatous polyposis|Hereditary cancer-predisposing syndrome|not specified|Familial adenomatous polyposis 1	VCV000386421	5	112178074	5	112842377	386421	369369	rs767285988	NC_000005.10:112842376:T:C	single nucleotide variant	synonymous variant	Benign/Likely benign	Aug 7, 2025	criteria provided, multiple submitters, no conflicts							
NM_000038.6(APC):c.6789A>G (p.Glu2263=)	APC		Classic or attenuated familial adenomatous polyposis|Hereditary cancer-predisposing syndrome|not specified|not provided|Familial adenomatous polyposis 1	VCV000384459	5	112178080	5	112842383	384459	368086	rs1057521959	NC_000005.10:112842382:A:G	single nucleotide variant	synonymous variant	Benign/Likely benign	May 25, 2025	criteria provided, multiple submitters, no conflicts							
NM_000038.6(APC):c.6795A>G (p.Gln2265=)	APC		APC-related disorder|Familial adenomatous polyposis 1|Hereditary cancer-predisposing syndrome	VCV000537522	5	112178086	5	112842389	537522	520620	rs779065389	NC_000005.10:112842388:A:G	single nucleotide variant	synonymous variant	Benign/Likely benign	Sep 25, 2026	criteria provided, multiple submitters, no conflicts							
NM_000038.6(APC):c.6804C>A (p.Thr2268=)	APC		Familial adenomatous polyposis 1|Hereditary cancer-predisposing syndrome	VCV003254273	5	112178095	5	112842398	3254273	3413052	rs1554087758	NC_000005.10:112842397:C:A	single nucleotide variant	synonymous variant|non-coding transcript variant	Benign/Likely benign	Dec 29, 2025	criteria provided, multiple submitters, no conflicts							
NM_000038.6(APC):c.6804C>T (p.Thr2268=)	APC		Familial adenomatous polyposis 1|Hereditary cancer-predisposing syndrome	VCV000490343	5	112178095	5	112842398	490343	484044	rs1554087758	NC_000005.10:112842397:C:T	single nucleotide variant	synonymous variant	Benign/Likely benign	Apr 5, 2024	criteria provided, multiple submitters, no conflicts							
NM_000038.6(APC):c.6807T>C (p.Thr2269=)	APC		Hereditary cancer-predisposing syndrome|Familial adenomatous polyposis 1	VCV001755549	5	112178098	5	112842401	1755549	1818839	rs946677660	NC_000005.10:112842400:T:C	single nucleotide variant	synonymous variant|non-coding transcript variant	Benign/Likely benign	Dec 20, 2024	criteria provided, multiple submitters, no conflicts							
NM_000038.6(APC):c.6813T>C (p.Pro2271=)	APC		Hereditary cancer-predisposing syndrome|Classic or attenuated familial adenomatous polyposis|Familial adenomatous polyposis 1|not provided	VCV000378950	5	112178104	5	112842407	378950	369373	rs1057520427	NC_000005.10:112842406:T:C	single nucleotide variant	synonymous variant	Benign/Likely benign	Oct 27, 2025	criteria provided, multiple submitters, no conflicts							
NM_000038.6(APC):c.6819A>G (p.Gly2273=)	APC		Hereditary cancer-predisposing syndrome|Familial adenomatous polyposis 1	VCV001755596	5	112178110	5	112842413	1755596	1815091	rs2149973987	NC_000005.10:112842412:A:G	single nucleotide variant	synonymous variant|non-coding transcript variant	Benign/Likely benign	Apr 5, 2024	criteria provided, multiple submitters, no conflicts							
NM_000038.6(APC):c.6821C>T (p.Ala2274Val)	APC	A2274V, A2256V, A1991V, A2249V, A2148V, A2173V, A2292V, A2114V, A2183V, A2215V, A2284V, A2233V, A2246V	APC-Associated Polyposis Disorders|Hepatocellular carcinoma|Familial adenomatous polyposis 1|Gastric cancer|Colorectal cancer|Gastric adenocarcinoma and proximal polyposis of the stomach|Desmoid disease, hereditary|Classic or attenuated familial adenomatous polyposis|Hereditary cancer-predisposing syndrome|not specified|not provided|Familial multiple polyposis syndrome|Familial adenomatous polyposis 1	VCV000041511	5	112178112	5	112842415	41511	49950	rs34919187	NC_000005.10:112842414:C:T	single nucleotide variant	missense variant	Benign/Likely benign	Jun 1, 2026	criteria provided, multiple submitters, no conflicts							
NM_000038.6(APC):c.6822C>G (p.Ala2274=)	APC		Familial adenomatous polyposis 1	VCV003254346	5	112178113	5	112842416	3254346	3413125	rs2149974045	NC_000005.10:112842415:C:G	single nucleotide variant	synonymous variant|non-coding transcript variant	Benign	Apr 5, 2024	criteria provided, single submitter							
NM_000038.6(APC):c.6823A>T (p.Lys2275Ter)	APC	K1891*, K1992*, K2115*, K2146*, K2149*, K2174*, K2184*, K2192*, K2216*, K2234*, K2247*, K2250*, K2257*, K2265*, K2268*, K2275*, K2285*, K2293*, K2303*	Classic or attenuated familial adenomatous polyposis|Hereditary cancer-predisposing syndrome	VCV003387040	5	112178114	5	112842417	3387040	3546175		NC_000005.10:112842416:A:T	single nucleotide variant	nonsense|non-coding transcript variant	Pathogenic	Jul 29, 2024	criteria provided, multiple submitters, no conflicts							
NM_000038.6(APC):c.6828A>G (p.Pro2276=)	APC		Classic or attenuated familial adenomatous polyposis|Hereditary cancer-predisposing syndrome|not specified|Familial adenomatous polyposis 1	VCV000186385	5	112178119	5	112842422	186385	182455	rs758388956	NC_000005.10:112842421:A:G	single nucleotide variant	synonymous variant	Benign/Likely benign	Nov 26, 2025	criteria provided, multiple submitters, no conflicts							
NM_000038.6(APC):c.6834G>A (p.Val2278=)	APC		Familial adenomatous polyposis 1|Hereditary cancer-predisposing syndrome	VCV000705920	5	112178125	5	112842428	705920	691651	rs1580675277	NC_000005.10:112842427:G:A	single nucleotide variant	synonymous variant	Benign/Likely benign	Feb 1, 2025	criteria provided, multiple submitters, no conflicts							
NM_000038.6(APC):c.6835A>T (p.Lys2279Ter)	APC	K2178*, K2188*, K2289*, K2153*, K2220*, K2261*, K1996*, K2238*, K2254*, K2297*, K2119*, K2251*, K2279*	Familial adenomatous polyposis 1	VCV001455213	5	112178126	5	112842429	1455213	1441699	rs2149974329	NC_000005.10:112842428:A:T	single nucleotide variant	nonsense	Pathogenic	Sep 20, 2021	criteria provided, single submitter							
NM_000038.6(APC):c.6837A>G (p.Lys2279=)	APC		Hereditary cancer-predisposing syndrome|not specified|not provided|Classic or attenuated familial adenomatous polyposis|Familial adenomatous polyposis 1	VCV000383857	5	112178128	5	112842431	383857	369374	rs1057521763	NC_000005.10:112842430:A:G	single nucleotide variant	synonymous variant	Benign/Likely benign	Jan 18, 2026	criteria provided, multiple submitters, no conflicts							
NM_000038.6(APC):c.6845T>G (p.Leu2282Ter)	APC	L1898*, L1999*, L2223*, L2257*, L2275*, L2122*, L2181*, L2241*, L2264*, L2310*, L2153*, L2156*, L2191*, L2272*, L2300*, L2199*, L2254*, L2282*, L2292*	Hereditary cancer-predisposing syndrome|Familial adenomatous polyposis 1	VCV002773576	5	112178136	5	112842439	2773576	2934309	rs1766315103	NC_000005.10:112842438:T:G	single nucleotide variant	nonsense|non-coding transcript variant	Pathogenic/Likely pathogenic	Sep 23, 2025	criteria provided, multiple submitters, no conflicts							
NM_000038.6(APC):c.6846A>G (p.Leu2282=)	APC		Hereditary cancer-predisposing syndrome|Familial adenomatous polyposis 1	VCV000924858	5	112178137	5	112842440	924858	910082	rs747470110	NC_000005.10:112842439:A:G	single nucleotide variant	synonymous variant	Benign/Likely benign	Apr 5, 2024	criteria provided, multiple submitters, no conflicts							
NM_000038.6(APC):c.6852T>C (p.Pro2284=)	APC		Familial adenomatous polyposis 1	VCV003254139	5	112178143	5	112842446	3254139	3412918	rs1428908199	NC_000005.10:112842445:T:C	single nucleotide variant	synonymous variant|non-coding transcript variant	Benign/Likely benign	Apr 5, 2024	criteria provided, multiple submitters, no conflicts							
NM_000038.6(APC):c.6852T>G (p.Pro2284=)	APC		Familial adenomatous polyposis 1	VCV003254090	5	112178143	5	112842446	3254090	3412870	rs1428908199	NC_000005.10:112842445:T:G	single nucleotide variant	synonymous variant|non-coding transcript variant	Benign/Likely benign	Apr 5, 2024	criteria provided, multiple submitters, no conflicts							
NM_000038.6(APC):c.6855T>G (p.Val2285=)	APC		not specified|Hereditary cancer-predisposing syndrome|Classic or attenuated familial adenomatous polyposis|Familial adenomatous polyposis 1	VCV000628726	5	112178146	5	112842449	628726	617232	rs1057524550	NC_000005.10:112842448:T:G	single nucleotide variant	synonymous variant	Benign/Likely benign	Mar 4, 2025	criteria provided, multiple submitters, no conflicts							
NM_000038.6(APC):c.6855T>C (p.Val2285=)	APC		Hereditary cancer-predisposing syndrome|Classic or attenuated familial adenomatous polyposis|not provided|Familial adenomatous polyposis 1	VCV000392581	5	112178146	5	112842449	392581	369379	rs1057524550	NC_000005.10:112842448:T:C	single nucleotide variant	synonymous variant	Benign/Likely benign	Sep 5, 2025	criteria provided, multiple submitters, no conflicts							
NM_000038.6(APC):c.6862C>T (p.Gln2288Ter)	APC	Q2260*, Q2288*, Q2197*, Q2247*, Q2298*, Q2128*, Q2162*, Q2187*, Q2229*, Q2263*, Q2306*, Q2005*, Q2270*	Familial adenomatous polyposis 1|Hereditary cancer-predisposing syndrome	VCV000640262	5	112178153	5	112842456	640262	632809	rs1415318567	NC_000005.10:112842455:C:T	single nucleotide variant	nonsense	Pathogenic/Likely pathogenic	Sep 29, 2025	criteria provided, multiple submitters, no conflicts							
NM_000038.6(APC):c.6867A>T (p.Thr2289=)	APC		Hereditary cancer-predisposing syndrome|Familial adenomatous polyposis 1	VCV001755856	5	112178158	5	112842461	1755856	1815351	rs770315986	NC_000005.10:112842460:A:T	single nucleotide variant	synonymous variant|non-coding transcript variant	Benign/Likely benign	Apr 5, 2024	criteria provided, multiple submitters, no conflicts							
NM_000038.6(APC):c.6870C>T (p.Ser2290=)	APC		Familial adenomatous polyposis 1	VCV003254441	5	112178161	5	112842464	3254441	3413219	rs2149975117	NC_000005.10:112842463:C:T	single nucleotide variant	synonymous variant|non-coding transcript variant	Benign	Apr 5, 2024	criteria provided, single submitter							
NM_000038.6(APC):c.6871C>T (p.Gln2291Ter)	APC	Q2291*, Q2273*, Q2190*, Q2250*, Q2266*, Q2309*, Q2008*, Q2131*, Q2263*, Q2301*, Q2165*, Q2200*, Q2232*	Familial adenomatous polyposis 1	VCV000565981	5	112178162	5	112842465	565981	560062	rs1561610839	NC_000005.10:112842464:C:T	single nucleotide variant	nonsense	Pathogenic	Jun 24, 2018	criteria provided, single submitter							
NM_000038.6(APC):c.6873A>G (p.Gln2291=)	APC		Hereditary cancer-predisposing syndrome|Familial adenomatous polyposis 1	VCV000924190	5	112178164	5	112842467	924190	910083	rs148878262	NC_000005.10:112842466:A:G	single nucleotide variant	synonymous variant	Benign/Likely benign	Dec 20, 2024	criteria provided, multiple submitters, no conflicts							
NM_000038.6(APC):c.6882G>A (p.Gly2294=)	APC		Familial adenomatous polyposis 1	VCV003254087	5	112178173	5	112842476	3254087	3412867	rs2149975377	NC_000005.10:112842475:G:A	single nucleotide variant	synonymous variant|non-coding transcript variant	Benign	Apr 5, 2024	criteria provided, single submitter							
NM_000038.6(APC):c.6885A>G (p.Ser2295=)	APC		not provided|Hereditary cancer-predisposing syndrome|Familial adenomatous polyposis 1	VCV000236637	5	112178176	5	112842479	236637	239606	rs763506865	NC_000005.10:112842478:A:G	single nucleotide variant	synonymous variant	Benign/Likely benign	Dec 10, 2025	criteria provided, multiple submitters, no conflicts							
NM_000038.6(APC):c.6900T>C (p.Ser2300=)	APC		not specified|Hereditary cancer-predisposing syndrome|Familial adenomatous polyposis 1	VCV000630199	5	112178191	5	112842494	630199	617233	rs202012533	NC_000005.10:112842493:T:C	single nucleotide variant	synonymous variant	Benign/Likely benign	Dec 17, 2025	criteria provided, multiple submitters, no conflicts							
NM_000038.6(APC):c.6903A>G (p.Arg2301=)	APC		not specified|Hereditary cancer-predisposing syndrome|Familial adenomatous polyposis 1	VCV000381233	5	112178194	5	112842497	381233	369381	rs1057520984	NC_000005.10:112842496:A:G	single nucleotide variant	synonymous variant	Benign/Likely benign	Mar 23, 2025	criteria provided, multiple submitters, no conflicts							
NM_000038.6(APC):c.6906A>G (p.Ser2302=)	APC		Familial adenomatous polyposis 1	VCV003254054	5	112178197	5	112842500	3254054	3412835	rs1766330352	NC_000005.10:112842499:A:G	single nucleotide variant	synonymous variant|non-coding transcript variant	Benign	Apr 8, 2024	criteria provided, single submitter							
NM_000038.6(APC):c.6909A>T (p.Gly2303=)	APC		Classic or attenuated familial adenomatous polyposis|Hereditary cancer-predisposing syndrome|Familial adenomatous polyposis 1	VCV003254140	5	112178200	5	112842503	3254140	3412919	rs2533753251	NC_000005.10:112842502:A:T	single nucleotide variant	synonymous variant|non-coding transcript variant	Benign/Likely benign	Jun 26, 2024	criteria provided, multiple submitters, no conflicts							
NM_000038.6(APC):c.6912T>C (p.Ser2304=)	APC		Hereditary cancer-predisposing syndrome|APC-related disorder|Familial adenomatous polyposis 1	VCV000630678	5	112178203	5	112842506	630678	617234	rs1210017216	NC_000005.10:112842505:T:C	single nucleotide variant	synonymous variant	Benign/Likely benign	Jan 8, 2026	criteria provided, multiple submitters, no conflicts							
NM_000038.6(APC):c.6920C>A (p.Ser2307Ter)	APC	S2024*, S2147*, S2317*, S2289*, S2325*, S2206*, S2216*, S2266*, S2279*, S2307*, S2181*, S2248*, S2282*	Familial adenomatous polyposis 1	VCV001355519	5	112178211	5	112842514	1355519	1509270	rs901983934	NC_000005.10:112842513:C:A	single nucleotide variant	nonsense	Pathogenic	Oct 30, 2021	criteria provided, single submitter							
NM_000038.6(APC):c.6921G>C (p.Ser2307=)	APC		Hereditary cancer-predisposing syndrome|Familial adenomatous polyposis 1	VCV000537666	5	112178212	5	112842515	537666	520366	rs2229993	NC_000005.10:112842514:G:C	single nucleotide variant	synonymous variant	Benign/Likely benign	Mar 9, 2025	criteria provided, multiple submitters, no conflicts							
NM_000038.6(APC):c.6921G>A (p.Ser2307=)	APC		APC-Associated Polyposis Disorders|Hereditary cancer-predisposing syndrome|not specified|not provided|Familial adenomatous polyposis 1	VCV000136411	5	112178212	5	112842515	136411	140114	rs2229993	NC_000005.10:112842514:G:A	single nucleotide variant	synonymous variant	Benign/Likely benign	Feb 4, 2026	criteria provided, multiple submitters, no conflicts							
NM_000038.6(APC):c.6924C>G (p.Thr2308=)	APC		Familial adenomatous polyposis 1	VCV003254436	5	112178215	5	112842518	3254436	3413214	rs1580676369	NC_000005.10:112842517:C:G	single nucleotide variant	synonymous variant|non-coding transcript variant	Benign	Apr 8, 2024	criteria provided, single submitter							
NM_000038.6(APC):c.6924C>T (p.Thr2308=)	APC		Hereditary cancer-predisposing syndrome|Familial adenomatous polyposis 1	VCV001141596	5	112178215	5	112842518	1141596	1136141	rs1580676369	NC_000005.10:112842517:C:T	single nucleotide variant	synonymous variant	Benign/Likely benign	Apr 8, 2024	criteria provided, multiple submitters, no conflicts							
NM_000038.6(APC):c.6924C>A (p.Thr2308=)	APC		Hereditary cancer-predisposing syndrome|Familial adenomatous polyposis 1	VCV000760901	5	112178215	5	112842518	760901	764724	rs1580676369	NC_000005.10:112842517:C:A	single nucleotide variant	synonymous variant	Benign/Likely benign	Apr 21, 2025	criteria provided, multiple submitters, no conflicts							
NM_000038.6(APC):c.6927T>G (p.Pro2309=)	APC		Familial adenomatous polyposis 1	VCV003254091	5	112178218	5	112842521	3254091	3412871	rs2149976432	NC_000005.10:112842520:T:G	single nucleotide variant	synonymous variant|non-coding transcript variant	Benign	Apr 8, 2024	criteria provided, single submitter							
NM_000038.6(APC):c.6930A>G (p.Ser2310=)	APC		Familial adenomatous polyposis 1	VCV003253884	5	112178221	5	112842524	3253884	3412665	rs2149976488	NC_000005.10:112842523:A:G	single nucleotide variant	synonymous variant|non-coding transcript variant	Benign	Apr 8, 2024	criteria provided, single submitter							
NM_000038.6(APC):c.6931A>C (p.Arg2311=)	APC		Hereditary cancer-predisposing syndrome|Familial adenomatous polyposis 1	VCV001079499	5	112178222	5	112842525	1079499	1072066	rs878853467	NC_000005.10:112842524:A:C	single nucleotide variant	synonymous variant	Benign/Likely benign	Apr 8, 2024	criteria provided, multiple submitters, no conflicts							
NM_000038.6(APC):c.6933A>G (p.Arg2311=)	APC		Familial adenomatous polyposis 1|Hereditary cancer-predisposing syndrome	VCV000490349	5	112178224	5	112842527	490349	483921	rs752834820	NC_000005.10:112842526:A:G	single nucleotide variant	synonymous variant	Benign/Likely benign	Dec 2, 2024	criteria provided, multiple submitters, no conflicts							
NM_000038.6(APC):c.6936T>C (p.Pro2312=)	APC		Hereditary cancer-predisposing syndrome|Familial adenomatous polyposis 1	VCV000759940	5	112178227	5	112842530	759940	764725	rs1580676516	NC_000005.10:112842529:T:C	single nucleotide variant	synonymous variant	Benign/Likely benign	May 17, 2025	criteria provided, multiple submitters, no conflicts							
NM_000038.6(APC):c.6940C>T (p.Gln2314Ter)	APC	Q1930*, Q2031*, Q2154*, Q2185*, Q2188*, Q2213*, Q2223*, Q2231*, Q2255*, Q2273*, Q2286*, Q2289*, Q2296*, Q2304*, Q2307*, Q2314*, Q2324*, Q2332*, Q2342*	Familial adenomatous polyposis 1	VCV002584332	5	112178231	5	112842534	2584332	2751898	rs2149976768	NC_000005.10:112842533:C:T	single nucleotide variant	nonsense|non-coding transcript variant	Pathogenic	May 16, 2023	criteria provided, single submitter							
NM_000038.6(APC):c.6942G>A (p.Gln2314=)	APC		Hereditary cancer-predisposing syndrome|not specified|Familial adenomatous polyposis 1	VCV000187423	5	112178233	5	112842536	187423	182457	rs786203722	NC_000005.10:112842535:G:A	single nucleotide variant	synonymous variant	Benign/Likely benign	Apr 8, 2024	criteria provided, multiple submitters, no conflicts							
NM_000038.6(APC):c.6943C>T (p.Gln2315Ter)	APC	Q1931*, Q2032*, Q2155*, Q2186*, Q2189*, Q2214*, Q2224*, Q2232*, Q2256*, Q2274*, Q2287*, Q2290*, Q2297*, Q2305*, Q2308*, Q2315*, Q2325*, Q2333*, Q2343*	Familial adenomatous polyposis 1	VCV004856772	5	112178234	5	112842537	4856772	4967696		NC_000005.10:112842536:C:T	single nucleotide variant	nonsense|non-coding transcript variant	Pathogenic	Feb 10, 2026	criteria provided, single submitter							
NM_000038.6(APC):c.6945A>G (p.Gln2315=)	APC		Classic or attenuated familial adenomatous polyposis|Hereditary cancer-predisposing syndrome|not specified|not provided|Familial adenomatous polyposis 1	VCV000184234	5	112178236	5	112842539	184234	182458	rs786201348	NC_000005.10:112842538:A:G	single nucleotide variant	synonymous variant	Benign/Likely benign	Jan 18, 2026	criteria provided, multiple submitters, no conflicts							
NM_000038.6(APC):c.6948A>G (p.Pro2316=)	APC		Classic or attenuated familial adenomatous polyposis|not provided|not specified|Familial adenomatous polyposis 1|Hereditary cancer-predisposing syndrome	VCV000230394	5	112178239	5	112842542	230394	233192	rs202144406	NC_000005.10:112842541:A:G	single nucleotide variant	synonymous variant	Benign/Likely benign	Jan 16, 2026	criteria provided, multiple submitters, no conflicts							
NM_000038.6(APC):c.6950T>G (p.Leu2317Ter)	APC	L1933*, L2034*, L2157*, L2188*, L2191*, L2216*, L2226*, L2234*, L2258*, L2276*, L2289*, L2292*, L2299*, L2307*, L2310*, L2317*, L2327*, L2335*, L2345*	Familial adenomatous polyposis 1	VCV002584286	5	112178241	5	112842544	2584286	2751852	rs560565848	NC_000005.10:112842543:T:G	single nucleotide variant	nonsense|non-coding transcript variant	Pathogenic	May 16, 2023	criteria provided, single submitter							
NM_000038.6(APC):c.6954T>C (p.Ser2318=)	APC		Hereditary cancer-predisposing syndrome|Familial adenomatous polyposis 1	VCV000490350	5	112178245	5	112842548	490350	484053	rs1554087876	NC_000005.10:112842547:T:C	single nucleotide variant	synonymous variant	Benign/Likely benign	Apr 8, 2024	criteria provided, multiple submitters, no conflicts							
NM_000038.6(APC):c.6966G>A (p.Gln2322=)	APC		Familial adenomatous polyposis 1|Hereditary cancer-predisposing syndrome	VCV000490351	5	112178257	5	112842560	490351	483925	rs786204171	NC_000005.10:112842559:G:A	single nucleotide variant	synonymous variant	Benign/Likely benign	Apr 8, 2024	criteria provided, multiple submitters, no conflicts							
NM_000038.6(APC):c.6975C>T (p.Gly2325=)	APC		Hereditary cancer-predisposing syndrome|Familial adenomatous polyposis 1	VCV001147107	5	112178266	5	112842569	1147107	1136142	rs2149977432	NC_000005.10:112842568:C:T	single nucleotide variant	synonymous variant	Benign/Likely benign	Sep 28, 2025	criteria provided, multiple submitters, no conflicts							
NM_000038.6(APC):c.6976C>T (p.Arg2326Ter)	APC	R2326*, R2308*, R2200*, R2267*, R2336*, R2344*, R2043*, R2225*, R2166*, R2235*, R2298*, R2301*, R2285*	Hereditary cancer-predisposing syndrome|not provided|Familial adenomatous polyposis 1	VCV000411530	5	112178267	5	112842570	411530	394982	rs1060503355	NC_000005.10:112842569:C:T	single nucleotide variant	nonsense	Pathogenic/Likely pathogenic	Dec 18, 2024	criteria provided, multiple submitters, no conflicts							
NM_000038.6(APC):c.6981C>T (p.Asn2327=)	APC		Hereditary cancer-predisposing syndrome|Familial adenomatous polyposis 1	VCV000826748	5	112178272	5	112842575	826748	808217	rs950286984	NC_000005.10:112842574:C:T	single nucleotide variant	synonymous variant	Benign/Likely benign	Oct 3, 2025	criteria provided, multiple submitters, no conflicts							
NM_000038.6(APC):c.6983C>G (p.Ser2328Ter)	APC	S1944*, S2045*, S2168*, S2199*, S2202*, S2227*, S2237*, S2245*, S2269*, S2287*, S2300*, S2303*, S2310*, S2318*, S2321*, S2328*, S2338*, S2346*, S2356*	Familial adenomatous polyposis 1	VCV002584220	5	112178274	5	112842577	2584220	2751786	rs1766347750	NC_000005.10:112842576:C:G	single nucleotide variant	nonsense|non-coding transcript variant	Pathogenic	May 16, 2023	criteria provided, single submitter							
NM_000038.6(APC):c.6984A>T (p.Ser2328=)	APC		Hereditary cancer-predisposing syndrome|Classic or attenuated familial adenomatous polyposis|Familial adenomatous polyposis 1	VCV002567035	5	112178275	5	112842578	2567035	2732696	rs1766348073	NC_000005.10:112842577:A:T	single nucleotide variant	synonymous variant|non-coding transcript variant	Benign/Likely benign	Apr 16, 2024	criteria provided, multiple submitters, no conflicts							
NM_000038.6(APC):c.6993T>C (p.Pro2331=)	APC		Hereditary cancer-predisposing syndrome|Familial adenomatous polyposis 1	VCV000754532	5	112178284	5	112842587	754532	764727	rs1580677177	NC_000005.10:112842586:T:C	single nucleotide variant	synonymous variant	Benign/Likely benign	Apr 8, 2024	criteria provided, multiple submitters, no conflicts							
NM_000038.6(APC):c.6996T>G (p.Gly2332=)	APC		Familial adenomatous polyposis 1	VCV003254353	5	112178287	5	112842590	3254353	3413132	rs2149977879	NC_000005.10:112842589:T:G	single nucleotide variant	synonymous variant|non-coding transcript variant	Benign	Apr 8, 2024	criteria provided, single submitter							
NM_000038.6(APC):c.7014T>C (p.Pro2338=)	APC		Familial adenomatous polyposis 1	VCV001111582	5	112178305	5	112842608	1111582	1093660	rs1561611983	NC_000005.10:112842607:T:C	single nucleotide variant	synonymous variant	Benign/Likely benign	Apr 8, 2024	criteria provided, multiple submitters, no conflicts							
NM_000038.6(APC):c.7017T>C (p.Pro2339=)	APC		Hereditary cancer-predisposing syndrome|not specified|Familial adenomatous polyposis 1	VCV000385785	5	112178308	5	112842611	385785	367815	rs761268806	NC_000005.10:112842610:T:C	single nucleotide variant	synonymous variant	Benign/Likely benign	Jan 11, 2026	criteria provided, multiple submitters, no conflicts							
NM_000038.6(APC):c.7020C>T (p.Asn2340=)	APC		Classic or attenuated familial adenomatous polyposis|not specified|Hereditary cancer-predisposing syndrome|not provided|Familial adenomatous polyposis 1	VCV000232829	5	112178311	5	112842614	232829	233194	rs773108684	NC_000005.10:112842613:C:T	single nucleotide variant	synonymous variant	Benign/Likely benign	Dec 14, 2025	criteria provided, multiple submitters, no conflicts							
NM_000038.6(APC):c.7026A>G (p.Leu2342=)	APC		Hereditary cancer-predisposing syndrome|not specified|Familial adenomatous polyposis 1|not provided	VCV000220813	5	112178317	5	112842620	220813	221533	rs766086022	NC_000005.10:112842619:A:G	single nucleotide variant	synonymous variant	Benign/Likely benign	Jun 8, 2026	criteria provided, multiple submitters, no conflicts							
NM_000038.6(APC):c.7032A>G (p.Gln2344=)	APC		Classic or attenuated familial adenomatous polyposis|Hereditary cancer-predisposing syndrome|Familial adenomatous polyposis 1	VCV000184671	5	112178323	5	112842626	184671	182459	rs753728632	NC_000005.10:112842625:A:G	single nucleotide variant	synonymous variant	Benign/Likely benign	Dec 8, 2025	criteria provided, multiple submitters, no conflicts							
NM_000038.6(APC):c.7038A>G (p.Pro2346=)	APC		Familial adenomatous polyposis 1	VCV002700543	5	112178329	5	112842632	2700543	2855542	rs1580677722	NC_000005.10:112842631:A:G	single nucleotide variant	synonymous variant|non-coding transcript variant	Benign/Likely benign	Jun 16, 2024	criteria provided, multiple submitters, no conflicts							
NM_000038.6(APC):c.7039A>C (p.Arg2347=)	APC		Hereditary cancer-predisposing syndrome|Classic or attenuated familial adenomatous polyposis|Familial adenomatous polyposis 1	VCV001756811	5	112178330	5	112842633	1756811	1822622	rs786202649	NC_000005.10:112842632:A:C	single nucleotide variant	synonymous variant|non-coding transcript variant	Benign/Likely benign	Apr 8, 2024	criteria provided, multiple submitters, no conflicts							
NM_000038.6(APC):c.7041G>A (p.Arg2347=)	APC		Familial adenomatous polyposis 1|Hereditary cancer-predisposing syndrome	VCV000765357	5	112178332	5	112842635	765357	764729	rs1202582686	NC_000005.10:112842634:G:A	single nucleotide variant	synonymous variant	Benign/Likely benign	Nov 18, 2025	criteria provided, multiple submitters, no conflicts							
NM_000038.6(APC):c.7044A>G (p.Thr2348=)	APC		not specified|Familial adenomatous polyposis 1|Hereditary cancer-predisposing syndrome	VCV000378951	5	112178335	5	112842638	378951	369387	rs1057520428	NC_000005.10:112842637:A:G	single nucleotide variant	synonymous variant	Benign/Likely benign	Sep 3, 2025	criteria provided, multiple submitters, no conflicts							
NM_000038.6(APC):c.7047A>G (p.Ser2349=)	APC		Familial adenomatous polyposis 1	VCV003253914	5	112178338	5	112842641	3253914	3412695	rs1274342268	NC_000005.10:112842640:A:G	single nucleotide variant	synonymous variant|non-coding transcript variant	Benign	Apr 8, 2024	criteria provided, single submitter							
NM_000038.6(APC):c.7047A>T (p.Ser2349=)	APC		Familial adenomatous polyposis 1	VCV000752439	5	112178338	5	112842641	752439	764730	rs1274342268	NC_000005.10:112842640:A:T	single nucleotide variant	synonymous variant	Benign/Likely benign	Jan 11, 2026	criteria provided, multiple submitters, no conflicts							
NM_000038.6(APC):c.7050C>T (p.Ser2350=)	APC		Hereditary cancer-predisposing syndrome|Familial adenomatous polyposis 1	VCV001087171	5	112178341	5	112842644	1087171	1072068	rs78556145	NC_000005.10:112842643:C:T	single nucleotide variant	synonymous variant	Benign/Likely benign	Jul 14, 2025	criteria provided, multiple submitters, no conflicts							
NM_000038.6(APC):c.7053T>C (p.Pro2351=)	APC		Hereditary cancer-predisposing syndrome|not specified|Familial adenomatous polyposis 1	VCV001665934	5	112178344	5	112842647	1665934	1655663	rs2149979026	NC_000005.10:112842646:T:C	single nucleotide variant	synonymous variant	Benign/Likely benign	Dec 29, 2025	criteria provided, multiple submitters, no conflicts							
NM_000038.6(APC):c.7059T>G (p.Thr2353=)	APC		Hereditary cancer-predisposing syndrome|Familial adenomatous polyposis 1	VCV002018105	5	112178350	5	112842653	2018105	2076022	rs1054356903	NC_000005.10:112842652:T:G	single nucleotide variant	synonymous variant|non-coding transcript variant	Benign/Likely benign	Jun 25, 2025	criteria provided, multiple submitters, no conflicts							
NM_000038.6(APC):c.7059T>C (p.Thr2353=)	APC		Familial adenomatous polyposis 1|Hereditary cancer-predisposing syndrome	VCV000537622	5	112178350	5	112842653	537622	520376	rs1054356903	NC_000005.10:112842652:T:C	single nucleotide variant	synonymous variant	Benign/Likely benign	Mar 13, 2025	criteria provided, multiple submitters, no conflicts							
NM_000038.6(APC):c.7064C>A (p.Ser2355Ter)	APC	S2272*, S2296*, S2314*, S2345*, S2348*, S2355*, S2365*, S2072*, S2226*, S2229*, S2254*, S2327*, S2337*, S1971*, S2195*, S2264*, S2330*, S2373*, S2383*	Familial adenomatous polyposis 1	VCV002811182	5	112178355	5	112842658	2811182	2975695	rs1766367247	NC_000005.10:112842657:C:A	single nucleotide variant	nonsense|non-coding transcript variant	Pathogenic	Nov 1, 2022	criteria provided, single submitter							
NM_000038.6(APC):c.7068T>G (p.Thr2356=)	APC		not specified|Classic or attenuated familial adenomatous polyposis|Familial adenomatous polyposis 1	VCV003254041	5	112178359	5	112842662	3254041	3412822	rs2533765868	NC_000005.10:112842661:T:G	single nucleotide variant	synonymous variant|non-coding transcript variant	Benign/Likely benign	Dec 29, 2025	criteria provided, multiple submitters, no conflicts							
NM_000038.6(APC):c.7069A>T (p.Lys2357Ter)	APC	K2074*, K2197*, K2231*, K2367*, K2375*, K2266*, K2329*, K2332*, K2298*, K2316*, K2339*, K2357*, K2256*	Familial adenomatous polyposis 1	VCV000639574	5	112178360	5	112842663	639574	632815	rs1554087972	NC_000005.10:112842662:A:T	single nucleotide variant	nonsense	Pathogenic	Aug 28, 2018	criteria provided, single submitter							
NM_000038.6(APC):c.7074C>T (p.Ser2358=)	APC		Familial adenomatous polyposis 1|Classic or attenuated familial adenomatous polyposis|Hereditary cancer-predisposing syndrome	VCV000470075	5	112178365	5	112842668	470075	454578	rs1554087974	NC_000005.10:112842667:C:T	single nucleotide variant	synonymous variant	Benign/Likely benign	Jul 23, 2025	criteria provided, multiple submitters, no conflicts							
NM_000038.6(APC):c.7077A>G (p.Ser2359=)	APC		Classic or attenuated familial adenomatous polyposis|Hereditary cancer-predisposing syndrome|Familial adenomatous polyposis 1	VCV000186208	5	112178368	5	112842671	186208	182461	rs781472719	NC_000005.10:112842670:A:G	single nucleotide variant	synonymous variant	Benign/Likely benign	Oct 1, 2024	criteria provided, multiple submitters, no conflicts							
NM_000038.6(APC):c.7086A>T (p.Gly2362=)	APC		Familial adenomatous polyposis 1|Hereditary cancer-predisposing syndrome	VCV000645315	5	112178377	5	112842680	645315	632816	rs780439042	NC_000005.10:112842679:A:T	single nucleotide variant	synonymous variant	Benign/Likely benign	Apr 20, 2025	criteria provided, multiple submitters, no conflicts							
NM_000038.6(APC):c.7089A>G (p.Lys2363=)	APC		Classic or attenuated familial adenomatous polyposis|not specified|Hereditary cancer-predisposing syndrome|not provided|Familial adenomatous polyposis 1	VCV000221147	5	112178380	5	112842683	221147	221535	rs864622761	NC_000005.10:112842682:A:G	single nucleotide variant	synonymous variant	Benign/Likely benign	Oct 1, 2025	criteria provided, multiple submitters, no conflicts							
NM_000038.6(APC):c.7095A>G (p.Ser2365=)	APC		Classic or attenuated familial adenomatous polyposis|not specified|not provided|Familial adenomatous polyposis 1|Hereditary cancer-predisposing syndrome	VCV000229832	5	112178386	5	112842689	229832	233195	rs747844776	NC_000005.10:112842688:A:G	single nucleotide variant	synonymous variant	Benign/Likely benign	Jan 13, 2026	criteria provided, multiple submitters, no conflicts							
NM_000038.6(APC):c.7098T>C (p.Tyr2366=)	APC		Classic or attenuated familial adenomatous polyposis|Hereditary cancer-predisposing syndrome|not specified|not provided|Familial adenomatous polyposis 1	VCV000185631	5	112178389	5	112842692	185631	182462	rs561394771	NC_000005.10:112842691:T:C	single nucleotide variant	synonymous variant	Benign/Likely benign	Jan 26, 2026	criteria provided, multiple submitters, no conflicts							
NM_000038.6(APC):c.7107A>G (p.Pro2369=)	APC		Classic or attenuated familial adenomatous polyposis|not provided|Hereditary cancer-predisposing syndrome|not specified|Familial adenomatous polyposis 1	VCV000470076	5	112178398	5	112842701	470076	454582	rs778471612	NC_000005.10:112842700:A:G	single nucleotide variant	synonymous variant	Benign/Likely benign	Dec 19, 2025	criteria provided, multiple submitters, no conflicts							
NM_000038.6(APC):c.7110T>C (p.Gly2370=)	APC		Familial adenomatous polyposis 1|not provided	VCV003254532	5	112178401	5	112842704	3254532	3413310	rs1554088015	NC_000005.10:112842703:T:C	single nucleotide variant	non-coding transcript variant|synonymous variant	Benign/Likely benign	Aug 1, 2025	criteria provided, multiple submitters, no conflicts							
NM_000038.6(APC):c.7110T>G (p.Gly2370=)	APC		Familial adenomatous polyposis 1|Hereditary cancer-predisposing syndrome	VCV000490354	5	112178401	5	112842704	490354	483871	rs1554088015	NC_000005.10:112842703:T:G	single nucleotide variant	synonymous variant	Benign/Likely benign	Apr 27, 2024	criteria provided, multiple submitters, no conflicts							
NM_000038.6(APC):c.7114C>T (p.Gln2372Ter)	APC	Q2089*, Q2246*, Q2313*, Q2382*, Q2390*, Q2212*, Q2344*, Q2347*, Q2354*, Q2281*, Q2271*, Q2331*, Q2372*	Hereditary cancer-predisposing syndrome|Familial adenomatous polyposis 1	VCV000826849	5	112178405	5	112842708	826849	808225	rs1580678722	NC_000005.10:112842707:C:T	single nucleotide variant	nonsense	Pathogenic	May 16, 2023	criteria provided, multiple submitters, no conflicts							
NM_000038.6(APC):c.7122C>T (p.Ser2374=)	APC		Hereditary cancer-predisposing syndrome|Familial adenomatous polyposis 1	VCV000537614	5	112178413	5	112842716	537614	520387	rs1554088024	NC_000005.10:112842715:C:T	single nucleotide variant	synonymous variant	Benign/Likely benign	May 2, 2026	criteria provided, multiple submitters, no conflicts							
NM_000038.6(APC):c.7125A>G (p.Gln2375=)	APC		Familial adenomatous polyposis 1|Hereditary cancer-predisposing syndrome|not provided	VCV000135717	5	112178416	5	112842719	135717	139429	rs587780603	NC_000005.10:112842718:A:G	single nucleotide variant	synonymous variant	Benign/Likely benign	Jan 19, 2026	criteria provided, multiple submitters, no conflicts							
NM_000038.6(APC):c.7134T>A (p.Leu2378=)	APC		Hereditary cancer-predisposing syndrome|Familial adenomatous polyposis 1	VCV000482362	5	112178425	5	112842728	482362	473961	rs1554088049	NC_000005.10:112842727:T:A	single nucleotide variant	synonymous variant	Benign/Likely benign	May 7, 2024	criteria provided, multiple submitters, no conflicts							
NM_000038.6(APC):c.7137C>G (p.Thr2379=)	APC		Hereditary cancer-predisposing syndrome|not specified|not provided|Familial adenomatous polyposis 1|Classic or attenuated familial adenomatous polyposis	VCV000215431	5	112178428	5	112842731	215431	212446	rs141454910	NC_000005.10:112842730:C:G	single nucleotide variant	synonymous variant	Benign/Likely benign	Oct 31, 2025	criteria provided, multiple submitters, no conflicts							
NM_000038.6(APC):c.7146A>T (p.Thr2382=)	APC		not specified|Hereditary cancer-predisposing syndrome|Familial adenomatous polyposis 1	VCV000390267	5	112178437	5	112842740	390267	368189	rs780566379	NC_000005.10:112842739:A:T	single nucleotide variant	synonymous variant	Benign/Likely benign	Nov 3, 2025	criteria provided, multiple submitters, no conflicts							
NM_000038.6(APC):c.7151T>G (p.Leu2384Ter)	APC	L2224*, L2325*, L2359*, L2384*, L2412*, L2000*, L2101*, L2255*, L2258*, L2293*, L2301*, L2283*, L2356*, L2366*, L2374*, L2343*, L2377*, L2394*, L2402*	Hereditary cancer-predisposing syndrome	VCV001757401	5	112178442	5	112842745	1757401	1815600	rs2533772392	NC_000005.10:112842744:T:G	single nucleotide variant	nonsense	Pathogenic	Aug 16, 2021	criteria provided, single submitter							
NM_000038.6(APC):c.7155C>T (p.Ser2385=)	APC		Hereditary cancer-predisposing syndrome|Familial adenomatous polyposis 1	VCV001757411	5	112178446	5	112842749	1757411	1815610	rs2149981130	NC_000005.10:112842748:C:T	single nucleotide variant	synonymous variant|non-coding transcript variant	Benign/Likely benign	Jun 10, 2024	criteria provided, multiple submitters, no conflicts							
NM_000038.6(APC):c.7158G>A (p.Lys2386=)	APC		Familial adenomatous polyposis 1	VCV003254472	5	112178449	5	112842752	3254472	3413250	rs1766393148	NC_000005.10:112842751:G:A	single nucleotide variant	synonymous variant|non-coding transcript variant	Benign	Apr 9, 2024	criteria provided, single submitter							
NM_000038.6(APC):c.7161T>C (p.Asn2387=)	APC		Classic or attenuated familial adenomatous polyposis|Familial adenomatous polyposis 1|Hereditary cancer-predisposing syndrome|not specified	VCV000772925	5	112178452	5	112842755	772925	698726	rs1580679289	NC_000005.10:112842754:T:C	single nucleotide variant	synonymous variant	Benign/Likely benign	Apr 9, 2024	criteria provided, multiple submitters, no conflicts							
NM_000038.6(APC):c.7164C>A (p.Ala2388=)	APC		Hereditary cancer-predisposing syndrome|Familial adenomatous polyposis 1	VCV002054586	5	112178455	5	112842758	2054586	2112468	rs1554088092	NC_000005.10:112842757:C:A	single nucleotide variant	synonymous variant|non-coding transcript variant	Benign/Likely benign	Oct 14, 2025	criteria provided, multiple submitters, no conflicts							
NM_000038.6(APC):c.7164C>T (p.Ala2388=)	APC		Familial adenomatous polyposis 1|Hereditary cancer-predisposing syndrome	VCV000485096	5	112178455	5	112842758	485096	473965	rs1554088092	NC_000005.10:112842757:C:T	single nucleotide variant	synonymous variant	Benign/Likely benign	Apr 9, 2024	criteria provided, multiple submitters, no conflicts							
NM_000038.6(APC):c.7173T>C (p.Ile2391=)	APC		Hereditary cancer-predisposing syndrome|not provided|Familial adenomatous polyposis 1	VCV000627917	5	112178464	5	112842767	627917	617244	rs1561613381	NC_000005.10:112842766:T:C	single nucleotide variant	synonymous variant	Benign/Likely benign	Aug 1, 2025	criteria provided, multiple submitters, no conflicts							
NM_000038.6(APC):c.7182T>C (p.Ser2394=)	APC		not specified|Hereditary cancer-predisposing syndrome|Familial adenomatous polyposis 1	VCV000495372	5	112178473	5	112842776	495372	487117	rs777420141	NC_000005.10:112842775:T:C	single nucleotide variant	synonymous variant	Benign/Likely benign	Jan 13, 2026	criteria provided, multiple submitters, no conflicts							
NM_000038.6(APC):c.7185G>A (p.Glu2395=)	APC		Hereditary cancer-predisposing syndrome|Familial adenomatous polyposis 1	VCV000927255	5	112178476	5	112842779	927255	910095	rs1766403791	NC_000005.10:112842778:G:A	single nucleotide variant	synonymous variant	Benign/Likely benign	Apr 9, 2024	criteria provided, multiple submitters, no conflicts							
NM_000038.6(APC):c.7194C>T (p.Ser2398=)	APC		not specified|Hereditary cancer-predisposing syndrome|not provided|Familial adenomatous polyposis 1|Classic or attenuated familial adenomatous polyposis	VCV000215570	5	112178485	5	112842788	215570	212447	rs565688379	NC_000005.10:112842787:C:T	single nucleotide variant	synonymous variant	Benign/Likely benign	Jan 26, 2026	criteria provided, multiple submitters, no conflicts							
NM_000038.6(APC):c.7197A>G (p.Lys2399=)	APC		Hereditary cancer-predisposing syndrome|Familial adenomatous polyposis 1	VCV002196301	5	112178488	5	112842791	2196301	1923775	rs1580679717	NC_000005.10:112842790:A:G	single nucleotide variant	synonymous variant|non-coding transcript variant	Benign/Likely benign	Mar 9, 2025	criteria provided, multiple submitters, no conflicts							
NM_000038.6(APC):c.7200A>T (p.Gly2400=)	APC		Hereditary cancer-predisposing syndrome|Familial adenomatous polyposis 1	VCV000926881	5	112178491	5	112842794	926881	910097	rs1766408359	NC_000005.10:112842793:A:T	single nucleotide variant	synonymous variant	Benign/Likely benign	Apr 9, 2024	criteria provided, multiple submitters, no conflicts							
NM_000038.6(APC):c.7200A>G (p.Gly2400=)	APC		Hereditary cancer-predisposing syndrome|not provided|Familial adenomatous polyposis 1	VCV000926482	5	112178491	5	112842794	926482	910096	rs1766408359	NC_000005.10:112842793:A:G	single nucleotide variant	synonymous variant	Benign/Likely benign	Oct 8, 2025	criteria provided, multiple submitters, no conflicts							
NM_000038.6(APC):c.7201C>T (p.Leu2401=)	APC		Classic or attenuated familial adenomatous polyposis|APC-Associated Polyposis Disorders|Hereditary cancer-predisposing syndrome|not specified|not provided|Familial adenomatous polyposis 1	VCV000042249	5	112178492	5	112842795	42249	51419	rs2229994	NC_000005.10:112842794:C:T	single nucleotide variant	synonymous variant	Benign/Likely benign	Jun 1, 2026	criteria provided, multiple submitters, no conflicts							
NM_000038.6(APC):c.7209G>A (p.Gln2403=)	APC		Familial adenomatous polyposis 1|Classic or attenuated familial adenomatous polyposis|not provided|APC-Associated Polyposis Disorders|Hereditary cancer-predisposing syndrome|not specified	VCV000350421	5	112178500	5	112842803	350421	300412	rs769603145	NC_000005.10:112842802:G:A	single nucleotide variant	synonymous variant	Benign/Likely benign	Dec 16, 2025	criteria provided, multiple submitters, no conflicts							
NM_000038.6(APC):c.7215T>C (p.Asn2405=)	APC		Familial adenomatous polyposis 1|Hereditary cancer-predisposing syndrome	VCV000762817	5	112178506	5	112842809	762817	764731	rs1040589307	NC_000005.10:112842808:T:C	single nucleotide variant	synonymous variant	Benign/Likely benign	Oct 31, 2025	criteria provided, multiple submitters, no conflicts							
NM_000038.6(APC):c.7218T>C (p.Asn2406=)	APC		Familial adenomatous polyposis 1|Hereditary cancer-predisposing syndrome	VCV001161727	5	112178509	5	112842812	1161727	1136143	rs1394893993	NC_000005.10:112842811:T:C	single nucleotide variant	synonymous variant	Benign/Likely benign	Jan 28, 2026	criteria provided, multiple submitters, no conflicts							
NM_000038.6(APC):c.7221T>G (p.Gly2407=)	APC		not specified|Hereditary cancer-predisposing syndrome|Familial adenomatous polyposis 1	VCV000506342	5	112178512	5	112842815	506342	501097	rs1554088138	NC_000005.10:112842814:T:G	single nucleotide variant	synonymous variant	Benign/Likely benign	Apr 9, 2024	criteria provided, multiple submitters, no conflicts							
NM_000038.6(APC):c.7224T>C (p.Asn2408=)	APC		Hereditary cancer-predisposing syndrome|Familial adenomatous polyposis 1	VCV003254473	5	112178515	5	112842818	3254473	3413251	rs150029348	NC_000005.10:112842817:T:C	single nucleotide variant	synonymous variant|non-coding transcript variant	Benign/Likely benign	Jul 9, 2024	criteria provided, multiple submitters, no conflicts							
NM_000038.6(APC):c.7239G>A (p.Lys2413=)	APC		APC-related disorder|Hereditary cancer-predisposing syndrome|not specified|Familial adenomatous polyposis 1	VCV000482380	5	112178530	5	112842833	482380	473985	rs773598516	NC_000005.10:112842832:G:A	single nucleotide variant	synonymous variant	Benign/Likely benign	Nov 10, 2025	criteria provided, multiple submitters, no conflicts							
NM_000038.6(APC):c.7245A>G (p.Glu2415=)	APC		Familial adenomatous polyposis 1|Hereditary cancer-predisposing syndrome	VCV000470085	5	112178536	5	112842839	470085	454890	rs1554088172	NC_000005.10:112842838:A:G	single nucleotide variant	synonymous variant	Benign/Likely benign	Apr 9, 2024	criteria provided, multiple submitters, no conflicts							
NM_000038.6(APC):c.7260T>G (p.Ser2420=)	APC		Familial adenomatous polyposis 1	VCV003254092	5	112178551	5	112842854	3254092	3412872	rs755501155	NC_000005.10:112842853:T:G	single nucleotide variant	synonymous variant|non-coding transcript variant	Benign	Apr 9, 2024	criteria provided, single submitter							
NM_000038.6(APC):c.7260T>C (p.Ser2420=)	APC		not provided|Hereditary cancer-predisposing syndrome|Familial adenomatous polyposis 1	VCV001641896	5	112178551	5	112842854	1641896	1650939	rs755501155	NC_000005.10:112842853:T:C	single nucleotide variant	synonymous variant	Benign/Likely benign	Aug 1, 2025	criteria provided, multiple submitters, no conflicts							
NM_000038.6(APC):c.7266T>A (p.Thr2422=)	APC		APC-related disorder|Classic or attenuated familial adenomatous polyposis|Hereditary cancer-predisposing syndrome|not specified|not provided|Familial adenomatous polyposis 1	VCV000490357	5	112178557	5	112842860	490357	483877	rs554878484	NC_000005.10:112842859:T:A	single nucleotide variant	synonymous variant	Benign/Likely benign	Jun 14, 2026	criteria provided, multiple submitters, no conflicts							
NM_000038.6(APC):c.7269A>G (p.Lys2423=)	APC		Hereditary cancer-predisposing syndrome|not specified|Familial adenomatous polyposis 1	VCV000187294	5	112178560	5	112842863	187294	182465	rs786203620	NC_000005.10:112842862:A:G	single nucleotide variant	synonymous variant	Benign/Likely benign	Oct 29, 2025	criteria provided, multiple submitters, no conflicts							
NM_000038.6(APC):c.7271C>G (p.Ser2424Ter)	APC	S2424*, S2406*, S2264*, S2333*, S2434*, S2141*, S2298*, S2323*, S2383*, S2442*, S2365*, S2396*, S2399*	Hereditary cancer-predisposing syndrome|Familial adenomatous polyposis 1	VCV000482410	5	112178562	5	112842865	482410	474115	rs1554088206	NC_000005.10:112842864:C:G	single nucleotide variant	nonsense	Pathogenic	Feb 11, 2024	criteria provided, multiple submitters, no conflicts							
NM_000038.6(APC):c.7272A>G (p.Ser2424=)	APC		Familial adenomatous polyposis 1|not specified	VCV000512679	5	112178563	5	112842866	512679	500609	rs1554088209	NC_000005.10:112842865:A:G	single nucleotide variant	synonymous variant	Benign/Likely benign	Apr 9, 2024	criteria provided, multiple submitters, no conflicts							
NM_000038.6(APC):c.7278A>G (p.Gly2426=)	APC		not specified|Familial adenomatous polyposis 1|Hereditary cancer-predisposing syndrome|not provided|Classic or attenuated familial adenomatous polyposis	VCV000231312	5	112178569	5	112842872	231312	233199	rs756770951	NC_000005.10:112842871:A:G	single nucleotide variant	synonymous variant	Benign/Likely benign	Jan 11, 2026	criteria provided, multiple submitters, no conflicts							
NM_000038.6(APC):c.7281T>C (p.Ser2427=)	APC		Classic or attenuated familial adenomatous polyposis|Hereditary cancer-predisposing syndrome|not provided|Familial adenomatous polyposis 1	VCV000184414	5	112178572	5	112842875	184414	182466	rs786201448	NC_000005.10:112842874:T:C	single nucleotide variant	synonymous variant	Benign/Likely benign	Apr 16, 2025	criteria provided, multiple submitters, no conflicts							
NM_000038.6(APC):c.7295C>G (p.Ser2432Ter)	APC	S2149*, S2306*, S2404*, S2341*, S2373*, S2391*, S2414*, S2432*, S2442*, S2272*, S2331*, S2407*, S2450*	Hereditary cancer-predisposing syndrome	VCV000826949	5	112178586	5	112842889	826949	808230	rs1580680919	NC_000005.10:112842888:C:G	single nucleotide variant	nonsense	Pathogenic	Nov 13, 2019	criteria provided, single submitter							
NM_000038.6(APC):c.7300A>C (p.Arg2434=)	APC		Classic or attenuated familial adenomatous polyposis|Familial adenomatous polyposis 1|Hereditary cancer-predisposing syndrome	VCV000765728	5	112178591	5	112842894	765728	764732	rs1363061583	NC_000005.10:112842893:A:C	single nucleotide variant	synonymous variant	Benign/Likely benign	Oct 31, 2025	criteria provided, multiple submitters, no conflicts							
NM_000038.6(APC):c.7305T>C (p.Pro2435=)	APC		Familial adenomatous polyposis 1	VCV003253750	5	112178596	5	112842899	3253750	3412531	rs1580681028	NC_000005.10:112842898:T:C	single nucleotide variant	synonymous variant|non-coding transcript variant	Benign/Likely benign	Dec 2, 2025	criteria provided, multiple submitters, no conflicts							
NM_000038.6(APC):c.7308A>G (p.Val2436=)	APC		Hereditary cancer-predisposing syndrome|not provided|Familial adenomatous polyposis 1	VCV000537593	5	112178599	5	112842902	537593	520397	rs1220693522	NC_000005.10:112842901:A:G	single nucleotide variant	synonymous variant	Benign/Likely benign	Nov 1, 2025	criteria provided, multiple submitters, no conflicts							
NM_000038.6(APC):c.7318C>T (p.Gln2440Ter)	APC	Q2056*, Q2157*, Q2280*, Q2311*, Q2314*, Q2339*, Q2349*, Q2357*, Q2381*, Q2399*, Q2412*, Q2415*, Q2422*, Q2430*, Q2433*, Q2440*, Q2450*, Q2458*, Q2468*	Familial adenomatous polyposis 1	VCV002584160	5	112178609	5	112842912	2584160	2751727	rs1270166239	NC_000005.10:112842911:C:T	single nucleotide variant	nonsense|non-coding transcript variant	Pathogenic	May 16, 2023	criteria provided, single submitter							
NM_000038.6(APC):c.7326T>A (p.Thr2442=)	APC		Familial adenomatous polyposis 1	VCV002089751	5	112178617	5	112842920	2089751	2155421	rs1766448918	NC_000005.10:112842919:T:A	single nucleotide variant	synonymous variant|non-coding transcript variant	Benign/Likely benign	Sep 10, 2025	criteria provided, multiple submitters, no conflicts							
NM_000038.6(APC):c.7335A>G (p.Lys2445=)	APC		Hereditary cancer-predisposing syndrome|Familial adenomatous polyposis 1	VCV000482498	5	112178626	5	112842929	482498	473998	rs1554088258	NC_000005.10:112842928:A:G	single nucleotide variant	synonymous variant	Benign/Likely benign	Apr 9, 2024	criteria provided, multiple submitters, no conflicts							
NM_000038.6(APC):c.7336G>T (p.Glu2446Ter)	APC	E2062*, E2163*, E2286*, E2317*, E2320*, E2345*, E2355*, E2363*, E2387*, E2405*, E2418*, E2421*, E2428*, E2436*, E2439*, E2446*, E2456*, E2464*, E2474*	Familial adenomatous polyposis 1	VCV002583391	5	112178627	5	112842930	2583391	2750962	rs2149984801	NC_000005.10:112842929:G:T	single nucleotide variant	nonsense|non-coding transcript variant	Pathogenic	May 16, 2023	criteria provided, single submitter							
NM_000038.6(APC):c.7347C>T (p.Ser2449=)	APC		Hereditary cancer-predisposing syndrome|Familial adenomatous polyposis 1	VCV001137018	5	112178638	5	112842941	1137018	1115195	rs2149985043	NC_000005.10:112842940:C:T	single nucleotide variant	synonymous variant	Benign/Likely benign	May 26, 2025	criteria provided, multiple submitters, no conflicts							
NM_000038.6(APC):c.7355T>G (p.Leu2452Ter)	APC	L2068*, L2169*, L2292*, L2323*, L2326*, L2351*, L2361*, L2369*, L2393*, L2411*, L2424*, L2427*, L2434*, L2442*, L2445*, L2452*, L2462*, L2470*, L2480*	Familial adenomatous polyposis 1	VCV002583188	5	112178646	5	112842949	2583188	2750760	rs2533786957	NC_000005.10:112842948:T:G	single nucleotide variant	nonsense|non-coding transcript variant	Pathogenic	May 16, 2023	criteria provided, single submitter							
NM_000038.6(APC):c.7360A>C (p.Arg2454=)	APC		Familial adenomatous polyposis 1	VCV003254061	5	112178651	5	112842954	3254061	3412842	rs2149985312	NC_000005.10:112842953:A:C	single nucleotide variant	synonymous variant|non-coding transcript variant	Benign	Apr 9, 2024	criteria provided, single submitter							
NM_000038.6(APC):c.7366T>C (p.Leu2456=)	APC		not provided|Hereditary cancer-predisposing syndrome|Familial adenomatous polyposis 1	VCV002163419	5	112178657	5	112842960	2163419	1887903	rs1192175221	NC_000005.10:112842959:T:C	single nucleotide variant	synonymous variant|non-coding transcript variant	Benign/Likely benign	Aug 1, 2025	criteria provided, multiple submitters, no conflicts							
NM_000038.6(APC):c.7377T>C (p.Ser2459=)	APC		Familial adenomatous polyposis 1|Classic or attenuated familial adenomatous polyposis|Hereditary cancer-predisposing syndrome|not specified	VCV000416758	5	112178668	5	112842971	416758	394663	rs775573115	NC_000005.10:112842970:T:C	single nucleotide variant	synonymous variant	Benign/Likely benign	Jan 5, 2026	criteria provided, multiple submitters, no conflicts							
NM_000038.6(APC):c.7380T>A (p.Ala2460=)	APC		Familial adenomatous polyposis 1	VCV003254060	5	112178671	5	112842974	3254060	3412841	rs1060504889	NC_000005.10:112842973:T:A	single nucleotide variant	synonymous variant|non-coding transcript variant	Benign	Apr 9, 2024	criteria provided, single submitter							
NM_000038.6(APC):c.7380T>C (p.Ala2460=)	APC		Hereditary cancer-predisposing syndrome|Familial adenomatous polyposis 1	VCV000925452	5	112178671	5	112842974	925452	910107	rs1060504889	NC_000005.10:112842973:T:C	single nucleotide variant	synonymous variant	Benign/Likely benign	Apr 9, 2024	criteria provided, multiple submitters, no conflicts							
NM_000038.6(APC):c.7380T>G (p.Ala2460=)	APC		Familial adenomatous polyposis 1|Hereditary cancer-predisposing syndrome	VCV000416752	5	112178671	5	112842974	416752	394664	rs1060504889	NC_000005.10:112842973:T:G	single nucleotide variant	synonymous variant	Benign/Likely benign	Jan 31, 2026	criteria provided, multiple submitters, no conflicts							
NM_000038.6(APC):c.7383A>G (p.Ser2461=)	APC		Hereditary cancer-predisposing syndrome|not provided|Familial adenomatous polyposis 1	VCV001758622	5	112178674	5	112842977	1758622	1819333	rs2149985770	NC_000005.10:112842976:A:G	single nucleotide variant	synonymous variant|non-coding transcript variant	Benign/Likely benign	Aug 1, 2025	criteria provided, multiple submitters, no conflicts							
NM_000038.6(APC):c.7387G>T (p.Glu2463Ter)	APC	E2079*, E2180*, E2303*, E2334*, E2337*, E2362*, E2372*, E2380*, E2404*, E2422*, E2435*, E2438*, E2445*, E2453*, E2456*, E2463*, E2473*, E2481*, E2491*	Familial adenomatous polyposis 1	VCV002584242	5	112178678	5	112842981	2584242	2751808	rs775437110	NC_000005.10:112842980:G:T	single nucleotide variant	nonsense|non-coding transcript variant	Pathogenic	May 16, 2023	criteria provided, single submitter							
NM_000038.6(APC):c.7389A>G (p.Glu2463=)	APC		Familial adenomatous polyposis 1|Hereditary cancer-predisposing syndrome	VCV001122348	5	112178680	5	112842983	1122348	1115197	rs587782127	NC_000005.10:112842982:A:G	single nucleotide variant	synonymous variant	Benign/Likely benign	May 27, 2025	criteria provided, multiple submitters, no conflicts							
NM_000038.6(APC):c.7395T>C (p.Leu2465=)	APC		Classic or attenuated familial adenomatous polyposis|Hereditary cancer-predisposing syndrome|not provided|not specified|Familial adenomatous polyposis 1	VCV000236644	5	112178686	5	112842989	236644	239612	rs369906346	NC_000005.10:112842988:T:C	single nucleotide variant	synonymous variant	Benign/Likely benign	Dec 14, 2025	criteria provided, multiple submitters, no conflicts							
NM_000038.6(APC):c.7398T>C (p.Ser2466=)	APC		Familial adenomatous polyposis 1	VCV003253746	5	112178689	5	112842992	3253746	3412527	rs1766465840	NC_000005.10:112842991:T:C	single nucleotide variant	synonymous variant|non-coding transcript variant	Benign	Apr 9, 2024	criteria provided, single submitter							
NM_000038.6(APC):c.7401A>C (p.Pro2467=)	APC		Familial adenomatous polyposis 1|Hereditary cancer-predisposing syndrome|not specified	VCV000482491	5	112178692	5	112842995	482491	473971	rs1290380033	NC_000005.10:112842994:A:C	single nucleotide variant	synonymous variant	Benign/Likely benign	Jun 4, 2024	criteria provided, multiple submitters, no conflicts							
NM_000038.6(APC):c.7404A>T (p.Ser2468=)	APC		Hereditary cancer-predisposing syndrome|not provided|Familial adenomatous polyposis 1	VCV000760238	5	112178695	5	112842998	760238	764739	rs863224287	NC_000005.10:112842997:A:T	single nucleotide variant	synonymous variant	Benign/Likely benign	Aug 1, 2025	criteria provided, multiple submitters, no conflicts							
NM_000038.6(APC):c.7404A>G (p.Ser2468=)	APC		Hereditary cancer-predisposing syndrome|not provided|Familial adenomatous polyposis 1|Classic or attenuated familial adenomatous polyposis|Desmoid disease, hereditary	VCV000215571	5	112178695	5	112842998	215571	212450	rs863224287	NC_000005.10:112842997:A:G	single nucleotide variant	synonymous variant	Benign/Likely benign	Oct 1, 2025	criteria provided, multiple submitters, no conflicts							
NM_000038.6(APC):c.7407T>G (p.Ser2469=)	APC		Familial adenomatous polyposis 1	VCV003254093	5	112178698	5	112843001	3254093	3412873	rs1282202968	NC_000005.10:112843000:T:G	single nucleotide variant	synonymous variant|non-coding transcript variant	Benign	Apr 9, 2024	criteria provided, single submitter							
NM_000038.6(APC):c.7407T>C (p.Ser2469=)	APC		not specified|Familial adenomatous polyposis 1|Hereditary cancer-predisposing syndrome	VCV000516275	5	112178698	5	112843001	516275	500614	rs1282202968	NC_000005.10:112843000:T:C	single nucleotide variant	synonymous variant	Benign/Likely benign	May 26, 2024	criteria provided, multiple submitters, no conflicts							
NM_000038.6(APC):c.7419T>A (p.Ser2473=)	APC		Hereditary cancer-predisposing syndrome|Familial adenomatous polyposis 1	VCV000486739	5	112178710	5	112843013	486739	474117	rs1035582477	NC_000005.10:112843012:T:A	single nucleotide variant	synonymous variant	Benign/Likely benign	Dec 12, 2025	criteria provided, multiple submitters, no conflicts							
NM_000038.6(APC):c.7425T>A (p.Thr2475=)	APC		Hereditary cancer-predisposing syndrome|Familial adenomatous polyposis 1	VCV000827039	5	112178716	5	112843019	827039	808239	rs1554088347	NC_000005.10:112843018:T:A	single nucleotide variant	synonymous variant	Benign/Likely benign	Dec 10, 2025	criteria provided, multiple submitters, no conflicts							
NM_000038.6(APC):c.7425T>C (p.Thr2475=)	APC		Familial adenomatous polyposis 1|Hereditary cancer-predisposing syndrome|not specified	VCV000517004	5	112178716	5	112843019	517004	501207	rs1554088347	NC_000005.10:112843018:T:C	single nucleotide variant	synonymous variant	Benign/Likely benign	Jan 25, 2026	criteria provided, multiple submitters, no conflicts							
NM_000038.6(APC):c.7431C>G (p.Ser2477=)	APC		Familial adenomatous polyposis 1|Hereditary cancer-predisposing syndrome	VCV000827043	5	112178722	5	112843025	827043	808240	rs1580682547	NC_000005.10:112843024:C:G	single nucleotide variant	synonymous variant	Benign/Likely benign	Apr 9, 2024	criteria provided, multiple submitters, no conflicts							
NM_000038.6(APC):c.7434G>A (p.Gln2478=)	APC		Hereditary cancer-predisposing syndrome|Familial adenomatous polyposis 1	VCV001758897	5	112178725	5	112843028	1758897	1819608	rs1766476194	NC_000005.10:112843027:G:A	single nucleotide variant	synonymous variant|non-coding transcript variant	Benign/Likely benign	Apr 9, 2024	criteria provided, multiple submitters, no conflicts							
NM_000038.6(APC):c.7438C>T (p.Gln2480Ter)	APC	Q2462*, Q2480*, Q2197*, Q2389*, Q2439*, Q2452*, Q2379*, Q2421*, Q2455*, Q2498*, Q2320*, Q2354*, Q2490*	Familial adenomatous polyposis 1|Hereditary cancer-predisposing syndrome	VCV000537540	5	112178729	5	112843032	537540	520878	rs1554088359	NC_000005.10:112843031:C:T	single nucleotide variant	nonsense	Pathogenic	Aug 30, 2024	criteria provided, multiple submitters, no conflicts							
NM_000038.6(APC):c.7443T>C (p.Thr2481=)	APC		Hereditary cancer-predisposing syndrome|Familial adenomatous polyposis 1	VCV001540737	5	112178734	5	112843037	1540737	1598753	rs147757080	NC_000005.10:112843036:T:C	single nucleotide variant	synonymous variant	Benign/Likely benign	Jun 11, 2024	criteria provided, multiple submitters, no conflicts							
NM_000038.6(APC):c.7443T>A (p.Thr2481=)	APC		Classic or attenuated familial adenomatous polyposis|not provided|Hereditary cancer-predisposing syndrome|not specified|Familial adenomatous polyposis 1	VCV000236645	5	112178734	5	112843037	236645	239613	rs147757080	NC_000005.10:112843036:T:A	single nucleotide variant	synonymous variant	Benign/Likely benign	Nov 10, 2025	criteria provided, multiple submitters, no conflicts							
NM_000038.6(APC):c.7446A>G (p.Pro2482=)	APC		Familial adenomatous polyposis 1	VCV003253970	5	112178737	5	112843040	3253970	3412751	rs780091029	NC_000005.10:112843039:A:G	single nucleotide variant	synonymous variant|non-coding transcript variant	Benign	Apr 9, 2024	criteria provided, single submitter							
NM_000038.6(APC):c.7446A>C (p.Pro2482=)	APC		Hereditary cancer-predisposing syndrome|Familial adenomatous polyposis 1|not specified	VCV000516990	5	112178737	5	112843040	516990	500615	rs780091029	NC_000005.10:112843039:A:C	single nucleotide variant	synonymous variant	Benign/Likely benign	Apr 9, 2024	criteria provided, multiple submitters, no conflicts							
NM_000038.6(APC):c.7452A>G (p.Leu2484=)	APC		Familial adenomatous polyposis 1|Hereditary cancer-predisposing syndrome	VCV003231298	5	112178743	5	112843046	3231298	3388472	rs1202993576	NC_000005.10:112843045:A:G	single nucleotide variant	synonymous variant|non-coding transcript variant	Benign/Likely benign	Apr 9, 2024	criteria provided, multiple submitters, no conflicts							
NM_000038.6(APC):c.7461C>T (p.Ser2487=)	APC		Hereditary cancer-predisposing syndrome|Familial adenomatous polyposis 1	VCV001759026	5	112178752	5	112843055	1759026	1819736	rs1580682885	NC_000005.10:112843054:C:T	single nucleotide variant	synonymous variant|non-coding transcript variant	Benign/Likely benign	Apr 9, 2024	criteria provided, multiple submitters, no conflicts							
NM_000038.6(APC):c.7470T>C (p.Asp2490=)	APC		Hereditary cancer-predisposing syndrome|Classic or attenuated familial adenomatous polyposis|Familial adenomatous polyposis 1	VCV001081920	5	112178761	5	112843064	1081920	1072070	rs1766486824	NC_000005.10:112843063:T:C	single nucleotide variant	synonymous variant	Benign/Likely benign	Apr 9, 2024	criteria provided, multiple submitters, no conflicts							
NM_000038.6(APC):c.7476T>C (p.Ser2492=)	APC		Familial adenomatous polyposis 1	VCV002781578	5	112178767	5	112843070	2781578	2947475	rs2149987860	NC_000005.10:112843069:T:C	single nucleotide variant	synonymous variant|non-coding transcript variant	Benign/Likely benign	Apr 9, 2024	criteria provided, multiple submitters, no conflicts							
NM_000038.6(APC):c.7477C>T (p.Leu2493=)	APC		Familial adenomatous polyposis 1	VCV003254474	5	112178768	5	112843071	3254474	3413252	rs2149987883	NC_000005.10:112843070:C:T	single nucleotide variant	synonymous variant|non-coding transcript variant	Benign	Apr 9, 2024	criteria provided, single submitter							
NM_000038.6(APC):c.7479A>T (p.Leu2493=)	APC		Hereditary cancer-predisposing syndrome|Familial adenomatous polyposis 1	VCV001759078	5	112178770	5	112843073	1759078	1815985	rs775954189	NC_000005.10:112843072:A:T	single nucleotide variant	synonymous variant|non-coding transcript variant	Benign/Likely benign	Jul 30, 2024	criteria provided, multiple submitters, no conflicts							
NM_000038.6(APC):c.7479A>G (p.Leu2493=)	APC		Hereditary cancer-predisposing syndrome|not provided|not specified|Familial adenomatous polyposis 1	VCV000482444	5	112178770	5	112843073	482444	474122	rs775954189	NC_000005.10:112843072:A:G	single nucleotide variant	synonymous variant	Benign/Likely benign	Dec 9, 2025	criteria provided, multiple submitters, no conflicts							
NM_000038.6(APC):c.7491G>T (p.Ser2497=)	APC		Hereditary cancer-predisposing syndrome|not specified|Classic or attenuated familial adenomatous polyposis|Familial adenomatous polyposis 1	VCV000827081	5	112178782	5	112843085	827081	808245	rs776327733	NC_000005.10:112843084:G:T	single nucleotide variant	synonymous variant	Benign/Likely benign	Jan 6, 2025	criteria provided, multiple submitters, no conflicts							
NM_000038.6(APC):c.7491G>A (p.Ser2497=)	APC		Hereditary cancer-predisposing syndrome|not provided|Classic or attenuated familial adenomatous polyposis|not specified|Familial adenomatous polyposis 1	VCV000482284	5	112178782	5	112843085	482284	473975	rs776327733	NC_000005.10:112843084:G:A	single nucleotide variant	synonymous variant	Benign/Likely benign	Nov 10, 2025	criteria provided, multiple submitters, no conflicts							
NM_000038.6(APC):c.7491G>C (p.Ser2497=)	APC		Hereditary cancer-predisposing syndrome|Familial adenomatous polyposis 1|Classic or attenuated familial adenomatous polyposis	VCV000470091	5	112178782	5	112843085	470091	454892	rs776327733	NC_000005.10:112843084:G:C	single nucleotide variant	synonymous variant	Benign/Likely benign	Jun 2, 2025	criteria provided, multiple submitters, no conflicts							
NM_000038.6(APC):c.7497T>C (p.Val2499=)	APC		Familial adenomatous polyposis 1|Hereditary cancer-predisposing syndrome	VCV000470094	5	112178788	5	112843091	470094	454593	rs1554088406	NC_000005.10:112843090:T:C	single nucleotide variant	synonymous variant	Benign/Likely benign	Feb 2, 2025	criteria provided, multiple submitters, no conflicts							
NM_000038.6(APC):c.7498C>T (p.Gln2500Ter)	APC	Q2500*, Q2482*, Q2374*, Q2475*, Q2340*, Q2409*, Q2217*, Q2472*, Q2399*, Q2441*, Q2459*, Q2510*, Q2518*	Familial adenomatous polyposis 1	VCV000572005	5	112178789	5	112843092	572005	559959	rs372535376	NC_000005.10:112843091:C:T	single nucleotide variant	nonsense	Pathogenic	Jan 9, 2024	criteria provided, multiple submitters, no conflicts							
NM_000038.6(APC):c.7500G>A (p.Gln2500=)	APC		Familial adenomatous polyposis 1	VCV001004215	5	112178791	5	112843094	1004215	990498	rs1766496160	NC_000005.10:112843093:G:A	single nucleotide variant	synonymous variant	Benign/Likely benign	May 22, 2024	criteria provided, multiple submitters, no conflicts							
NM_000038.6(APC):c.7504G>A (p.Gly2502Ser)	APC	G2502S, G2484S, G2411S, G2376S, G2461S, G2520S, G2401S, G2443S, G2477S, G2219S, G2342S, G2474S, G2512S	APC-Associated Polyposis Disorders|Hereditary cancer-predisposing syndrome|not specified|not provided|Familial multiple polyposis syndrome|Familial adenomatous polyposis 1	VCV000041514	5	112178795	5	112843098	41514	49953	rs2229995	NC_000005.10:112843097:G:A	single nucleotide variant	missense variant	Benign/Likely benign	Jun 1, 2026	criteria provided, multiple submitters, no conflicts							
NM_000038.6(APC):c.7509A>T (p.Gly2503=)	APC		Familial adenomatous polyposis 1	VCV003254146	5	112178800	5	112843103	3254146	3412925	rs1580683429	NC_000005.10:112843102:A:T	single nucleotide variant	synonymous variant|non-coding transcript variant	Benign	Apr 9, 2024	criteria provided, single submitter							
NM_000038.6(APC):c.7509A>G (p.Gly2503=)	APC		not provided|Hereditary cancer-predisposing syndrome|Familial adenomatous polyposis 1	VCV000827091	5	112178800	5	112843103	827091	808247	rs1580683429	NC_000005.10:112843102:A:G	single nucleotide variant	synonymous variant	Benign/Likely benign	Aug 1, 2025	criteria provided, multiple submitters, no conflicts							
NM_000038.6(APC):c.7511G>A (p.Trp2504Ter)	APC	W2486*, W2504*, W2221*, W2403*, W2445*, W2522*, W2378*, W2479*, W2463*, W2476*, W2514*, W2344*, W2413*	Hereditary cancer-predisposing syndrome|Familial adenomatous polyposis 1	VCV000218007	5	112178802	5	112843105	218007	214735	rs755046558	NC_000005.10:112843104:G:A	single nucleotide variant	nonsense	Pathogenic/Likely pathogenic	Jul 27, 2024	criteria provided, multiple submitters, no conflicts							
NM_000038.6(APC):c.7512G>A (p.Trp2504Ter)	APC	W2486*, W2504*, W2344*, W2463*, W2476*, W2413*, W2514*, W2221*, W2378*, W2445*, W2479*, W2403*, W2522*	not provided|Hereditary cancer-predisposing syndrome|Familial adenomatous polyposis 1	VCV000482304	5	112178803	5	112843106	482304	473983	rs1554088413	NC_000005.10:112843105:G:A	single nucleotide variant	nonsense	Pathogenic	Jan 3, 2025	criteria provided, multiple submitters, no conflicts							
NM_000038.6(APC):c.7513C>T (p.Arg2505Ter)	APC	R2379*, R2480*, R2487*, R2505*, R2515*, R2222*, R2404*, R2446*, R2345*, R2464*, R2477*, R2523*, R2414*	Hereditary cancer-predisposing syndrome|not provided|Familial adenomatous polyposis 1|Familial multiple polyposis syndrome	VCV000872347	5	112178804	5	112843107	872347	859361	rs79630786	NC_000005.10:112843106:C:T	single nucleotide variant	nonsense	Pathogenic/Likely pathogenic	Dec 18, 2025	criteria provided, multiple submitters, no conflicts							
NM_000038.6(APC):c.7514G>A (p.Arg2505Gln)	APC	R2505Q, R2487Q, R2446Q, R2477Q, R2523Q, R2480Q, R2222Q, R2379Q, R2414Q, R2515Q, R2345Q, R2404Q, R2464Q	Hereditary cancer-predisposing syndrome|Classic or attenuated familial adenomatous polyposis|not specified|not provided|Familial adenomatous polyposis 1	VCV000127319	5	112178805	5	112843108	127319	132776	rs147549623	NC_000005.10:112843107:G:A	single nucleotide variant	missense variant	Benign/Likely benign	Apr 1, 2026	criteria provided, multiple submitters, no conflicts							
NM_000038.6(APC):c.7515A>G (p.Arg2505=)	APC		Hereditary cancer-predisposing syndrome|Familial adenomatous polyposis 1	VCV001759295	5	112178806	5	112843109	1759295	1816202	rs1230681919	NC_000005.10:112843108:A:G	single nucleotide variant	synonymous variant|non-coding transcript variant	Benign/Likely benign	Apr 9, 2024	criteria provided, multiple submitters, no conflicts							
NM_000038.6(APC):c.7518A>G (p.Lys2506=)	APC		Familial adenomatous polyposis 1|Hereditary cancer-predisposing syndrome	VCV000232489	5	112178809	5	112843112	232489	233206	rs876659798	NC_000005.10:112843111:A:G	single nucleotide variant	synonymous variant	Benign/Likely benign	Apr 9, 2024	criteria provided, multiple submitters, no conflicts							
NM_000038.6(APC):c.7521C>T (p.Leu2507=)	APC		Hereditary cancer-predisposing syndrome|Familial adenomatous polyposis 1	VCV003253812	5	112178812	5	112843115	3253812	3412593	rs1580683631	NC_000005.10:112843114:C:T	single nucleotide variant	synonymous variant|non-coding transcript variant	Benign/Likely benign	Nov 18, 2025	criteria provided, multiple submitters, no conflicts							
NM_000038.6(APC):c.7521C>G (p.Leu2507=)	APC		Familial adenomatous polyposis 1|Hereditary cancer-predisposing syndrome	VCV000827100	5	112178812	5	112843115	827100	808248	rs1580683631	NC_000005.10:112843114:C:G	single nucleotide variant	synonymous variant	Benign/Likely benign	Aug 6, 2024	criteria provided, multiple submitters, no conflicts							
NM_000038.6(APC):c.7524A>G (p.Pro2508=)	APC		Hereditary cancer-predisposing syndrome|Familial adenomatous polyposis 1	VCV003253982	5	112178815	5	112843118	3253982	3412763	rs2149988898	NC_000005.10:112843117:A:G	single nucleotide variant	synonymous variant|non-coding transcript variant	Benign/Likely benign	Jan 19, 2026	criteria provided, multiple submitters, no conflicts							
NM_000038.6(APC):c.7524A>C (p.Pro2508=)	APC		Familial adenomatous polyposis 1	VCV003253919	5	112178815	5	112843118	3253919	3412700	rs2149988898	NC_000005.10:112843117:A:C	single nucleotide variant	synonymous variant|non-coding transcript variant	Benign	Apr 9, 2024	criteria provided, single submitter							
NM_000038.6(APC):c.7524A>T (p.Pro2508=)	APC		Hereditary cancer-predisposing syndrome|Familial adenomatous polyposis 1	VCV002837711	5	112178815	5	112843118	2837711	2996268	rs2149988898	NC_000005.10:112843117:A:T	single nucleotide variant	synonymous variant|non-coding transcript variant	Benign/Likely benign	Jun 9, 2024	criteria provided, multiple submitters, no conflicts							
NM_000038.6(APC):c.7527T>A (p.Pro2509=)	APC		Hereditary cancer-predisposing syndrome|Familial adenomatous polyposis 1	VCV001759351	5	112178818	5	112843121	1759351	1816258	rs1182398614	NC_000005.10:112843120:T:A	single nucleotide variant	synonymous variant|non-coding transcript variant	Benign/Likely benign	Apr 10, 2024	criteria provided, multiple submitters, no conflicts							
NM_000038.6(APC):c.7533C>T (p.Leu2511=)	APC		Hereditary cancer-predisposing syndrome|not specified|not provided|Familial adenomatous polyposis 1	VCV000387943	5	112178824	5	112843127	387943	367822	rs1057522957	NC_000005.10:112843126:C:T	single nucleotide variant	synonymous variant	Benign/Likely benign	Nov 10, 2025	criteria provided, multiple submitters, no conflicts							
NM_000038.6(APC):c.7536T>C (p.Ser2512=)	APC		Familial adenomatous polyposis 1|Classic or attenuated familial adenomatous polyposis|not specified|Hereditary cancer-predisposing syndrome	VCV000135718	5	112178827	5	112843130	135718	139430	rs587780604	NC_000005.10:112843129:T:C	single nucleotide variant	synonymous variant	Benign/Likely benign	Jul 30, 2025	criteria provided, multiple submitters, no conflicts							
NM_000038.6(APC):c.7543A>G (p.Ile2515Val)	APC	I2497V, I2515V, I2424V, I2414V, I2232V, I2355V, I2389V, I2456V, I2487V, I2490V, I2474V, I2525V, I2533V	Hereditary cancer-predisposing syndrome|not specified|not provided|Familial adenomatous polyposis 1	VCV000133513	5	112178834	5	112843137	133513	137252	rs554356011	NC_000005.10:112843136:A:G	single nucleotide variant	missense variant	Benign/Likely benign	Jan 26, 2026	criteria provided, multiple submitters, no conflicts							
NM_000038.6(APC):c.7548G>A (p.Glu2516=)	APC		Hereditary cancer-predisposing syndrome|Familial adenomatous polyposis 1	VCV000470097	5	112178839	5	112843142	470097	454897	rs548471464	NC_000005.10:112843141:G:A	single nucleotide variant	synonymous variant	Benign/Likely benign	Jun 5, 2026	criteria provided, multiple submitters, no conflicts							
NM_000038.6(APC):c.7557T>C (p.Asp2519=)	APC		Classic or attenuated familial adenomatous polyposis|Hereditary cancer-predisposing syndrome|not specified|not provided|Familial adenomatous polyposis 1	VCV000220127	5	112178848	5	112843151	220127	221540	rs864622391	NC_000005.10:112843150:T:C	single nucleotide variant	synonymous variant	Benign/Likely benign	Sep 15, 2025	criteria provided, multiple submitters, no conflicts							
NM_000038.6(APC):c.7561A>C (p.Arg2521=)	APC		Hereditary cancer-predisposing syndrome|Familial adenomatous polyposis 1	VCV001759528	5	112178852	5	112843155	1759528	1813129	rs769834352	NC_000005.10:112843154:A:C	single nucleotide variant	synonymous variant|non-coding transcript variant	Benign/Likely benign	Apr 10, 2024	criteria provided, multiple submitters, no conflicts							
NM_000038.6(APC):c.7570A>T (p.Lys2524Ter)	APC	K2398*, K2433*, K2441*, K2465*, K2499*, K2506*, K2241*, K2364*, K2514*, K2517*, K2534*, K2140*, K2483*, K2524*, K2395*, K2423*, K2496*, K2542*, K2552*	Hereditary cancer-predisposing syndrome|Familial adenomatous polyposis 1	VCV002148198	5	112178861	5	112843164	2148198	1870986	rs143060722	NC_000005.10:112843163:A:T	single nucleotide variant	nonsense	Pathogenic/Likely pathogenic	May 7, 2025	criteria provided, multiple submitters, no conflicts							
NM_000038.6(APC):c.7575C>A (p.Arg2525=)	APC		not specified|Hereditary cancer-predisposing syndrome|not provided|Familial adenomatous polyposis 1	VCV000827130	5	112178866	5	112843169	827130	808251	rs767974190	NC_000005.10:112843168:C:A	single nucleotide variant	synonymous variant	Benign/Likely benign	Nov 10, 2025	criteria provided, multiple submitters, no conflicts							
NM_000038.6(APC):c.7578T>C (p.His2526=)	APC		Hereditary cancer-predisposing syndrome|Familial adenomatous polyposis 1	VCV000184604	5	112178869	5	112843172	184604	182475	rs786201565	NC_000005.10:112843171:T:C	single nucleotide variant	synonymous variant	Benign/Likely benign	May 13, 2024	criteria provided, multiple submitters, no conflicts							
NM_000038.6(APC):c.7587A>C (p.Ala2529=)	APC		Familial adenomatous polyposis 1	VCV003253918	5	112178878	5	112843181	3253918	3412699	rs2149990140	NC_000005.10:112843180:A:C	single nucleotide variant	synonymous variant|non-coding transcript variant	Benign	Apr 10, 2024	criteria provided, single submitter							
NM_000038.6(APC):c.7590G>A (p.Arg2530=)	APC		Hereditary cancer-predisposing syndrome|Familial adenomatous polyposis 1	VCV001130234	5	112178881	5	112843184	1130234	1115198	rs2149990208	NC_000005.10:112843183:G:A	single nucleotide variant	synonymous variant	Benign/Likely benign	Feb 16, 2026	criteria provided, multiple submitters, no conflicts							
NM_000038.6(APC):c.7593T>G (p.Ser2531=)	APC		Hereditary cancer-predisposing syndrome|Classic or attenuated familial adenomatous polyposis|Familial adenomatous polyposis 1	VCV000827142	5	112178884	5	112843187	827142	808253	rs1580684522	NC_000005.10:112843186:T:G	single nucleotide variant	synonymous variant	Benign/Likely benign	Apr 10, 2024	criteria provided, multiple submitters, no conflicts							
NM_000038.6(APC):c.7602A>G (p.Glu2534=)	APC		Hereditary cancer-predisposing syndrome|Familial adenomatous polyposis 1	VCV000827151	5	112178893	5	112843196	827151	808256	rs1580684642	NC_000005.10:112843195:A:G	single nucleotide variant	synonymous variant	Benign/Likely benign	Apr 10, 2024	criteria provided, multiple submitters, no conflicts							
NM_000038.6(APC):c.7620A>G (p.Pro2540=)	APC		Familial adenomatous polyposis 1	VCV003253868	5	112178911	5	112843214	3253868	3412649	rs2149990704	NC_000005.10:112843213:A:G	single nucleotide variant	synonymous variant|non-coding transcript variant	Benign	Apr 10, 2024	criteria provided, single submitter							
NM_000038.6(APC):c.7626T>C (p.Asn2542=)	APC		Familial adenomatous polyposis 1|Hereditary cancer-predisposing syndrome	VCV000428102	5	112178917	5	112843220	428102	419677	rs1114167553	NC_000005.10:112843219:T:C	single nucleotide variant	synonymous variant	Benign/Likely benign	Jan 25, 2025	criteria provided, multiple submitters, no conflicts							
NM_000038.6(APC):c.7629G>A (p.Arg2543=)	APC		Hereditary cancer-predisposing syndrome|Classic or attenuated familial adenomatous polyposis|Familial adenomatous polyposis 1|not provided	VCV000183807	5	112178920	5	112843223	183807	182477	rs780270498	NC_000005.10:112843222:G:A	single nucleotide variant	synonymous variant	Benign/Likely benign	Jan 28, 2026	criteria provided, multiple submitters, no conflicts							
NM_000038.6(APC):c.7632A>G (p.Ser2544=)	APC		Hereditary cancer-predisposing syndrome|not specified|Familial adenomatous polyposis 1	VCV000219455	5	112178923	5	112843226	219455	221544	rs749324187	NC_000005.10:112843225:A:G	single nucleotide variant	synonymous variant	Benign/Likely benign	Apr 10, 2024	criteria provided, multiple submitters, no conflicts							
NM_000038.6(APC):c.7638C>A (p.Thr2546=)	APC		Familial adenomatous polyposis 1	VCV003254475	5	112178929	5	112843232	3254475	3413253	rs1320719611	NC_000005.10:112843231:C:A	single nucleotide variant	synonymous variant|non-coding transcript variant	Benign	Apr 10, 2024	criteria provided, single submitter							
NM_000038.6(APC):c.7638C>T (p.Thr2546=)	APC		Hereditary cancer-predisposing syndrome|Familial adenomatous polyposis 1	VCV000628210	5	112178929	5	112843232	628210	617259	rs1320719611	NC_000005.10:112843231:C:T	single nucleotide variant	synonymous variant	Benign/Likely benign	Dec 21, 2025	criteria provided, multiple submitters, no conflicts							
NM_000038.6(APC):c.7644A>G (p.Lys2548=)	APC		Hereditary cancer-predisposing syndrome|Familial adenomatous polyposis 1	VCV000628206	5	112178935	5	112843238	628206	617260	rs1210531698	NC_000005.10:112843237:A:G	single nucleotide variant	synonymous variant	Benign/Likely benign	Apr 10, 2024	criteria provided, multiple submitters, no conflicts							
NM_000038.6(APC):c.7645C>T (p.Arg2549Cys)	APC	R2531C, R2549C, R2490C, R2266C, R2458C, R2389C, R2521C, R2524C, R2559C, R2567C, R2423C, R2448C, R2508C	Classic or attenuated familial adenomatous polyposis|APC-related disorder|Hereditary cancer-predisposing syndrome|not specified|not provided|Familial adenomatous polyposis 1	VCV000245740	5	112178936	5	112843239	245740	244453	rs199539353	NC_000005.10:112843238:C:T	single nucleotide variant	missense variant	Benign/Likely benign	Apr 30, 2026	criteria provided, multiple submitters, no conflicts							
NM_000038.6(APC):c.7647T>A (p.Arg2549=)	APC		Hereditary cancer-predisposing syndrome|Familial adenomatous polyposis 1	VCV001759960	5	112178938	5	112843241	1759960	1823196	rs748729919	NC_000005.10:112843240:T:A	single nucleotide variant	synonymous variant|non-coding transcript variant	Benign/Likely benign	Apr 10, 2024	criteria provided, multiple submitters, no conflicts							
NM_000038.6(APC):c.7653C>T (p.His2551=)	APC		Familial adenomatous polyposis 1	VCV000758043	5	112178944	5	112843247	758043	764741	rs1248219316	NC_000005.10:112843246:C:T	single nucleotide variant	synonymous variant	Benign/Likely benign	Oct 23, 2025	criteria provided, multiple submitters, no conflicts							
NM_000038.6(APC):c.7662T>C (p.His2554=)	APC		Hereditary cancer-predisposing syndrome|not provided|Familial adenomatous polyposis 1	VCV001760041	5	112178953	5	112843256	1760041	1823277	rs1175883969	NC_000005.10:112843255:T:C	single nucleotide variant	synonymous variant|non-coding transcript variant	Benign/Likely benign	Aug 1, 2025	criteria provided, multiple submitters, no conflicts							
NM_000038.6(APC):c.7664C>G (p.Ser2555Ter)	APC	S2171*, S2272*, S2395*, S2426*, S2429*, S2454*, S2464*, S2472*, S2496*, S2514*, S2527*, S2530*, S2537*, S2545*, S2548*, S2555*, S2565*, S2573*, S2583*	Hereditary cancer-predisposing syndrome|Familial adenomatous polyposis 1	VCV003379268	5	112178955	5	112843258	3379268	3538446		NC_000005.10:112843257:C:G	single nucleotide variant	nonsense|non-coding transcript variant	Pathogenic	Aug 21, 2024	criteria provided, multiple submitters, no conflicts							
NM_000038.6(APC):c.7668A>G (p.Ser2556=)	APC		Hereditary cancer-predisposing syndrome|Familial adenomatous polyposis 1	VCV000827182	5	112178959	5	112843262	827182	808259	rs1170896529	NC_000005.10:112843261:A:G	single nucleotide variant	synonymous variant	Benign/Likely benign	Dec 8, 2025	criteria provided, multiple submitters, no conflicts							
NM_000038.6(APC):c.7671C>G (p.Ser2557=)	APC		Familial adenomatous polyposis 1	VCV000753560	5	112178962	5	112843265	753560	764742	rs1580685454	NC_000005.10:112843264:C:G	single nucleotide variant	synonymous variant	Benign/Likely benign	Apr 10, 2024	criteria provided, multiple submitters, no conflicts							
NM_000038.6(APC):c.7674T>G (p.Leu2558=)	APC		Hereditary cancer-predisposing syndrome|Classic or attenuated familial adenomatous polyposis|Familial adenomatous polyposis 1	VCV000925446	5	112178965	5	112843268	925446	910121	rs766947421	NC_000005.10:112843267:T:G	single nucleotide variant	synonymous variant	Benign/Likely benign	May 21, 2025	criteria provided, multiple submitters, no conflicts							
NM_000038.6(APC):c.7678C>T (p.Arg2560Ter)	APC	R2434*, R2469*, R2501*, R2519*, R2532*, R2570*, R2578*, R2400*, R2459*, R2535*, R2542*, R2560*, R2277*	Hereditary cancer-predisposing syndrome|Familial multiple polyposis syndrome|Familial adenomatous polyposis 1|not provided	VCV000654491	5	112178969	5	112843272	654491	632838	rs1580685528	NC_000005.10:112843271:C:T	single nucleotide variant	nonsense	Pathogenic/Likely pathogenic	Dec 29, 2025	criteria provided, multiple submitters, no conflicts							
NM_000038.6(APC):c.7680A>T (p.Arg2560=)	APC		Familial adenomatous polyposis 1	VCV001988071	5	112178971	5	112843274	1988071	2036919	rs2149991851	NC_000005.10:112843273:A:T	single nucleotide variant	synonymous variant|non-coding transcript variant	Benign/Likely benign	Apr 10, 2024	criteria provided, multiple submitters, no conflicts							
NM_000038.6(APC):c.7686C>T (p.Ser2562=)	APC		Hereditary cancer-predisposing syndrome|Familial adenomatous polyposis 1	VCV000794650	5	112178977	5	112843280	794650	782094	rs1580685620	NC_000005.10:112843279:C:T	single nucleotide variant	synonymous variant	Benign/Likely benign	Jan 23, 2025	criteria provided, multiple submitters, no conflicts							
NM_000038.6(APC):c.7689T>C (p.Thr2563=)	APC		not provided|Hereditary cancer-predisposing syndrome|Familial adenomatous polyposis 1	VCV001628982	5	112178980	5	112843283	1628982	1617573	rs2149991964	NC_000005.10:112843282:T:C	single nucleotide variant	synonymous variant	Benign/Likely benign	Dec 1, 2025	criteria provided, multiple submitters, no conflicts							
NM_000038.6(APC):c.7692G>A (p.Trp2564Ter)	APC	W2180*, W2281*, W2404*, W2435*, W2438*, W2463*, W2473*, W2481*, W2505*, W2523*, W2536*, W2539*, W2546*, W2554*, W2557*, W2564*, W2574*, W2582*, W2592*	Hereditary cancer-predisposing syndrome|Familial adenomatous polyposis 1	VCV002583218	5	112178983	5	112843286	2583218	2750789	rs1766542279	NC_000005.10:112843285:G:A	single nucleotide variant	nonsense|non-coding transcript variant	Pathogenic/Likely pathogenic	Oct 16, 2025	criteria provided, multiple submitters, no conflicts							
NM_000038.6(APC):c.7695A>G (p.Arg2565=)	APC		Familial adenomatous polyposis 1	VCV002915303	5	112178986	5	112843289	2915303	3076673	rs2149992067	NC_000005.10:112843288:A:G	single nucleotide variant	synonymous variant|non-coding transcript variant	Benign/Likely benign	Apr 10, 2024	criteria provided, multiple submitters, no conflicts							
NM_000038.6(APC):c.7701T>C (p.Thr2567=)	APC		Familial adenomatous polyposis 1|Hereditary cancer-predisposing syndrome	VCV002587032	5	112178992	5	112843295	2587032	2753708	rs2533813516	NC_000005.10:112843294:T:C	single nucleotide variant	synonymous variant|non-coding transcript variant	Benign/Likely benign	Apr 10, 2024	criteria provided, multiple submitters, no conflicts							
NM_000038.6(APC):c.7704A>C (p.Gly2568=)	APC		Familial adenomatous polyposis 1	VCV000416760	5	112178995	5	112843298	416760	394538	rs35043160	NC_000005.10:112843297:A:C	single nucleotide variant	synonymous variant	Benign/Likely benign	Aug 7, 2025	criteria provided, multiple submitters, no conflicts							
NM_000038.6(APC):c.7704A>G (p.Gly2568=)	APC		APC-Associated Polyposis Disorders|not specified|not provided|Hereditary cancer-predisposing syndrome|Familial adenomatous polyposis 1	VCV000042250	5	112178995	5	112843298	42250	51420	rs35043160	NC_000005.10:112843297:A:G	single nucleotide variant	synonymous variant	Benign	Feb 4, 2026	criteria provided, multiple submitters, no conflicts							
NM_000038.6(APC):c.7709C>A (p.Ser2570Ter)	APC	S2186*, S2287*, S2410*, S2441*, S2444*, S2469*, S2479*, S2487*, S2511*, S2529*, S2542*, S2545*, S2552*, S2560*, S2563*, S2570*, S2580*, S2588*, S2598*	Familial adenomatous polyposis 1|Hereditary cancer-predisposing syndrome	VCV002583886	5	112179000	5	112843303	2583886	2751455	rs1561617778	NC_000005.10:112843302:C:A	single nucleotide variant	nonsense|non-coding transcript variant	Pathogenic	Jul 3, 2024	criteria provided, multiple submitters, no conflicts							
NM_000038.6(APC):c.7709C>G (p.Ser2570Ter)	APC	S2552*, S2570*, S2410*, S2469*, S2542*, S2580*, S2287*, S2529*, S2444*, S2479*, S2511*, S2545*, S2588*	Hereditary cancer-predisposing syndrome|Familial adenomatous polyposis 1	VCV000628123	5	112179000	5	112843303	628123	617262	rs1561617778	NC_000005.10:112843302:C:G	single nucleotide variant	nonsense	Pathogenic	Aug 27, 2024	criteria provided, multiple submitters, no conflicts							
NM_000038.6(APC):c.7710A>G (p.Ser2570=)	APC		Familial adenomatous polyposis 1	VCV003253841	5	112179001	5	112843304	3253841	3412622	rs2149992368	NC_000005.10:112843303:A:G	single nucleotide variant	synonymous variant|non-coding transcript variant	Benign	Apr 10, 2024	criteria provided, single submitter							
NM_000038.6(APC):c.7715C>A (p.Ser2572Ter)	APC	S2289*, S2481*, S2531*, S2544*, S2582*, S2547*, S2554*, S2572*, S2590*, S2446*, S2412*, S2471*, S2513*	Familial adenomatous polyposis 1	VCV001418569	5	112179006	5	112843309	1418569	1490165	rs876659280	NC_000005.10:112843308:C:A	single nucleotide variant	nonsense	Pathogenic	Mar 19, 2021	criteria provided, single submitter							
NM_000038.6(APC):c.7715C>G (p.Ser2572Ter)	APC	S2554*, S2572*, S2481*, S2513*, S2289*, S2412*, S2446*, S2471*, S2531*, S2590*, S2547*, S2582*, S2544*	Hereditary cancer-predisposing syndrome|Familial multiple polyposis syndrome|Familial adenomatous polyposis 1	VCV000231654	5	112179006	5	112843309	231654	233209	rs876659280	NC_000005.10:112843308:C:G	single nucleotide variant	nonsense	Pathogenic/Likely pathogenic	Apr 30, 2026	criteria provided, multiple submitters, no conflicts							
NM_000038.6(APC):c.7716A>T (p.Ser2572=)	APC		Hereditary cancer-predisposing syndrome|Familial adenomatous polyposis 1	VCV001760282	5	112179007	5	112843310	1760282	1823518	rs912565312	NC_000005.10:112843309:A:T	single nucleotide variant	synonymous variant|non-coding transcript variant	Benign/Likely benign	Apr 10, 2024	criteria provided, multiple submitters, no conflicts							
NM_000038.6(APC):c.7716A>G (p.Ser2572=)	APC		Classic or attenuated familial adenomatous polyposis|Hereditary cancer-predisposing syndrome|Familial adenomatous polyposis 1	VCV000482509	5	112179007	5	112843310	482509	474024	rs912565312	NC_000005.10:112843309:A:G	single nucleotide variant	synonymous variant	Benign/Likely benign	Nov 14, 2025	criteria provided, multiple submitters, no conflicts							
NM_000038.6(APC):c.7731A>G (p.Ser2577=)	APC		not provided|Hereditary cancer-predisposing syndrome|Familial adenomatous polyposis 1|not specified|Classic or attenuated familial adenomatous polyposis	VCV000232288	5	112179022	5	112843325	232288	233211	rs537187449	NC_000005.10:112843324:A:G	single nucleotide variant	synonymous variant	Benign/Likely benign	Feb 2, 2026	criteria provided, multiple submitters, no conflicts							
NM_000038.6(APC):c.7733C>G (p.Ser2578Ter)	APC	S2194*, S2295*, S2418*, S2449*, S2452*, S2477*, S2487*, S2495*, S2519*, S2537*, S2550*, S2553*, S2560*, S2568*, S2571*, S2578*, S2588*, S2596*, S2606*	Familial adenomatous polyposis 1	VCV002583489	5	112179024	5	112843327	2583489	2751060	rs2149992847	NC_000005.10:112843326:C:G	single nucleotide variant	nonsense|non-coding transcript variant	Pathogenic	May 16, 2023	criteria provided, single submitter							
NM_000038.6(APC):c.7743T>C (p.Ser2581=)	APC		Familial adenomatous polyposis 1|Hereditary cancer-predisposing syndrome	VCV000827234	5	112179034	5	112843337	827234	808264	rs1291847947	NC_000005.10:112843336:T:C	single nucleotide variant	synonymous variant	Benign/Likely benign	Apr 10, 2024	criteria provided, multiple submitters, no conflicts							
NM_000038.6(APC):c.7752A>G (p.Ala2584=)	APC		Hereditary cancer-predisposing syndrome|Familial adenomatous polyposis 1	VCV001568009	5	112179043	5	112843346	1568009	1657517	rs2149993168	NC_000005.10:112843345:A:G	single nucleotide variant	synonymous variant	Benign/Likely benign	Dec 3, 2025	criteria provided, multiple submitters, no conflicts							
NM_000038.6(APC):c.7761G>A (p.Glu2587=)	APC		Hereditary cancer-predisposing syndrome|Familial adenomatous polyposis 1	VCV001760506	5	112179052	5	112843355	1760506	1819934	rs1766560812	NC_000005.10:112843354:G:A	single nucleotide variant	synonymous variant|non-coding transcript variant	Benign/Likely benign	Jul 14, 2025	criteria provided, multiple submitters, no conflicts							
NM_000038.6(APC):c.7765G>T (p.Glu2589Ter)	APC	E2205*, E2306*, E2429*, E2460*, E2463*, E2488*, E2498*, E2506*, E2530*, E2548*, E2561*, E2564*, E2571*, E2579*, E2582*, E2589*, E2599*, E2607*, E2617*	Familial adenomatous polyposis 1	VCV002583360	5	112179056	5	112843359	2583360	2750931	rs2533817849	NC_000005.10:112843358:G:T	single nucleotide variant	nonsense|non-coding transcript variant	Pathogenic	May 16, 2023	criteria provided, single submitter							
NM_000038.6(APC):c.7767A>G (p.Glu2589=)	APC		Familial adenomatous polyposis 1|Hereditary cancer-predisposing syndrome	VCV002746531	5	112179058	5	112843361	2746531	2897406	rs1391922278	NC_000005.10:112843360:A:G	single nucleotide variant	synonymous variant|non-coding transcript variant	Benign/Likely benign	Apr 10, 2024	criteria provided, multiple submitters, no conflicts							
NM_000038.6(APC):c.7770A>G (p.Lys2590=)	APC		Familial adenomatous polyposis 1	VCV003253851	5	112179061	5	112843364	3253851	3412632	rs1766563090	NC_000005.10:112843363:A:G	single nucleotide variant	synonymous variant|non-coding transcript variant	Benign	Apr 10, 2024	criteria provided, single submitter							
NM_000038.6(APC):c.7773T>C (p.His2591=)	APC		Hereditary cancer-predisposing syndrome|Familial adenomatous polyposis 1	VCV000630202	5	112179064	5	112843367	630202	617265	rs754977173	NC_000005.10:112843366:T:C	single nucleotide variant	synonymous variant	Benign/Likely benign	Jun 2, 2025	criteria provided, multiple submitters, no conflicts							
NM_000038.6(APC):c.7776G>C (p.Val2592=)	APC		Hereditary cancer-predisposing syndrome|Familial adenomatous polyposis 1	VCV001760565	5	112179067	5	112843370	1760565	1819993	rs2149993605	NC_000005.10:112843369:G:C	single nucleotide variant	synonymous variant|non-coding transcript variant	Benign/Likely benign	Apr 10, 2024	criteria provided, multiple submitters, no conflicts							
NM_000038.6(APC):c.7781C>G (p.Ser2594Cys)	APC	S2576C, S2594C, S2493C, S2503C, S2553C, S2569C, S2604C, S2535C, S2311C, S2434C, S2468C, S2566C, S2612C	Hereditary cancer-predisposing syndrome|Familial adenomatous polyposis 1|not specified|not provided|APC-Associated Polyposis Disorders	VCV000350422	5	112179072	5	112843375	350422	294929	rs543396310	NC_000005.10:112843374:C:G	single nucleotide variant	missense variant	Benign/Likely benign	Feb 3, 2026	criteria provided, multiple submitters, no conflicts							
NM_000038.6(APC):c.7782T>G (p.Ser2594=)	APC		Hereditary cancer-predisposing syndrome|not specified|Familial adenomatous polyposis 1	VCV000758593	5	112179073	5	112843376	758593	764743	rs1580686545	NC_000005.10:112843375:T:G	single nucleotide variant	synonymous variant	Benign/Likely benign	Oct 22, 2025	criteria provided, multiple submitters, no conflicts							
NM_000038.6(APC):c.7788A>G (p.Ser2596=)	APC		Familial adenomatous polyposis 1	VCV003254452	5	112179079	5	112843382	3254452	3413230	rs2149993864	NC_000005.10:112843381:A:G	single nucleotide variant	synonymous variant|non-coding transcript variant	Benign	Apr 10, 2024	criteria provided, single submitter							
NM_000038.6(APC):c.7794C>G (p.Thr2598=)	APC		Hereditary cancer-predisposing syndrome|not provided|Familial adenomatous polyposis 1	VCV000630903	5	112179085	5	112843388	630903	617266	rs1554088662	NC_000005.10:112843387:C:G	single nucleotide variant	synonymous variant	Benign/Likely benign	Mar 17, 2025	criteria provided, multiple submitters, no conflicts							
NM_000038.6(APC):c.7794C>T (p.Thr2598=)	APC		Hereditary cancer-predisposing syndrome|Familial adenomatous polyposis 1	VCV000482415	5	112179085	5	112843388	482415	473914	rs1554088662	NC_000005.10:112843387:C:T	single nucleotide variant	synonymous variant	Benign/Likely benign	Jun 25, 2024	criteria provided, multiple submitters, no conflicts							
NM_000038.6(APC):c.7818A>C (p.Val2606=)	APC		Hereditary cancer-predisposing syndrome|Classic or attenuated familial adenomatous polyposis|Familial adenomatous polyposis 1	VCV001130549	5	112179109	5	112843412	1130549	1115199	rs1221514715	NC_000005.10:112843411:A:C	single nucleotide variant	synonymous variant	Benign/Likely benign	Dec 28, 2025	criteria provided, multiple submitters, no conflicts							
NM_000038.6(APC):c.7818A>G (p.Val2606=)	APC		Hereditary cancer-predisposing syndrome|Familial adenomatous polyposis 1	VCV000482366	5	112179109	5	112843412	482366	474133	rs1221514715	NC_000005.10:112843411:A:G	single nucleotide variant	synonymous variant	Benign/Likely benign	Jul 21, 2025	criteria provided, multiple submitters, no conflicts							
NM_000038.6(APC):c.7821C>T (p.Ser2607=)	APC		APC-Associated Polyposis Disorders|Classic or attenuated familial adenomatous polyposis|Hereditary cancer-predisposing syndrome|not specified|not provided|Familial adenomatous polyposis 1	VCV000184665	5	112179112	5	112843415	184665	182478	rs532235331	NC_000005.10:112843414:C:T	single nucleotide variant	synonymous variant	Benign/Likely benign	Jan 28, 2026	criteria provided, multiple submitters, no conflicts							
NM_000038.6(APC):c.7833A>T (p.Thr2611=)	APC		Familial adenomatous polyposis 1	VCV003253941	5	112179124	5	112843427	3253941	3412722	rs1057520909	NC_000005.10:112843426:A:T	single nucleotide variant	synonymous variant|non-coding transcript variant	Benign	Apr 11, 2024	criteria provided, single submitter							
NM_000038.6(APC):c.7833A>G (p.Thr2611=)	APC		Classic or attenuated familial adenomatous polyposis|Hereditary cancer-predisposing syndrome|not specified|not provided|Familial adenomatous polyposis 1	VCV000380855	5	112179124	5	112843427	380855	369404	rs1057520909	NC_000005.10:112843426:A:G	single nucleotide variant	synonymous variant	Benign/Likely benign	Dec 22, 2025	criteria provided, multiple submitters, no conflicts							
NM_000038.6(APC):c.7836G>A (p.Trp2612Ter)	APC	W2486*, W2584*, W2587*, W2594*, W2605*, W2483*, W2640*, W2511*, W2521*, W2602*, W2612*, W2630*, W2228*, W2329*, W2452*, W2529*, W2553*, W2571*, W2622*	Familial adenomatous polyposis 1	VCV003643518	5	112179127	5	112843430	3643518	3783215		NC_000005.10:112843429:G:A	single nucleotide variant	nonsense|non-coding transcript variant	Pathogenic	Apr 13, 2024	criteria provided, single submitter							
NM_000038.6(APC):c.7837A>C (p.Arg2613=)	APC		Hereditary cancer-predisposing syndrome|Familial adenomatous polyposis 1	VCV000703666	5	112179128	5	112843431	703666	691652	rs1580687107	NC_000005.10:112843430:A:C	single nucleotide variant	synonymous variant	Benign/Likely benign	Sep 3, 2025	criteria provided, multiple submitters, no conflicts							
NM_000038.6(APC):c.7857A>G (p.Glu2619=)	APC		Familial adenomatous polyposis 1	VCV003254448	5	112179148	5	112843451	3254448	3413226	rs2149994983	NC_000005.10:112843450:A:G	single nucleotide variant	synonymous variant|non-coding transcript variant	Benign	Apr 11, 2024	criteria provided, single submitter							
NM_000038.6(APC):c.7862C>G (p.Ser2621Cys)	APC	S2621C, S2603C, S2495C, S2530C, S2639C, S2580C, S2593C, S2596C, S2631C, S2338C, S2461C, S2520C, S2562C	Familial adenomatous polyposis 1	VCV000041516	5	112179153	5	112843456	41516	49955	rs72541816	NC_000005.10:112843455:C:G	single nucleotide variant	missense variant	Benign	Feb 26, 2023	reviewed by expert panel							
NM_000038.6(APC):c.7863T>C (p.Ser2621=)	APC		Hereditary cancer-predisposing syndrome|Familial adenomatous polyposis 1	VCV001760930	5	112179154	5	112843457	1760930	1816545	rs1561618785	NC_000005.10:112843456:T:C	single nucleotide variant	synonymous variant|non-coding transcript variant	Benign/Likely benign	Apr 11, 2024	criteria provided, multiple submitters, no conflicts							
NM_000038.6(APC):c.7863T>A (p.Ser2621=)	APC		Familial adenomatous polyposis 1|not specified|Hereditary cancer-predisposing syndrome	VCV000632636	5	112179154	5	112843457	632636	621192	rs1561618785	NC_000005.10:112843456:T:A	single nucleotide variant	synonymous variant	Benign/Likely benign	Apr 20, 2026	criteria provided, multiple submitters, no conflicts							
NM_000038.6(APC):c.7866C>G (p.Pro2622=)	APC		Hereditary cancer-predisposing syndrome|Familial adenomatous polyposis 1	VCV001760936	5	112179157	5	112843460	1760936	1816551	rs1580687418	NC_000005.10:112843459:C:G	single nucleotide variant	synonymous variant|non-coding transcript variant	Benign/Likely benign	Apr 11, 2024	criteria provided, multiple submitters, no conflicts							
NM_000038.6(APC):c.7872T>C (p.Asn2624=)	APC		not provided|Familial adenomatous polyposis 1|Classic or attenuated familial adenomatous polyposis|Hereditary cancer-predisposing syndrome	VCV000516280	5	112179163	5	112843466	516280	500934	rs1298254479	NC_000005.10:112843465:T:C	single nucleotide variant	synonymous variant	Benign/Likely benign	Jul 30, 2024	criteria provided, multiple submitters, no conflicts							
NM_000038.6(APC):c.7875T>C (p.Ser2625=)	APC		Familial adenomatous polyposis 1	VCV003254476	5	112179166	5	112843469	3254476	3413254	rs2149995309	NC_000005.10:112843468:T:C	single nucleotide variant	synonymous variant|non-coding transcript variant	Benign	Apr 11, 2024	criteria provided, single submitter							
NM_000038.6(APC):c.7878T>G (p.Thr2626=)	APC		Hereditary cancer-predisposing syndrome|not specified|not provided|Familial adenomatous polyposis 1	VCV000184082	5	112179169	5	112843472	184082	182479	rs757020188	NC_000005.10:112843471:T:G	single nucleotide variant	synonymous variant	Benign/Likely benign	Jan 26, 2026	criteria provided, multiple submitters, no conflicts							
NM_000038.6(APC):c.7881T>A (p.Ser2627=)	APC		Hereditary cancer-predisposing syndrome|Familial adenomatous polyposis 1	VCV003254243	5	112179172	5	112843475	3254243	3413022	rs2149995423	NC_000005.10:112843474:T:A	single nucleotide variant	synonymous variant|non-coding transcript variant	Benign/Likely benign	Nov 4, 2025	criteria provided, multiple submitters, no conflicts							
NM_000038.6(APC):c.7881T>G (p.Ser2627=)	APC		Familial adenomatous polyposis 1	VCV001560865	5	112179172	5	112843475	1560865	1641273	rs2149995423	NC_000005.10:112843474:T:G	single nucleotide variant	synonymous variant	Benign/Likely benign	Jun 16, 2025	criteria provided, multiple submitters, no conflicts							
NM_000038.6(APC):c.7882C>T (p.Gln2628Ter)	APC	Q2244*, Q2345*, Q2545*, Q2587*, Q2646*, Q2600*, Q2603*, Q2638*, Q2468*, Q2527*, Q2569*, Q2621*, Q2499*, Q2502*, Q2537*, Q2610*, Q2618*, Q2628*, Q2656*	Hereditary cancer-predisposing syndrome|Familial adenomatous polyposis 1	VCV002068290	5	112179173	5	112843476	2068290	2125814	rs1561619003	NC_000005.10:112843475:C:T	single nucleotide variant	nonsense	Pathogenic/Likely pathogenic	May 16, 2023	criteria provided, multiple submitters, no conflicts							
NM_000038.6(APC):c.7884G>A (p.Gln2628=)	APC		Familial adenomatous polyposis 1|Hereditary cancer-predisposing syndrome	VCV001145130	5	112179175	5	112843478	1145130	1136146	rs1554088722	NC_000005.10:112843477:G:A	single nucleotide variant	synonymous variant	Benign/Likely benign	Oct 13, 2025	criteria provided, multiple submitters, no conflicts							
NM_000038.6(APC):c.7887C>G (p.Thr2629=)	APC		Hereditary cancer-predisposing syndrome|Familial adenomatous polyposis 1	VCV000922333	5	112179178	5	112843481	922333	910129	rs754051042	NC_000005.10:112843480:C:G	single nucleotide variant	synonymous variant	Benign/Likely benign	Sep 19, 2025	criteria provided, multiple submitters, no conflicts							
NM_000038.6(APC):c.7887C>T (p.Thr2629=)	APC		Familial adenomatous polyposis 1|Hereditary cancer-predisposing syndrome|not provided|Classic or attenuated familial adenomatous polyposis|not specified	VCV000482439	5	112179178	5	112843481	482439	473984	rs754051042	NC_000005.10:112843480:C:T	single nucleotide variant	synonymous variant	Benign/Likely benign	Dec 2, 2025	criteria provided, multiple submitters, no conflicts							
NM_000038.6(APC):c.7893C>T (p.Ser2631=)	APC		Hereditary cancer-predisposing syndrome|not provided|not specified|Familial adenomatous polyposis 1|Classic or attenuated familial adenomatous polyposis	VCV000232237	5	112179184	5	112843487	232237	233217	rs876659640	NC_000005.10:112843486:C:T	single nucleotide variant	synonymous variant	Benign/Likely benign	Jan 13, 2026	criteria provided, multiple submitters, no conflicts							
NM_000038.6(APC):c.7896A>C (p.Ser2632=)	APC		Familial adenomatous polyposis 1	VCV003254232	5	112179187	5	112843490	3254232	3413011	rs779015041	NC_000005.10:112843489:A:C	single nucleotide variant	synonymous variant|non-coding transcript variant	Benign	Apr 11, 2024	criteria provided, single submitter							
NM_000038.6(APC):c.7896A>G (p.Ser2632=)	APC		Familial adenomatous polyposis 1	VCV001543263	5	112179187	5	112843490	1543263	1632720	rs779015041	NC_000005.10:112843489:A:G	single nucleotide variant	synonymous variant	Benign/Likely benign	Apr 11, 2024	criteria provided, multiple submitters, no conflicts							
NM_000038.6(APC):c.7896A>T (p.Ser2632=)	APC		Familial adenomatous polyposis 1|Hereditary cancer-predisposing syndrome	VCV001085039	5	112179187	5	112843490	1085039	1072073	rs779015041	NC_000005.10:112843489:A:T	single nucleotide variant	synonymous variant	Benign/Likely benign	Apr 11, 2024	criteria provided, multiple submitters, no conflicts							
NM_000038.6(APC):c.7905A>G (p.Thr2635=)	APC		Familial adenomatous polyposis 1	VCV000798656	5	112179196	5	112843499	798656	782096	rs1580687958	NC_000005.10:112843498:A:G	single nucleotide variant	synonymous variant	Benign/Likely benign	Apr 11, 2024	criteria provided, multiple submitters, no conflicts							
NM_000038.6(APC):c.7914T>A (p.Ala2638=)	APC		not specified|Hereditary cancer-predisposing syndrome|Familial adenomatous polyposis 1	VCV001363410	5	112179205	5	112843508	1363410	1489270	rs758440266	NC_000005.10:112843507:T:A	single nucleotide variant	synonymous variant	Benign/Likely benign	Mar 8, 2025	criteria provided, multiple submitters, no conflicts							
NM_000038.6(APC):c.7914T>G (p.Ala2638=)	APC		Familial adenomatous polyposis 1	VCV000470116	5	112179205	5	112843508	470116	454118	rs758440266	NC_000005.10:112843507:T:G	single nucleotide variant	synonymous variant	Benign/Likely benign	May 13, 2024	criteria provided, multiple submitters, no conflicts							
NM_000038.6(APC):c.7915G>T (p.Glu2639Ter)	APC	E2614*, E2629*, E2649*, E2538*, E2548*, E2598*, E2621*, E2632*, E2639*, E2479*, E2510*, E2667*, E2255*, E2356*, E2513*, E2556*, E2580*, E2611*, E2657*	Hereditary cancer-predisposing syndrome|Classic or attenuated familial adenomatous polyposis|Familial adenomatous polyposis 1	VCV003655971	5	112179206	5	112843509	3655971	3782838		NC_000005.10:112843508:G:T	single nucleotide variant	nonsense|non-coding transcript variant	Pathogenic	Apr 22, 2025	criteria provided, multiple submitters, no conflicts							
NM_000038.6(APC):c.7920A>G (p.Ser2640=)	APC		Familial adenomatous polyposis 1	VCV002184134	5	112179211	5	112843514	2184134	1910365	rs1766599566	NC_000005.10:112843513:A:G	single nucleotide variant	synonymous variant|non-coding transcript variant	Benign/Likely benign	Apr 11, 2024	criteria provided, multiple submitters, no conflicts							
NM_000038.6(APC):c.7923G>A (p.Lys2641=)	APC		Classic or attenuated familial adenomatous polyposis|Familial adenomatous polyposis 1	VCV001128041	5	112179214	5	112843517	1128041	1115200	rs2149996252	NC_000005.10:112843516:G:A	single nucleotide variant	synonymous variant	Benign/Likely benign	Apr 11, 2024	criteria provided, multiple submitters, no conflicts							
NM_000038.6(APC):c.7926T>A (p.Thr2642=)	APC		Hereditary cancer-predisposing syndrome|Familial adenomatous polyposis 1	VCV000927170	5	112179217	5	112843520	927170	910133	rs932271698	NC_000005.10:112843519:T:A	single nucleotide variant	synonymous variant	Benign/Likely benign	Aug 9, 2025	criteria provided, multiple submitters, no conflicts							
NM_000038.6(APC):c.7929A>T (p.Leu2643=)	APC		Familial adenomatous polyposis 1	VCV001588492	5	112179220	5	112843523	1588492	1640819	rs138796072	NC_000005.10:112843522:A:T	single nucleotide variant	synonymous variant	Benign/Likely benign	Apr 11, 2024	criteria provided, multiple submitters, no conflicts							
NM_000038.6(APC):c.7929A>C (p.Leu2643=)	APC		Familial adenomatous polyposis 1|Hereditary cancer-predisposing syndrome	VCV000416728	5	112179220	5	112843523	416728	394686	rs138796072	NC_000005.10:112843522:A:C	single nucleotide variant	synonymous variant	Benign/Likely benign	Apr 11, 2024	criteria provided, multiple submitters, no conflicts							
NM_000038.6(APC):c.7932T>A (p.Ile2644=)	APC		Familial adenomatous polyposis 1|Classic or attenuated familial adenomatous polyposis|Hereditary cancer-predisposing syndrome	VCV000490367	5	112179223	5	112843526	490367	483960	rs781734502	NC_000005.10:112843525:T:A	single nucleotide variant	synonymous variant	Benign/Likely benign	Nov 12, 2024	criteria provided, multiple submitters, no conflicts							
NM_000038.6(APC):c.7932T>C (p.Ile2644=)	APC		Familial adenomatous polyposis 1|Hereditary cancer-predisposing syndrome|not provided	VCV000231410	5	112179223	5	112843526	231410	233218	rs781734502	NC_000005.10:112843525:T:C	single nucleotide variant	synonymous variant	Benign/Likely benign	Jan 13, 2026	criteria provided, multiple submitters, no conflicts							
NM_000038.6(APC):c.7936C>T (p.Gln2646Ter)	APC	Q2262*, Q2363*, Q2486*, Q2517*, Q2520*, Q2545*, Q2555*, Q2563*, Q2587*, Q2605*, Q2618*, Q2621*, Q2628*, Q2636*, Q2639*, Q2646*, Q2656*, Q2664*, Q2674*	Familial adenomatous polyposis 1	VCV002584295	5	112179227	5	112843530	2584295	2751861	rs1554088768	NC_000005.10:112843529:C:T	single nucleotide variant	nonsense|non-coding transcript variant	Pathogenic	May 16, 2023	criteria provided, single submitter							
NM_000038.6(APC):c.7938A>G (p.Gln2646=)	APC		Hereditary cancer-predisposing syndrome|Familial adenomatous polyposis 1	VCV002882441	5	112179229	5	112843532	2882441	3043043	rs1580688401	NC_000005.10:112843531:A:G	single nucleotide variant	synonymous variant|non-coding transcript variant	Benign/Likely benign	Jan 4, 2026	criteria provided, multiple submitters, no conflicts							
NM_000038.6(APC):c.7944A>T (p.Ala2648=)	APC		Hereditary cancer-predisposing syndrome|Familial adenomatous polyposis 1	VCV000470119	5	112179235	5	112843538	470119	454273	rs1554088776	NC_000005.10:112843537:A:T	single nucleotide variant	synonymous variant	Benign/Likely benign	Sep 1, 2025	criteria provided, multiple submitters, no conflicts							
NM_000038.6(APC):c.7947T>C (p.Pro2649=)	APC		Familial adenomatous polyposis 1	VCV003254115	5	112179238	5	112843541	3254115	3412895	rs2149996772	NC_000005.10:112843540:T:C	single nucleotide variant	synonymous variant|non-coding transcript variant	Benign	Apr 11, 2024	criteria provided, single submitter							
NM_000038.6(APC):c.7950T>G (p.Ala2650=)	APC		Familial adenomatous polyposis 1	VCV003254094	5	112179241	5	112843544	3254094	3412874	rs1554088784	NC_000005.10:112843543:T:G	single nucleotide variant	synonymous variant|non-coding transcript variant	Benign	Apr 11, 2024	criteria provided, single submitter							
NM_000038.6(APC):c.7953T>C (p.Val2651=)	APC		Hereditary cancer-predisposing syndrome|Familial adenomatous polyposis 1	VCV000827355	5	112179244	5	112843547	827355	808276	rs1580688611	NC_000005.10:112843546:T:C	single nucleotide variant	synonymous variant	Benign/Likely benign	Jun 30, 2025	criteria provided, multiple submitters, no conflicts							
NM_000038.6(APC):c.7968T>C (p.Asp2656=)	APC		Hereditary cancer-predisposing syndrome|Familial adenomatous polyposis 1	VCV002765667	5	112179259	5	112843562	2765667	2922541	rs1580688744	NC_000005.10:112843561:T:C	single nucleotide variant	synonymous variant|non-coding transcript variant	Benign/Likely benign	Sep 20, 2025	criteria provided, multiple submitters, no conflicts							
NM_000038.6(APC):c.7971T>C (p.Val2657=)	APC		Hereditary cancer-predisposing syndrome|Familial adenomatous polyposis 1	VCV001761432	5	112179262	5	112843565	1761432	1813739	rs2149997186	NC_000005.10:112843564:T:C	single nucleotide variant	synonymous variant|non-coding transcript variant	Benign/Likely benign	Apr 11, 2024	criteria provided, multiple submitters, no conflicts							
NM_000038.6(APC):c.7977G>C (p.Val2659=)	APC		Hereditary cancer-predisposing syndrome|Familial adenomatous polyposis 1	VCV000759299	5	112179268	5	112843571	759299	764746	rs1392424178	NC_000005.10:112843570:G:C	single nucleotide variant	synonymous variant	Benign/Likely benign	Aug 3, 2024	criteria provided, multiple submitters, no conflicts							
NM_000038.6(APC):c.7977G>A (p.Val2659=)	APC		Classic or attenuated familial adenomatous polyposis|not specified|not provided|Hereditary cancer-predisposing syndrome|Familial adenomatous polyposis 1	VCV000470120	5	112179268	5	112843571	470120	454278	rs1392424178	NC_000005.10:112843570:G:A	single nucleotide variant	synonymous variant	Benign/Likely benign	Jan 13, 2026	criteria provided, multiple submitters, no conflicts							
NM_000038.6(APC):c.7980A>G (p.Arg2660=)	APC		Familial adenomatous polyposis 1	VCV002960271	5	112179271	5	112843574	2960271	3126279	rs2149997334	NC_000005.10:112843573:A:G	single nucleotide variant	synonymous variant|non-coding transcript variant	Benign/Likely benign	Apr 11, 2024	criteria provided, multiple submitters, no conflicts							
NM_000038.6(APC):c.7989C>T (p.Asp2663=)	APC		Familial adenomatous polyposis 1	VCV000701203	5	112179280	5	112843583	701203	686571	rs1580688943	NC_000005.10:112843582:C:T	single nucleotide variant	synonymous variant	Benign/Likely benign	Apr 13, 2025	criteria provided, multiple submitters, no conflicts							
NM_000038.6(APC):c.7995C>T (p.Pro2665=)	APC		Hereditary cancer-predisposing syndrome|Familial adenomatous polyposis 1	VCV000490368	5	112179286	5	112843589	490368	483964	rs1554088819	NC_000005.10:112843588:C:T	single nucleotide variant	synonymous variant	Benign/Likely benign	Apr 11, 2024	criteria provided, multiple submitters, no conflicts							
NM_000038.6(APC):c.8001C>T (p.Asn2667=)	APC		Hereditary cancer-predisposing syndrome|Familial adenomatous polyposis 1	VCV003254159	5	112179292	5	112843595	3254159	3412938	rs1262892143	NC_000005.10:112843594:C:T	single nucleotide variant	synonymous variant|non-coding transcript variant	Benign/Likely benign	Apr 25, 2025	criteria provided, multiple submitters, no conflicts							
NM_000038.6(APC):c.8007T>G (p.Pro2669=)	APC		Hereditary cancer-predisposing syndrome|Familial adenomatous polyposis 1	VCV001761621	5	112179298	5	112843601	1761621	1823563	rs1766621353	NC_000005.10:112843600:T:G	single nucleotide variant	synonymous variant|non-coding transcript variant	Benign/Likely benign	Apr 11, 2024	criteria provided, multiple submitters, no conflicts							
NM_000038.6(APC):c.8007T>C (p.Pro2669=)	APC		Hereditary cancer-predisposing syndrome|Familial adenomatous polyposis 1	VCV001540896	5	112179298	5	112843601	1540896	1609298	rs1766621353	NC_000005.10:112843600:T:C	single nucleotide variant	synonymous variant	Benign/Likely benign	Jul 29, 2025	criteria provided, multiple submitters, no conflicts							
NM_000038.6(APC):c.8008A>C (p.Arg2670=)	APC		Hereditary cancer-predisposing syndrome|Classic or attenuated familial adenomatous polyposis|not specified|Familial adenomatous polyposis 1|not provided	VCV000470121	5	112179299	5	112843602	470121	454908	rs756875223	NC_000005.10:112843601:A:C	single nucleotide variant	synonymous variant	Benign/Likely benign	Jan 18, 2026	criteria provided, multiple submitters, no conflicts							
NM_000038.6(APC):c.8010A>G (p.Arg2670=)	APC		Classic or attenuated familial adenomatous polyposis|Hereditary cancer-predisposing syndrome|not specified|not provided|Familial adenomatous polyposis 1	VCV000184540	5	112179301	5	112843604	184540	182482	rs786201524	NC_000005.10:112843603:A:G	single nucleotide variant	synonymous variant	Benign/Likely benign	May 22, 2026	criteria provided, multiple submitters, no conflicts							
NM_000038.6(APC):c.8013T>C (p.Ser2671=)	APC		Hereditary cancer-predisposing syndrome|Familial adenomatous polyposis 1	VCV000482301	5	112179304	5	112843607	482301	474148	rs1294217069	NC_000005.10:112843606:T:C	single nucleotide variant	synonymous variant	Benign/Likely benign	Apr 11, 2024	criteria provided, multiple submitters, no conflicts							
NM_000038.6(APC):c.8017A>C (p.Arg2673=)	APC		not provided|Familial adenomatous polyposis 1|Classic or attenuated familial adenomatous polyposis|Hereditary cancer-predisposing syndrome	VCV000416753	5	112179308	5	112843611	416753	394698	rs767286063	NC_000005.10:112843610:A:C	single nucleotide variant	synonymous variant	Benign/Likely benign	Oct 13, 2025	criteria provided, multiple submitters, no conflicts							
NM_000038.6(APC):c.8022T>C (p.Ser2674=)	APC		Familial adenomatous polyposis 1	VCV003254477	5	112179313	5	112843616	3254477	3413255	rs2533838368	NC_000005.10:112843615:T:C	single nucleotide variant	synonymous variant|non-coding transcript variant	Benign	Apr 12, 2024	criteria provided, single submitter							
NM_000038.6(APC):c.8028A>G (p.Thr2676=)	APC		Familial adenomatous polyposis 1	VCV003253883	5	112179319	5	112843622	3253883	3412664	rs2149998111	NC_000005.10:112843621:A:G	single nucleotide variant	synonymous variant|non-coding transcript variant	Benign	Apr 12, 2024	criteria provided, single submitter							
NM_000038.6(APC):c.8031T>G (p.Gly2677=)	APC		Familial adenomatous polyposis 1	VCV003254097	5	112179322	5	112843625	3254097	3412877	rs2533839146	NC_000005.10:112843624:T:G	single nucleotide variant	synonymous variant|non-coding transcript variant	Benign	Apr 12, 2024	criteria provided, single submitter							
NM_000038.6(APC):c.8031T>C (p.Gly2677=)	APC		Hereditary cancer-predisposing syndrome|Familial adenomatous polyposis 1	VCV001761745	5	112179322	5	112843625	1761745	1823687	rs2533839146	NC_000005.10:112843624:T:C	single nucleotide variant	synonymous variant|non-coding transcript variant	Benign/Likely benign	Apr 12, 2024	criteria provided, multiple submitters, no conflicts							
NM_000038.6(APC):c.8034T>C (p.Asn2678=)	APC		Familial adenomatous polyposis 1	VCV003253963	5	112179325	5	112843628	3253963	3412744	rs765457258	NC_000005.10:112843627:T:C	single nucleotide variant	synonymous variant|non-coding transcript variant	Benign	Apr 12, 2024	criteria provided, single submitter							
NM_000038.6(APC):c.8037T>G (p.Thr2679=)	APC		Familial adenomatous polyposis 1	VCV003254124	5	112179328	5	112843631	3254124	3412904	rs2149998232	NC_000005.10:112843630:T:G	single nucleotide variant	synonymous variant|non-coding transcript variant	Benign	Apr 12, 2024	criteria provided, single submitter							
NM_000038.6(APC):c.8040C>G (p.Pro2680=)	APC		Hereditary cancer-predisposing syndrome|Familial adenomatous polyposis 1	VCV001761764	5	112179331	5	112843634	1761764	1823706	rs1202345601	NC_000005.10:112843633:C:G	single nucleotide variant	synonymous variant|non-coding transcript variant	Benign/Likely benign	Apr 12, 2024	criteria provided, multiple submitters, no conflicts							
NM_000038.6(APC):c.8042C>T (p.Pro2681Leu)	APC	P2681L, P2663L, P2622L, P2398L, P2555L, P2580L, P2640L, P2653L, P2691L, P2521L, P2590L, P2656L, P2699L	not specified|Hereditary cancer-predisposing syndrome|not provided|Familial adenomatous polyposis 1	VCV000135721	5	112179333	5	112843636	135721	139433	rs182456139	NC_000005.10:112843635:C:T	single nucleotide variant	missense variant	Benign/Likely benign	Jan 26, 2026	criteria provided, multiple submitters, no conflicts							
NM_000038.6(APC):c.8043G>A (p.Pro2681=)	APC		Classic or attenuated familial adenomatous polyposis|Hereditary cancer-predisposing syndrome|not specified|not provided|Familial adenomatous polyposis 1	VCV000220017	5	112179334	5	112843637	220017	221546	rs149347068	NC_000005.10:112843636:G:A	single nucleotide variant	synonymous variant	Benign/Likely benign	Jan 11, 2026	criteria provided, multiple submitters, no conflicts							
NM_000038.6(APC):c.8043G>C (p.Pro2681=)	APC		APC-Associated Polyposis Disorders|Hereditary cancer-predisposing syndrome|not specified|not provided|Familial adenomatous polyposis 1	VCV000184254	5	112179334	5	112843637	184254	182483	rs149347068	NC_000005.10:112843636:G:C	single nucleotide variant	synonymous variant	Benign/Likely benign	Feb 3, 2026	criteria provided, multiple submitters, no conflicts							
NM_000038.6(APC):c.8046G>A (p.Val2682=)	APC		Hereditary cancer-predisposing syndrome|Familial adenomatous polyposis 1	VCV003253942	5	112179337	5	112843640	3253942	3412723	rs1186346278	NC_000005.10:112843639:G:A	single nucleotide variant	synonymous variant|non-coding transcript variant	Benign/Likely benign	Aug 21, 2024	criteria provided, multiple submitters, no conflicts							
NM_000038.6(APC):c.8049T>A (p.Ile2683=)	APC		Familial adenomatous polyposis 1|Hereditary cancer-predisposing syndrome	VCV002452677	5	112179340	5	112843643	2452677	2433659	rs1580689538	NC_000005.10:112843642:T:A	single nucleotide variant	synonymous variant|non-coding transcript variant	Benign/Likely benign	Oct 8, 2024	criteria provided, multiple submitters, no conflicts							
NM_000038.6(APC):c.8052C>T (p.Asp2684=)	APC		Hereditary cancer-predisposing syndrome|Familial adenomatous polyposis 1	VCV001577354	5	112179343	5	112843646	1577354	1553390	rs1260063954	NC_000005.10:112843645:C:T	single nucleotide variant	synonymous variant	Benign/Likely benign	Dec 21, 2024	criteria provided, multiple submitters, no conflicts							
NM_000038.6(APC):c.8055T>C (p.Ser2685=)	APC		Familial adenomatous polyposis 1|Hereditary cancer-predisposing syndrome	VCV002895317	5	112179346	5	112843649	2895317	3049406	rs2149998568	NC_000005.10:112843648:T:C	single nucleotide variant	synonymous variant|non-coding transcript variant	Benign/Likely benign	Apr 12, 2024	criteria provided, multiple submitters, no conflicts							
NM_000038.6(APC):c.8061A>G (p.Ser2687=)	APC		Classic or attenuated familial adenomatous polyposis|not provided|Hereditary cancer-predisposing syndrome|not specified|Familial adenomatous polyposis 1	VCV000377494	5	112179352	5	112843655	377494	369406	rs746180965	NC_000005.10:112843654:A:G	single nucleotide variant	synonymous variant	Benign/Likely benign	Nov 24, 2025	criteria provided, multiple submitters, no conflicts							
NM_000038.6(APC):c.8068G>A (p.Ala2690Thr)	APC	A2690T, A2672T, A2599T, A2708T, A2649T, A2407T, A2530T, A2564T, A2589T, A2631T, A2700T, A2662T, A2665T	Hereditary cancer-predisposing syndrome|not specified|not provided|Familial adenomatous polyposis 1	VCV000127322	5	112179359	5	112843662	127322	132779	rs140868933	NC_000005.10:112843661:G:A	single nucleotide variant	missense variant	Benign/Likely benign	Feb 3, 2026	criteria provided, multiple submitters, no conflicts							
NM_000038.6(APC):c.8076A>G (p.Pro2692=)	APC		Familial adenomatous polyposis 1	VCV003253814	5	112179367	5	112843670	3253814	3412595	rs2149998853	NC_000005.10:112843669:A:G	single nucleotide variant	synonymous variant|non-coding transcript variant	Benign	Apr 12, 2024	criteria provided, single submitter							
NM_000038.6(APC):c.8079C>T (p.Asn2693=)	APC		Hereditary cancer-predisposing syndrome|Familial adenomatous polyposis 1	VCV001565206	5	112179370	5	112843673	1565206	1621279	rs1766638656	NC_000005.10:112843672:C:T	single nucleotide variant	synonymous variant	Benign/Likely benign	Apr 12, 2024	criteria provided, multiple submitters, no conflicts							
NM_000038.6(APC):c.8082T>A (p.Ile2694=)	APC		Hereditary cancer-predisposing syndrome|Familial adenomatous polyposis 1|Classic or attenuated familial adenomatous polyposis	VCV001139753	5	112179373	5	112843676	1139753	1115201	rs2149998938	NC_000005.10:112843675:T:A	single nucleotide variant	synonymous variant	Benign/Likely benign	Aug 6, 2024	criteria provided, multiple submitters, no conflicts							
NM_000038.6(APC):c.8091A>T (p.Ser2697=)	APC		Familial adenomatous polyposis 1	VCV003254258	5	112179382	5	112843685	3254258	3413037	rs2149999087	NC_000005.10:112843684:A:T	single nucleotide variant	synonymous variant|non-coding transcript variant	Benign	Apr 12, 2024	criteria provided, single submitter							
NM_000038.6(APC):c.8091A>G (p.Ser2697=)	APC		Hereditary cancer-predisposing syndrome|Familial adenomatous polyposis 1	VCV001761957	5	112179382	5	112843685	1761957	1823899	rs2149999087	NC_000005.10:112843684:A:G	single nucleotide variant	synonymous variant|non-coding transcript variant	Benign/Likely benign	Apr 12, 2024	criteria provided, multiple submitters, no conflicts							
NM_000038.6(APC):c.8100T>C (p.Asn2700=)	APC		Classic or attenuated familial adenomatous polyposis|APC-related disorder|Hereditary cancer-predisposing syndrome|not specified|not provided|Familial adenomatous polyposis 1	VCV000184147	5	112179391	5	112843694	184147	182484	rs761326128	NC_000005.10:112843693:T:C	single nucleotide variant	synonymous variant	Benign/Likely benign	Sep 15, 2025	criteria provided, multiple submitters, no conflicts							
NM_000038.6(APC):c.8106A>T (p.Ala2702=)	APC		Hereditary cancer-predisposing syndrome|Familial adenomatous polyposis 1	VCV001172105	5	112179397	5	112843700	1172105	1160594	rs1554088899	NC_000005.10:112843699:A:T	single nucleotide variant	synonymous variant	Benign/Likely benign	Apr 12, 2024	criteria provided, multiple submitters, no conflicts							
NM_000038.6(APC):c.8106A>G (p.Ala2702=)	APC		Hereditary cancer-predisposing syndrome|Familial adenomatous polyposis 1	VCV000482369	5	112179397	5	112843700	482369	474042	rs1554088899	NC_000005.10:112843699:A:G	single nucleotide variant	synonymous variant	Benign/Likely benign	Apr 12, 2024	criteria provided, multiple submitters, no conflicts							
NM_000038.6(APC):c.8118G>A (p.Val2706=)	APC		Hereditary cancer-predisposing syndrome|Familial adenomatous polyposis 1	VCV001762063	5	112179409	5	112843712	1762063	1820199	rs1580690209	NC_000005.10:112843711:G:A	single nucleotide variant	synonymous variant|non-coding transcript variant	Benign/Likely benign	Aug 5, 2025	criteria provided, multiple submitters, no conflicts							
NM_000038.6(APC):c.8118G>C (p.Val2706=)	APC		Familial adenomatous polyposis 1|Classic or attenuated familial adenomatous polyposis|Hereditary cancer-predisposing syndrome	VCV000700256	5	112179409	5	112843712	700256	686572	rs1580690209	NC_000005.10:112843711:G:C	single nucleotide variant	synonymous variant	Benign/Likely benign	May 31, 2025	criteria provided, multiple submitters, no conflicts							
NM_000038.6(APC):c.8127C>G (p.Gly2709=)	APC		Familial adenomatous polyposis 1|Hereditary cancer-predisposing syndrome	VCV000416720	5	112179418	5	112843721	416720	394540	rs1060504871	NC_000005.10:112843720:C:G	single nucleotide variant	synonymous variant	Benign/Likely benign	Apr 12, 2024	criteria provided, multiple submitters, no conflicts							
NM_000038.6(APC):c.8130T>C (p.Ser2710=)	APC		Hereditary cancer-predisposing syndrome|Familial adenomatous polyposis 1	VCV003254107	5	112179421	5	112843724	3254107	3412887	rs78176192	NC_000005.10:112843723:T:C	single nucleotide variant	synonymous variant|non-coding transcript variant	Benign/Likely benign	Jul 17, 2025	criteria provided, multiple submitters, no conflicts							
NM_000038.6(APC):c.8133T>C (p.Val2711=)	APC		Hereditary cancer-predisposing syndrome|Familial adenomatous polyposis 1	VCV001762139	5	112179424	5	112843727	1762139	1820275	rs1489637060	NC_000005.10:112843726:T:C	single nucleotide variant	synonymous variant|non-coding transcript variant	Benign/Likely benign	Apr 12, 2024	criteria provided, multiple submitters, no conflicts							
NM_000038.6(APC):c.8142T>C (p.Arg2714=)	APC		Familial adenomatous polyposis 1	VCV003254478	5	112179433	5	112843736	3254478	3413256	rs2149999916	NC_000005.10:112843735:T:C	single nucleotide variant	synonymous variant|non-coding transcript variant	Benign	Apr 12, 2024	criteria provided, single submitter							
NM_000038.6(APC):c.8145C>T (p.Thr2715=)	APC		Hereditary cancer-predisposing syndrome|not provided|Classic or attenuated familial adenomatous polyposis|Familial adenomatous polyposis 1	VCV000482271	5	112179436	5	112843739	482271	474046	rs1554088935	NC_000005.10:112843738:C:T	single nucleotide variant	synonymous variant	Benign/Likely benign	Jan 25, 2026	criteria provided, multiple submitters, no conflicts							
NM_000038.6(APC):c.8148G>C (p.Val2716=)	APC		not provided|Familial adenomatous polyposis 1|Hereditary cancer-predisposing syndrome	VCV000537577	5	112179439	5	112843742	537577	520409	rs1158207177	NC_000005.10:112843741:G:C	single nucleotide variant	synonymous variant	Benign/Likely benign	Aug 3, 2025	criteria provided, multiple submitters, no conflicts							
NM_000038.6(APC):c.8148G>A (p.Val2716=)	APC		Hereditary cancer-predisposing syndrome|Familial adenomatous polyposis 1	VCV000486775	5	112179439	5	112843742	486775	474163	rs1158207177	NC_000005.10:112843741:G:A	single nucleotide variant	synonymous variant	Benign/Likely benign	Apr 12, 2024	criteria provided, multiple submitters, no conflicts							
NM_000038.6(APC):c.8155G>T (p.Glu2719Ter)	APC	E2436*, E2593*, E2618*, E2678*, E2701*, E2729*, E2335*, E2628*, E2691*, E2747*, E2694*, E2712*, E2719*, E2737*, E2559*, E2590*, E2636*, E2660*, E2709*	Hereditary cancer-predisposing syndrome	VCV001762202	5	112179446	5	112843749	1762202	1820338	rs2533848206	NC_000005.10:112843748:G:T	single nucleotide variant	nonsense	Pathogenic	Apr 1, 2021	criteria provided, single submitter							
NM_000038.6(APC):c.8163C>G (p.Arg2721=)	APC		Hereditary cancer-predisposing syndrome|Familial adenomatous polyposis 1	VCV002032442	5	112179454	5	112843757	2032442	2082660	rs2150000245	NC_000005.10:112843756:C:G	single nucleotide variant	synonymous variant|non-coding transcript variant	Benign/Likely benign	Sep 27, 2025	criteria provided, multiple submitters, no conflicts							
NM_000038.6(APC):c.8166G>C (p.Leu2722=)	APC		Familial adenomatous polyposis 1	VCV001132232	5	112179457	5	112843760	1132232	1115202	rs768031368	NC_000005.10:112843759:G:C	single nucleotide variant	synonymous variant	Benign/Likely benign	Apr 30, 2024	criteria provided, multiple submitters, no conflicts							
NM_000038.6(APC):c.8172C>T (p.Ser2724=)	APC		Familial adenomatous polyposis 1	VCV003254479	5	112179463	5	112843766	3254479	3413257	rs2150000409	NC_000005.10:112843765:C:T	single nucleotide variant	synonymous variant|non-coding transcript variant	Benign	Apr 12, 2024	criteria provided, single submitter							
NM_000038.6(APC):c.8172C>G (p.Ser2724=)	APC		Hereditary cancer-predisposing syndrome|Familial adenomatous polyposis 1	VCV001692436	5	112179463	5	112843766	1692436	1684876	rs2150000409	NC_000005.10:112843765:C:G	single nucleotide variant	synonymous variant|non-coding transcript variant	Benign/Likely benign	Aug 21, 2024	criteria provided, multiple submitters, no conflicts							
NM_000038.6(APC):c.8178T>A (p.Ile2726=)	APC		Hereditary cancer-predisposing syndrome|Familial adenomatous polyposis 1	VCV000631375	5	112179469	5	112843772	631375	617274	rs1561621219	NC_000005.10:112843771:T:A	single nucleotide variant	synonymous variant	Benign/Likely benign	Apr 12, 2024	criteria provided, multiple submitters, no conflicts							
NM_000038.6(APC):c.8181G>A (p.Gln2727=)	APC		Hereditary cancer-predisposing syndrome|Familial adenomatous polyposis 1	VCV000490373	5	112179472	5	112843775	490373	483883	rs756467505	NC_000005.10:112843774:G:A	single nucleotide variant	synonymous variant	Benign/Likely benign	Apr 12, 2024	criteria provided, multiple submitters, no conflicts							
NM_000038.6(APC):c.8184G>A (p.Val2728=)	APC		Hereditary cancer-predisposing syndrome|Familial adenomatous polyposis 1	VCV000922193	5	112179475	5	112843778	922193	910142	rs1766673977	NC_000005.10:112843777:G:A	single nucleotide variant	synonymous variant	Benign/Likely benign	Mar 3, 2026	criteria provided, multiple submitters, no conflicts							
NM_000038.6(APC):c.8190C>T (p.Ala2730=)	APC		Hereditary cancer-predisposing syndrome|Familial adenomatous polyposis 1	VCV003253984	5	112179481	5	112843784	3253984	3412765	rs2150000682	NC_000005.10:112843783:C:T	single nucleotide variant	synonymous variant|non-coding transcript variant	Benign/Likely benign	Mar 30, 2026	criteria provided, multiple submitters, no conflicts							
NM_000038.6(APC):c.8196C>T (p.Asp2732=)	APC		Familial adenomatous polyposis 1|Hereditary cancer-predisposing syndrome	VCV000924654	5	112179487	5	112843790	924654	910145	rs1554088957	NC_000005.10:112843789:C:T	single nucleotide variant	synonymous variant	Benign/Likely benign	Apr 12, 2024	criteria provided, multiple submitters, no conflicts							
NM_000038.6(APC):c.8205A>T (p.Gly2735=)	APC		Familial adenomatous polyposis 1	VCV003254145	5	112179496	5	112843799	3254145	3412924	rs2150000966	NC_000005.10:112843798:A:T	single nucleotide variant	synonymous variant|non-coding transcript variant	Benign	Apr 12, 2024	criteria provided, single submitter							
NM_000038.6(APC):c.8208T>C (p.Thr2736=)	APC		Hereditary cancer-predisposing syndrome|Familial adenomatous polyposis 1	VCV000704945	5	112179499	5	112843802	704945	691654	rs786201421	NC_000005.10:112843801:T:C	single nucleotide variant	synonymous variant	Benign/Likely benign	Apr 12, 2024	criteria provided, multiple submitters, no conflicts							
NM_000038.6(APC):c.8208T>G (p.Thr2736=)	APC		Hereditary cancer-predisposing syndrome|Classic or attenuated familial adenomatous polyposis|not provided|Familial adenomatous polyposis 1	VCV000184361	5	112179499	5	112843802	184361	182485	rs786201421	NC_000005.10:112843801:T:G	single nucleotide variant	synonymous variant	Benign/Likely benign	Mar 18, 2025	criteria provided, multiple submitters, no conflicts							
NM_000038.6(APC):c.8211G>A (p.Glu2737=)	APC		Familial adenomatous polyposis 1	VCV003254481	5	112179502	5	112843805	3254481	3413259	rs1366190280	NC_000005.10:112843804:G:A	single nucleotide variant	synonymous variant|non-coding transcript variant	Benign	Apr 12, 2024	criteria provided, single submitter							
NM_000038.6(APC):c.8220A>G (p.Pro2740=)	APC		Familial adenomatous polyposis 1|Classic or attenuated familial adenomatous polyposis	VCV003254029	5	112179511	5	112843814	3254029	3412810	rs773180005	NC_000005.10:112843813:A:G	single nucleotide variant	synonymous variant|non-coding transcript variant	Benign/Likely benign	Sep 28, 2024	criteria provided, multiple submitters, no conflicts							
NM_000038.6(APC):c.8223A>T (p.Gly2741=)	APC		Familial adenomatous polyposis 1	VCV003253770	5	112179514	5	112843817	3253770	3412551	rs1580691326	NC_000005.10:112843816:A:T	single nucleotide variant	synonymous variant|non-coding transcript variant	Benign	Apr 12, 2024	criteria provided, single submitter							
NM_000038.6(APC):c.8226A>G (p.Gln2742=)	APC		not specified|not provided|Familial adenomatous polyposis 1|Hereditary cancer-predisposing syndrome	VCV000470134	5	112179517	5	112843820	470134	454613	rs1404406885	NC_000005.10:112843819:A:G	single nucleotide variant	synonymous variant	Benign/Likely benign	Sep 24, 2025	criteria provided, multiple submitters, no conflicts							
NM_000038.6(APC):c.8229T>C (p.Asn2743=)	APC		Familial adenomatous polyposis 1	VCV003254004	5	112179520	5	112843823	3254004	3412785	rs1561621557	NC_000005.10:112843822:T:C	single nucleotide variant	synonymous variant|non-coding transcript variant	Benign	Apr 12, 2024	criteria provided, single submitter							
NM_000038.6(APC):c.8232T>C (p.Asn2744=)	APC		Familial adenomatous polyposis 1	VCV003253901	5	112179523	5	112843826	3253901	3412682	rs2533853709	NC_000005.10:112843825:T:C	single nucleotide variant	synonymous variant|non-coding transcript variant	Benign	Apr 15, 2024	criteria provided, single submitter							
NM_000038.6(APC):c.8235T>C (p.Pro2745=)	APC		Hereditary cancer-predisposing syndrome|Familial adenomatous polyposis 1	VCV000229744	5	112179526	5	112843829	229744	233223	rs786201446	NC_000005.10:112843828:T:C	single nucleotide variant	synonymous variant	Benign/Likely benign	Nov 12, 2025	criteria provided, multiple submitters, no conflicts							
NM_000038.6(APC):c.8235T>A (p.Pro2745=)	APC		Hereditary cancer-predisposing syndrome|Familial adenomatous polyposis 1	VCV000184410	5	112179526	5	112843829	184410	182486	rs786201446	NC_000005.10:112843828:T:A	single nucleotide variant	synonymous variant	Benign/Likely benign	Apr 15, 2024	criteria provided, multiple submitters, no conflicts							
NM_000038.6(APC):c.8238C>T (p.Val2746=)	APC		Hereditary cancer-predisposing syndrome|Familial adenomatous polyposis 1	VCV000482460	5	112179529	5	112843832	482460	474167	rs1554088993	NC_000005.10:112843831:C:T	single nucleotide variant	synonymous variant	Benign/Likely benign	May 5, 2025	criteria provided, multiple submitters, no conflicts							
NM_000038.6(APC):c.8241T>C (p.Pro2747=)	APC		Familial adenomatous polyposis 1	VCV003253816	5	112179532	5	112843835	3253816	3412597	rs1060504875	NC_000005.10:112843834:T:C	single nucleotide variant	synonymous variant|non-coding transcript variant	Benign	Apr 15, 2024	criteria provided, single submitter							
NM_000038.6(APC):c.8241T>G (p.Pro2747=)	APC		Familial adenomatous polyposis 1|Hereditary cancer-predisposing syndrome|Classic or attenuated familial adenomatous polyposis	VCV000416725	5	112179532	5	112843835	416725	394543	rs1060504875	NC_000005.10:112843834:T:G	single nucleotide variant	synonymous variant	Benign/Likely benign	Jul 7, 2025	criteria provided, multiple submitters, no conflicts							
NM_000038.6(APC):c.8244A>G (p.Val2748=)	APC		Hereditary cancer-predisposing syndrome|Familial adenomatous polyposis 1	VCV000631066	5	112179535	5	112843838	631066	617276	rs1422980338	NC_000005.10:112843837:A:G	single nucleotide variant	synonymous variant	Benign/Likely benign	Feb 24, 2025	criteria provided, multiple submitters, no conflicts							
NM_000038.6(APC):c.8247A>G (p.Ser2749=)	APC		Hereditary cancer-predisposing syndrome|Familial adenomatous polyposis 1	VCV000919134	5	112179538	5	112843841	919134	910147	rs953342697	NC_000005.10:112843840:A:G	single nucleotide variant	synonymous variant	Benign/Likely benign	Apr 15, 2024	criteria provided, multiple submitters, no conflicts							
NM_000038.6(APC):c.8255A>C (p.Asn2752Thr)	APC	N2734T, N2752T, N2626T, N2651T, N2693T, N2724T, N2770T, N2592T, N2661T, N2762T, N2469T, N2727T, N2711T	Familial adenomatous polyposis 1	VCV000236654	5	112179546	5	112843849	236654	239618	rs878853474	NC_000005.10:112843848:A:C	single nucleotide variant	missense variant	Benign	Aug 23, 2022	criteria provided, single submitter							
NM_000038.6(APC):c.8256T>C (p.Asn2752=)	APC		Hereditary cancer-predisposing syndrome|Familial adenomatous polyposis 1	VCV000827536	5	112179547	5	112843850	827536	808288	rs1580691816	NC_000005.10:112843849:T:C	single nucleotide variant	synonymous variant	Benign/Likely benign	Apr 15, 2024	criteria provided, multiple submitters, no conflicts							
NM_000038.6(APC):c.8262T>C (p.Ser2754=)	APC		Hereditary cancer-predisposing syndrome|Familial adenomatous polyposis 1	VCV001762675	5	112179553	5	112843856	1762675	1817073	rs1382030053	NC_000005.10:112843855:T:C	single nucleotide variant	synonymous variant|non-coding transcript variant	Benign/Likely benign	Apr 15, 2024	criteria provided, multiple submitters, no conflicts							
NM_000038.6(APC):c.8265T>G (p.Ser2755=)	APC		Hereditary cancer-predisposing syndrome|Familial adenomatous polyposis 1|Classic or attenuated familial adenomatous polyposis|not specified	VCV000470124	5	112179556	5	112843859	470124	454618	rs756633556	NC_000005.10:112843858:T:G	single nucleotide variant	synonymous variant	Benign/Likely benign	Nov 17, 2025	criteria provided, multiple submitters, no conflicts							
NM_000038.6(APC):c.8265T>C (p.Ser2755=)	APC		Hereditary cancer-predisposing syndrome|Familial adenomatous polyposis 1	VCV000219391	5	112179556	5	112843859	219391	221548	rs756633556	NC_000005.10:112843858:T:C	single nucleotide variant	synonymous variant	Benign/Likely benign	Oct 23, 2025	criteria provided, multiple submitters, no conflicts							
NM_000038.6(APC):c.8271G>A (p.Val2757=)	APC		Familial adenomatous polyposis 1	VCV003253837	5	112179562	5	112843865	3253837	3412618	rs1356289612	NC_000005.10:112843864:G:A	single nucleotide variant	synonymous variant|non-coding transcript variant	Benign	Apr 15, 2024	criteria provided, single submitter							
NM_000038.6(APC):c.8274A>G (p.Glu2758=)	APC		Hereditary cancer-predisposing syndrome|Familial adenomatous polyposis 1	VCV003253971	5	112179565	5	112843868	3253971	3412752	rs2150002330	NC_000005.10:112843867:A:G	single nucleotide variant	synonymous variant|non-coding transcript variant	Benign/Likely benign	Aug 8, 2025	criteria provided, multiple submitters, no conflicts							
NM_000038.6(APC):c.8277T>C (p.Arg2759=)	APC		Hereditary cancer-predisposing syndrome|not specified|Familial adenomatous polyposis 1	VCV000390551	5	112179568	5	112843871	390551	368193	rs1057523814	NC_000005.10:112843870:T:C	single nucleotide variant	synonymous variant	Benign/Likely benign	Apr 15, 2024	criteria provided, multiple submitters, no conflicts							
NM_000038.6(APC):c.8280C>T (p.Thr2760=)	APC		Hereditary cancer-predisposing syndrome|Familial adenomatous polyposis 1	VCV000490375	5	112179571	5	112843874	490375	483980	rs1554089045	NC_000005.10:112843873:C:T	single nucleotide variant	synonymous variant	Benign/Likely benign	Nov 23, 2024	criteria provided, multiple submitters, no conflicts							
NM_000038.6(APC):c.8283A>T (p.Pro2761=)	APC		Hereditary cancer-predisposing syndrome|Familial adenomatous polyposis 1	VCV001120471	5	112179574	5	112843877	1120471	1115203	rs1393043478	NC_000005.10:112843876:A:T	single nucleotide variant	synonymous variant	Benign/Likely benign	Oct 6, 2025	criteria provided, multiple submitters, no conflicts							
NM_000038.6(APC):c.8283A>G (p.Pro2761=)	APC		Hereditary cancer-predisposing syndrome|Familial adenomatous polyposis 1	VCV001096715	5	112179574	5	112843877	1096715	1072074	rs1393043478	NC_000005.10:112843876:A:G	single nucleotide variant	synonymous variant	Benign/Likely benign	Jul 9, 2025	criteria provided, multiple submitters, no conflicts							
NM_000038.6(APC):c.8292T>C (p.Ser2764=)	APC		Hereditary cancer-predisposing syndrome|Familial adenomatous polyposis 1	VCV001762775	5	112179583	5	112843886	1762775	1817173	rs2533857770	NC_000005.10:112843885:T:C	single nucleotide variant	synonymous variant|non-coding transcript variant	Benign/Likely benign	Jan 13, 2026	criteria provided, multiple submitters, no conflicts							
NM_000038.6(APC):c.8295C>T (p.Ser2765=)	APC		Hereditary cancer-predisposing syndrome|Familial adenomatous polyposis 1	VCV001762779	5	112179586	5	112843889	1762779	1817177	rs2150002701	NC_000005.10:112843888:C:T	single nucleotide variant	synonymous variant|non-coding transcript variant	Benign/Likely benign	Apr 15, 2024	criteria provided, multiple submitters, no conflicts							
NM_000038.6(APC):c.8301A>C (p.Ser2767=)	APC		Classic or attenuated familial adenomatous polyposis|Hereditary cancer-predisposing syndrome|Familial adenomatous polyposis 1	VCV002021193	5	112179592	5	112843895	2021193	2086796	rs2150002792	NC_000005.10:112843894:A:C	single nucleotide variant	synonymous variant|non-coding transcript variant	Benign/Likely benign	Sep 18, 2024	criteria provided, multiple submitters, no conflicts							
NM_000038.6(APC):c.8310C>T (p.His2770=)	APC		Familial adenomatous polyposis 1	VCV003254413	5	112179601	5	112843904	3254413	3413192	rs200160084	NC_000005.10:112843903:C:T	single nucleotide variant	synonymous variant|non-coding transcript variant	Benign/Likely benign	Dec 5, 2025	criteria provided, multiple submitters, no conflicts							
NM_000038.6(APC):c.8316A>G (p.Ser2772=)	APC		Hereditary cancer-predisposing syndrome|Familial adenomatous polyposis 1|Classic or attenuated familial adenomatous polyposis|not specified	VCV000470137	5	112179607	5	112843910	470137	454288	rs1554089062	NC_000005.10:112843909:A:G	single nucleotide variant	synonymous variant	Benign/Likely benign	Jan 26, 2026	criteria provided, multiple submitters, no conflicts							
NM_000038.6(APC):c.8319T>G (p.Pro2773=)	APC		Familial adenomatous polyposis 1|Hereditary cancer-predisposing syndrome|not specified	VCV000132711	5	112179610	5	112843913	132711	136459	rs587780539	NC_000005.10:112843912:T:G	single nucleotide variant	synonymous variant	Benign/Likely benign	Oct 14, 2025	criteria provided, multiple submitters, no conflicts							
NM_000038.6(APC):c.8325G>C (p.Gly2775=)	APC		Familial adenomatous polyposis 1	VCV003254217	5	112179616	5	112843919	3254217	3412996	rs770719841	NC_000005.10:112843918:G:C	single nucleotide variant	synonymous variant|non-coding transcript variant	Benign	Apr 15, 2024	criteria provided, single submitter							
NM_000038.6(APC):c.8325G>A (p.Gly2775=)	APC		APC-related disorder|Classic or attenuated familial adenomatous polyposis|Hereditary cancer-predisposing syndrome|not specified|not provided|Familial adenomatous polyposis 1	VCV000215573	5	112179616	5	112843919	215573	212459	rs770719841	NC_000005.10:112843918:G:A	single nucleotide variant	synonymous variant	Benign/Likely benign	Feb 20, 2026	criteria provided, multiple submitters, no conflicts							
NM_000038.6(APC):c.8328T>C (p.Thr2776=)	APC		Familial adenomatous polyposis 1	VCV002163420	5	112179619	5	112843922	2163420	1887904	rs776639348	NC_000005.10:112843921:T:C	single nucleotide variant	synonymous variant|non-coding transcript variant	Benign/Likely benign	Jul 31, 2025	criteria provided, multiple submitters, no conflicts							
NM_000038.6(APC):c.8328T>A (p.Thr2776=)	APC		Hereditary cancer-predisposing syndrome|Familial adenomatous polyposis 1	VCV001762945	5	112179619	5	112843922	1762945	1814038	rs776639348	NC_000005.10:112843921:T:A	single nucleotide variant	synonymous variant|non-coding transcript variant	Benign/Likely benign	Apr 15, 2024	criteria provided, multiple submitters, no conflicts							
NM_000038.6(APC):c.8346T>G (p.Thr2782=)	APC		Hereditary cancer-predisposing syndrome|Classic or attenuated familial adenomatous polyposis|Familial adenomatous polyposis 1	VCV000630962	5	112179637	5	112843940	630962	617279	rs1561622483	NC_000005.10:112843939:T:G	single nucleotide variant	synonymous variant	Benign/Likely benign	Apr 15, 2024	criteria provided, multiple submitters, no conflicts							
NM_000038.6(APC):c.8349T>G (p.Pro2783=)	APC		Hereditary cancer-predisposing syndrome|Familial adenomatous polyposis 1	VCV000470140	5	112179640	5	112843943	470140	454937	rs1468974374	NC_000005.10:112843942:T:G	single nucleotide variant	synonymous variant	Benign/Likely benign	Apr 12, 2026	criteria provided, multiple submitters, no conflicts							
NM_000038.6(APC):c.8355T>C (p.Asn2785=)	APC		Familial adenomatous polyposis 1	VCV003254149	5	112179646	5	112843949	3254149	3412928	rs2150003843	NC_000005.10:112843948:T:C	single nucleotide variant	synonymous variant|non-coding transcript variant	Benign	Apr 15, 2024	criteria provided, single submitter							
NM_000038.6(APC):c.8361C>T (p.Asn2787=)	APC		Hereditary cancer-predisposing syndrome|Familial adenomatous polyposis 1	VCV003254012	5	112179652	5	112843955	3254012	3412793	rs2150003975	NC_000005.10:112843954:C:T	single nucleotide variant	synonymous variant|non-coding transcript variant	Benign/Likely benign	Feb 6, 2025	criteria provided, multiple submitters, no conflicts							
NM_000038.6(APC):c.8364A>G (p.Pro2788=)	APC		Familial adenomatous polyposis 1	VCV003254480	5	112179655	5	112843958	3254480	3413258	rs2150004050	NC_000005.10:112843957:A:G	single nucleotide variant	synonymous variant|non-coding transcript variant	Benign	Apr 15, 2024	criteria provided, single submitter							
NM_000038.6(APC):c.8367C>T (p.Ser2789=)	APC		Hereditary cancer-predisposing syndrome|Familial adenomatous polyposis 1	VCV000184457	5	112179658	5	112843961	184457	182490	rs786201474	NC_000005.10:112843960:C:T	single nucleotide variant	synonymous variant	Benign/Likely benign	Apr 15, 2024	criteria provided, multiple submitters, no conflicts							
NM_000038.6(APC):c.8370T>C (p.Pro2790=)	APC		Familial adenomatous polyposis 1	VCV003253805	5	112179661	5	112843964	3253805	3412586	rs2150004153	NC_000005.10:112843963:T:C	single nucleotide variant	synonymous variant|non-coding transcript variant	Benign	Apr 15, 2024	criteria provided, single submitter							
NM_000038.6(APC):c.8373G>A (p.Arg2791=)	APC		Hereditary cancer-predisposing syndrome|not specified|Familial adenomatous polyposis 1	VCV000506929	5	112179664	5	112843967	506929	500935	rs1554089081	NC_000005.10:112843966:G:A	single nucleotide variant	synonymous variant	Benign/Likely benign	Apr 15, 2024	criteria provided, multiple submitters, no conflicts							
NM_000038.6(APC):c.8376A>G (p.Lys2792=)	APC		Familial adenomatous polyposis 1	VCV003253784	5	112179667	5	112843970	3253784	3412565	rs1766725841	NC_000005.10:112843969:A:G	single nucleotide variant	synonymous variant|non-coding transcript variant	Benign/Likely benign	Dec 9, 2025	criteria provided, multiple submitters, no conflicts							
NM_000038.6(APC):c.8382C>T (p.Ser2794=)	APC		Classic or attenuated familial adenomatous polyposis|Hereditary cancer-predisposing syndrome|not specified|Familial adenomatous polyposis 1|not provided	VCV000386766	5	112179673	5	112843976	386766	368194	rs762190393	NC_000005.10:112843975:C:T	single nucleotide variant	synonymous variant	Benign/Likely benign	Nov 25, 2025	criteria provided, multiple submitters, no conflicts							
NM_000038.6(APC):c.8385A>G (p.Ala2795=)	APC		Hereditary cancer-predisposing syndrome|Familial adenomatous polyposis 1	VCV000927802	5	112179676	5	112843979	927802	910151	rs1766728712	NC_000005.10:112843978:A:G	single nucleotide variant	synonymous variant	Benign/Likely benign	Sep 24, 2025	criteria provided, multiple submitters, no conflicts							
NM_000038.6(APC):c.8397A>G (p.Ser2799=)	APC		Familial adenomatous polyposis 1|Hereditary cancer-predisposing syndrome	VCV001158202	5	112179688	5	112843991	1158202	1136147	rs2150004626	NC_000005.10:112843990:A:G	single nucleotide variant	synonymous variant	Benign/Likely benign	May 10, 2024	criteria provided, multiple submitters, no conflicts							
NM_000038.6(APC):c.8400T>G (p.Ala2800=)	APC		not specified|Hereditary cancer-predisposing syndrome|Familial adenomatous polyposis 1	VCV000507131	5	112179691	5	112843994	507131	501100	rs1554089109	NC_000005.10:112843993:T:G	single nucleotide variant	synonymous variant	Benign/Likely benign	Apr 15, 2024	criteria provided, multiple submitters, no conflicts							
NM_000038.6(APC):c.8406A>G (p.Pro2802=)	APC		Familial adenomatous polyposis 1|Classic or attenuated familial adenomatous polyposis|Hereditary cancer-predisposing syndrome	VCV000416767	5	112179697	5	112844000	416767	394549	rs1060504895	NC_000005.10:112843999:A:G	single nucleotide variant	synonymous variant	Benign/Likely benign	Dec 13, 2025	criteria provided, multiple submitters, no conflicts							
NM_000038.6(APC):c.8415C>T (p.Ile2805=)	APC		Familial adenomatous polyposis 1|Classic or attenuated familial adenomatous polyposis	VCV003254006	5	112179706	5	112844009	3254006	3412787	rs2150004945	NC_000005.10:112844008:C:T	single nucleotide variant	synonymous variant|non-coding transcript variant	Benign/Likely benign	Jul 29, 2024	criteria provided, multiple submitters, no conflicts							
NM_000038.6(APC):c.8430T>C (p.Asn2810=)	APC		Hereditary cancer-predisposing syndrome|not specified|Familial adenomatous polyposis 1	VCV000385938	5	112179721	5	112844024	385938	368196	rs1057522374	NC_000005.10:112844023:T:C	single nucleotide variant	synonymous variant	Benign/Likely benign	Mar 11, 2025	criteria provided, multiple submitters, no conflicts							
NM_000038.6(APC):c.8433C>T (p.Asn2811=)	APC		Classic or attenuated familial adenomatous polyposis|Hereditary cancer-predisposing syndrome|not specified|Familial adenomatous polyposis 1	VCV000219781	5	112179724	5	112844027	219781	221549	rs864622247	NC_000005.10:112844026:C:T	single nucleotide variant	synonymous variant	Benign/Likely benign	Oct 7, 2025	criteria provided, multiple submitters, no conflicts							
NM_000038.6(APC):c.8436C>T (p.Asn2812=)	APC		Hereditary cancer-predisposing syndrome|Familial adenomatous polyposis 1	VCV000537592	5	112179727	5	112844030	537592	520641	rs750971628	NC_000005.10:112844029:C:T	single nucleotide variant	synonymous variant	Benign/Likely benign	Apr 15, 2024	criteria provided, multiple submitters, no conflicts							
NM_000038.6(APC):c.8439A>G (p.Thr2813=)	APC		Hereditary cancer-predisposing syndrome|Classic or attenuated familial adenomatous polyposis|Familial adenomatous polyposis 1	VCV001140383	5	112179730	5	112844033	1140383	1115204	rs864622211	NC_000005.10:112844032:A:G	single nucleotide variant	synonymous variant	Benign/Likely benign	Apr 15, 2024	criteria provided, multiple submitters, no conflicts							
NM_000038.6(APC):c.8439A>C (p.Thr2813=)	APC		Hereditary cancer-predisposing syndrome|Familial adenomatous polyposis 1	VCV000219694	5	112179730	5	112844033	219694	221550	rs864622211	NC_000005.10:112844032:A:C	single nucleotide variant	synonymous variant	Benign/Likely benign	Apr 15, 2024	criteria provided, multiple submitters, no conflicts							
NM_000038.6(APC):c.8442G>A (p.Lys2814=)	APC		Familial adenomatous polyposis 1|Hereditary cancer-predisposing syndrome	VCV001146310	5	112179733	5	112844036	1146310	1136148	rs1267993620	NC_000005.10:112844035:G:A	single nucleotide variant	synonymous variant	Benign/Likely benign	Aug 17, 2025	criteria provided, multiple submitters, no conflicts							
NM_000038.6(APC):c.8445G>A (p.Lys2815=)	APC		Familial adenomatous polyposis 1	VCV003253747	5	112179736	5	112844039	3253747	3412528	rs1554089157	NC_000005.10:112844038:G:A	single nucleotide variant	synonymous variant|non-coding transcript variant	Benign	Apr 16, 2024	criteria provided, single submitter							
NM_000038.6(APC):c.8448A>G (p.Arg2816=)	APC		Familial adenomatous polyposis 1	VCV001108417	5	112179739	5	112844042	1108417	1093664	rs1580693799	NC_000005.10:112844041:A:G	single nucleotide variant	synonymous variant	Benign/Likely benign	Dec 17, 2025	criteria provided, multiple submitters, no conflicts							
NM_000038.6(APC):c.8448A>C (p.Arg2816=)	APC		Familial adenomatous polyposis 1|Hereditary cancer-predisposing syndrome	VCV000822426	5	112179739	5	112844042	822426	808297	rs1580693799	NC_000005.10:112844041:A:C	single nucleotide variant	synonymous variant	Benign/Likely benign	Apr 16, 2024	criteria provided, multiple submitters, no conflicts							
NM_000038.6(APC):c.8460T>C (p.Thr2820=)	APC		Familial adenomatous polyposis 1	VCV003253893	5	112179751	5	112844054	3253893	3412674	rs2150005790	NC_000005.10:112844053:T:C	single nucleotide variant	synonymous variant|non-coding transcript variant	Benign	Apr 16, 2024	criteria provided, single submitter							
NM_000038.6(APC):c.8463C>T (p.Asp2821=)	APC		Hereditary cancer-predisposing syndrome|not provided|Familial adenomatous polyposis 1	VCV001763470	5	112179754	5	112844057	1763470	1824194	rs2150005832	NC_000005.10:112844056:C:T	single nucleotide variant	synonymous variant|non-coding transcript variant	Benign/Likely benign	Aug 22, 2025	criteria provided, multiple submitters, no conflicts							
NM_000038.6(APC):c.8469A>G (p.Thr2823=)	APC		Hereditary cancer-predisposing syndrome|Familial adenomatous polyposis 1	VCV002134719	5	112179760	5	112844063	2134719	2192276	rs2150005928	NC_000005.10:112844062:A:G	single nucleotide variant	synonymous variant|non-coding transcript variant	Benign/Likely benign	Apr 16, 2024	criteria provided, multiple submitters, no conflicts							
NM_000038.6(APC):c.8472A>G (p.Glu2824=)	APC		Hereditary cancer-predisposing syndrome|Familial adenomatous polyposis 1	VCV001104564	5	112179763	5	112844066	1104564	1093665	rs904461634	NC_000005.10:112844065:A:G	single nucleotide variant	synonymous variant	Benign/Likely benign	Oct 16, 2025	criteria provided, multiple submitters, no conflicts							
NM_000038.6(APC):c.8475C>T (p.Ser2825=)	APC		Hereditary cancer-predisposing syndrome|Familial adenomatous polyposis 1	VCV001147965	5	112179766	5	112844069	1147965	1136149	rs2150006013	NC_000005.10:112844068:C:T	single nucleotide variant	synonymous variant	Benign/Likely benign	Apr 18, 2025	criteria provided, multiple submitters, no conflicts							
NM_000038.6(APC):c.8481A>G (p.Gly2827=)	APC		Hereditary cancer-predisposing syndrome|not specified|Familial adenomatous polyposis 1	VCV000482474	5	112179772	5	112844075	482474	474023	rs1554089192	NC_000005.10:112844074:A:G	single nucleotide variant	synonymous variant	Benign/Likely benign	Mar 4, 2025	criteria provided, multiple submitters, no conflicts							
NM_000038.6(APC):c.8484C>G (p.Thr2828=)	APC		Familial adenomatous polyposis 1	VCV000220319	5	112179775	5	112844078	220319	221551	rs864622473	NC_000005.10:112844077:C:G	single nucleotide variant	synonymous variant	Benign/Likely benign	Apr 16, 2024	criteria provided, multiple submitters, no conflicts							
NM_000038.6(APC):c.8487A>G (p.Gln2829=)	APC		Hereditary cancer-predisposing syndrome|Familial adenomatous polyposis 1	VCV001129467	5	112179778	5	112844081	1129467	1115205	rs1766760123	NC_000005.10:112844080:A:G	single nucleotide variant	synonymous variant	Benign/Likely benign	Apr 16, 2024	criteria provided, multiple submitters, no conflicts							
NM_000038.6(APC):c.8490T>C (p.Ser2830=)	APC		Familial adenomatous polyposis 1|Hereditary cancer-predisposing syndrome	VCV000490376	5	112179781	5	112844084	490376	483937	rs1554089197	NC_000005.10:112844083:T:C	single nucleotide variant	synonymous variant	Benign/Likely benign	Apr 16, 2024	criteria provided, multiple submitters, no conflicts							
NM_000038.6(APC):c.8493T>C (p.Pro2831=)	APC		Hereditary cancer-predisposing syndrome|Familial adenomatous polyposis 1	VCV001091885	5	112179784	5	112844087	1091885	1072075	rs2150006377	NC_000005.10:112844086:T:C	single nucleotide variant	synonymous variant	Benign/Likely benign	Jun 8, 2024	criteria provided, multiple submitters, no conflicts							
NM_000038.6(APC):c.8499C>T (p.Arg2833=)	APC		Familial adenomatous polyposis 1	VCV003254533	5	112179790	5	112844093	3254533	3413311	rs757921527	NC_000005.10:112844092:C:T	single nucleotide variant	synonymous variant|non-coding transcript variant	Benign	Apr 16, 2024	criteria provided, single submitter							
NM_000038.6(APC):c.8499C>A (p.Arg2833=)	APC		Hereditary cancer-predisposing syndrome|Familial adenomatous polyposis 1	VCV003254521	5	112179790	5	112844093	3254521	3413299	rs757921527	NC_000005.10:112844092:C:A	single nucleotide variant	synonymous variant|non-coding transcript variant	Benign/Likely benign	Mar 3, 2025	criteria provided, multiple submitters, no conflicts							
NM_000038.6(APC):c.8499C>G (p.Arg2833=)	APC		not provided|Hereditary cancer-predisposing syndrome|Familial adenomatous polyposis 1|Classic or attenuated familial adenomatous polyposis	VCV000232290	5	112179790	5	112844093	232290	233226	rs757921527	NC_000005.10:112844092:C:G	single nucleotide variant	synonymous variant	Benign/Likely benign	Jan 18, 2026	criteria provided, multiple submitters, no conflicts							
NM_000038.6(APC):c.8505T>A (p.Ser2835=)	APC		Familial adenomatous polyposis 1	VCV003254181	5	112179796	5	112844099	3254181	3412960	rs2533872902	NC_000005.10:112844098:T:A	single nucleotide variant	synonymous variant|non-coding transcript variant	Benign	Apr 16, 2024	criteria provided, single submitter							
NM_000038.6(APC):c.8508G>A (p.Gly2836=)	APC		Hereditary cancer-predisposing syndrome|Familial adenomatous polyposis 1	VCV001332559	5	112179799	5	112844102	1332559	1323277	rs878853479	NC_000005.10:112844101:G:A	single nucleotide variant	synonymous variant	Benign/Likely benign	Dec 14, 2025	criteria provided, multiple submitters, no conflicts							
NM_000038.6(APC):c.8508G>T (p.Gly2836=)	APC		Hereditary cancer-predisposing syndrome|not specified|Familial adenomatous polyposis 1	VCV000236659	5	112179799	5	112844102	236659	239622	rs878853479	NC_000005.10:112844101:G:T	single nucleotide variant	synonymous variant	Benign/Likely benign	Dec 12, 2024	criteria provided, multiple submitters, no conflicts							
NM_000038.6(APC):c.8511T>C (p.Ser2837=)	APC		Hereditary cancer-predisposing syndrome|not provided|Classic or attenuated familial adenomatous polyposis|Familial adenomatous polyposis 1	VCV000482261	5	112179802	5	112844105	482261	473955	rs1010623341	NC_000005.10:112844104:T:C	single nucleotide variant	synonymous variant	Benign/Likely benign	Oct 9, 2025	criteria provided, multiple submitters, no conflicts							
NM_000038.6(APC):c.8514C>T (p.Tyr2838=)	APC		Familial adenomatous polyposis 1	VCV003253972	5	112179805	5	112844108	3253972	3412753	rs876660375	NC_000005.10:112844107:C:T	single nucleotide variant	synonymous variant|non-coding transcript variant	Benign	Apr 16, 2024	criteria provided, single submitter							
NM_000038.6(APC):c.8517T>C (p.Leu2839=)	APC		Familial adenomatous polyposis 1|Hereditary cancer-predisposing syndrome	VCV001552857	5	112179808	5	112844111	1552857	1639462	rs1276286382	NC_000005.10:112844110:T:C	single nucleotide variant	synonymous variant	Benign/Likely benign	Aug 10, 2024	criteria provided, multiple submitters, no conflicts							
NM_000038.6(APC):c.8520G>C (p.Val2840=)	APC		not provided|Classic or attenuated familial adenomatous polyposis|Hereditary cancer-predisposing syndrome|Familial adenomatous polyposis 1	VCV000822526	5	112179811	5	112844114	822526	808302	rs1580694505	NC_000005.10:112844113:G:C	single nucleotide variant	synonymous variant	Benign/Likely benign	Apr 1, 2026	criteria provided, multiple submitters, no conflicts							
NM_000038.6(APC):c.8523A>T (p.Thr2841=)	APC		Hereditary cancer-predisposing syndrome|Familial adenomatous polyposis 1	VCV001172034	5	112179814	5	112844117	1172034	1160597	rs753003333	NC_000005.10:112844116:A:T	single nucleotide variant	synonymous variant	Benign/Likely benign	Apr 16, 2024	criteria provided, multiple submitters, no conflicts							
NM_000038.6(APC):c.8523A>G (p.Thr2841=)	APC		Hereditary cancer-predisposing syndrome|Familial adenomatous polyposis 1	VCV000416750	5	112179814	5	112844117	416750	394492	rs753003333	NC_000005.10:112844116:A:G	single nucleotide variant	synonymous variant	Benign/Likely benign	Apr 16, 2024	criteria provided, multiple submitters, no conflicts							
NM_000038.6(APC):c.8526T>A (p.Ser2842=)	APC		Familial adenomatous polyposis 1	VCV003254166	5	112179817	5	112844120	3254166	3412945	rs1766771863	NC_000005.10:112844119:T:A	single nucleotide variant	synonymous variant|non-coding transcript variant	Benign	Apr 16, 2024	criteria provided, single submitter							
NM_000038.6(APC):c.8529T>A (p.Val2843=)	APC		Familial adenomatous polyposis 1	VCV003254237	5	112179820	5	112844123	3254237	3413016	rs2533874526	NC_000005.10:112844122:T:A	single nucleotide variant	synonymous variant|non-coding transcript variant	Benign/Likely benign	Feb 4, 2025	criteria provided, multiple submitters, no conflicts							
NM_000038.6(APC):c.8529T>G (p.Val2843=)	APC		Familial adenomatous polyposis 1	VCV003254228	5	112179820	5	112844123	3254228	3413007	rs2533874526	NC_000005.10:112844122:T:G	single nucleotide variant	synonymous variant|non-coding transcript variant	Benign	Apr 16, 2024	criteria provided, single submitter							
NM_000038.6(APC):c.8530T>C (p.Ter2844Gln)	APC		Hereditary cancer-predisposing syndrome	VCV003881072	5	112179821	5	112844124	3881072	3998128		NC_000005.10:112844123:T:C	single nucleotide variant	stop lost|non-coding transcript variant	Pathogenic	Apr 23, 2026	criteria provided, single submitter							
NM_000038.6(APC):c.8531A>G (p.Ter2844=)	APC		Hereditary cancer-predisposing syndrome|Familial adenomatous polyposis 1	VCV000627912	5	112179822	5	112844125	627912	617286	rs1021733635	NC_000005.10:112844124:A:G	single nucleotide variant	synonymous variant	Benign/Likely benign	Apr 16, 2024	criteria provided, multiple submitters, no conflicts							
NM_000038.6(APC):c.*7G>C	APC		Familial adenomatous polyposis 1	VCV003378914	5	112179830	5	112844133	3378914	3538093		NC_000005.10:112844132:G:C	single nucleotide variant	3 prime UTR variant|non-coding transcript variant	Benign	Sep 30, 2024	criteria provided, single submitter							
NM_000038.6(APC):c.*9A>C	APC		Familial adenomatous polyposis 1	VCV003379007	5	112179832	5	112844135	3379007	3538186		NC_000005.10:112844134:A:C	single nucleotide variant	3 prime UTR variant|non-coding transcript variant	Benign	Sep 30, 2024	criteria provided, single submitter							
NM_000038.6(APC):c.*10A>C	APC		Familial adenomatous polyposis 1	VCV003378832	5	112179833	5	112844136	3378832	3538011		NC_000005.10:112844135:A:C	single nucleotide variant	3 prime UTR variant|non-coding transcript variant	Benign	Sep 30, 2024	criteria provided, single submitter							
NM_000038.6(APC):c.*86C>A	APC		APC-Associated Polyposis Disorders|Familial adenomatous polyposis 1|Hereditary cancer-predisposing syndrome|not specified|not provided	VCV000083252	5	112179909	5	112844212	83252	94143	rs1804197	NC_000005.10:112844211:C:A	single nucleotide variant	3 prime UTR variant	Benign	Jan 26, 2026	criteria provided, multiple submitters, no conflicts							
NM_000038.6(APC):c.*248A>G	APC		APC-Associated Polyposis Disorders|Hereditary cancer-predisposing syndrome|not provided|Familial adenomatous polyposis 1	VCV000220856	5	112180071	5	112844374	220856	221552	rs186777258	NC_000005.10:112844373:A:G	single nucleotide variant	3 prime UTR variant	Benign	Jun 1, 2026	criteria provided, multiple submitters, no conflicts							
NM_000038.6(APC):c.*266C>A	APC		APC-Associated Polyposis Disorders	VCV000350428	5	112180089	5	112844392	350428	296702	rs191347307	NC_000005.10:112844391:C:A	single nucleotide variant	3 prime UTR variant	Benign	Jan 13, 2018	criteria provided, single submitter							
NM_000038.6(APC):c.*434C>T	APC		APC-Associated Polyposis Disorders	VCV000083257	5	112180257	5	112844560	83257	94148	rs12189	NC_000005.10:112844559:C:T	single nucleotide variant	3 prime UTR variant	Benign	Jan 12, 2018	criteria provided, single submitter							
NM_000038.6(APC):c.*655G>T	APC		APC-Associated Polyposis Disorders	VCV000904161	5	112180478	5	112844781	904161	892639	rs114463799	NC_000005.10:112844780:G:T	single nucleotide variant	3 prime UTR variant	Benign	Jan 12, 2018	criteria provided, single submitter							
NM_000038.6(APC):c.*1050T>C	APC		APC-Associated Polyposis Disorders	VCV000350439	5	112180873	5	112845176	350439	296713	rs17135042	NC_000005.10:112845175:T:C	single nucleotide variant	3 prime UTR variant	Benign	Jan 12, 2018	criteria provided, single submitter							
NM_000038.6(APC):c.*1098T>C	APC		APC-Associated Polyposis Disorders	VCV000083260	5	112180921	5	112845224	83260	94151	rs41116	NC_000005.10:112845223:T:C	single nucleotide variant	3 prime UTR variant	Benign	Jan 12, 2018	criteria provided, single submitter							
NM_000038.6(APC):c.*1164G>A	APC		APC-Associated Polyposis Disorders	VCV000350441	5	112180987	5	112845290	350441	300447	rs576186544	NC_000005.10:112845289:G:A	single nucleotide variant	3 prime UTR variant	Benign	Jan 13, 2018	criteria provided, single submitter							
NM_000038.6(APC):c.*1203A>C	APC		APC-Associated Polyposis Disorders	VCV000350442	5	112181026	5	112845329	350442	300453	rs6594650	NC_000005.10:112845328:A:C	single nucleotide variant	3 prime UTR variant	Benign	Jan 12, 2018	criteria provided, single submitter							
NM_000038.6(APC):c.*1460C>T	APC		APC-Associated Polyposis Disorders	VCV000083261	5	112181283	5	112845586	83261	94152	rs3733961	NC_000005.10:112845585:C:T	single nucleotide variant	3 prime UTR variant	Benign	Jan 13, 2018	criteria provided, single submitter							
NM_000038.6(APC):c.*1556C>G	APC		APC-Associated Polyposis Disorders	VCV000083262	5	112181379	5	112845682	83262	94153	rs448475	NC_000005.10:112845681:C:G	single nucleotide variant	3 prime UTR variant	Benign	Jan 13, 2018	criteria provided, single submitter							
NM_000038.6(APC):c.*1753G>A	APC		APC-Associated Polyposis Disorders	VCV000083263	5	112181576	5	112845879	83263	94154	rs397768	NC_000005.10:112845878:G:A	single nucleotide variant	3 prime UTR variant	Benign	Jan 12, 2018	criteria provided, single submitter							
NM_000038.6(APC):c.*1918G>C	APC		APC-Associated Polyposis Disorders	VCV000907549	5	112181741	5	112846044	907549	892643	rs185342287	NC_000005.10:112846043:G:C	single nucleotide variant	3 prime UTR variant	Benign	Jan 13, 2018	criteria provided, single submitter							
NM_000038.6(APC):c.*2005T>G	APC		APC-Associated Polyposis Disorders	VCV000350455	5	112181828	5	112846131	350455	300468	rs559244186	NC_000005.10:112846130:T:G	single nucleotide variant	3 prime UTR variant	Benign	Jan 12, 2018	criteria provided, single submitter							
